id,name,department,galleryImageCount,requiredImageCount,missingImageCount,status,reason
"gh-apple-iphone-17-256gb-black-1sim","Apple iPhone 17 256GB Black — 1 SIM + eSIM","phones","3","5","2","verified_multiple","3 suitable source photographs have been verified; five distinct exact-product images are required."
"gh-apple-iphone-17-pro-256gb-deep-blue-1sim","Apple iPhone 17 Pro 256GB Deep Blue — 1 SIM + eSIM","phones","0","5","5","configuration_mismatch","Telefonika reuses image URLs across iPhone 17 Pro and Pro Max. The exact size cannot be independently verified from these shared retailer photographs. Exact-model photos are withheld pending a suitable source."
"gh-apple-iphone-17-pro-max-256gb-deep-blue-1sim","Apple iPhone 17 Pro Max 256GB Deep Blue — 1 SIM + eSIM","phones","0","5","5","configuration_mismatch","Telefonika reuses image URLs across iPhone 17 Pro and Pro Max. The exact size cannot be independently verified from these shared retailer photographs. Exact-model photos are withheld pending a suitable source."
"gh-apple-macbook-pro-m5-14-16gb-1tb-black","Apple MacBook Pro 14-inch M5 16GB/1TB Space Black — MDE14LL/A","computers-tablets","2","5","3","verified_multiple","Two verified views: Telefonika exact MDE14LL/A front and Lantre exact MDE14 US keyboard. Remaining retailer gallery entries were generic chip/promotion graphics, duplicate front compositions, or a silver laptop; excluded."
"gh-hp-250r-g10-core3-100u-8gb-512gb","HP 250R G10 Core 3 100U 8GB/512GB 15.6-inch — Bag, Mouse & Headset Bundle","computers-tablets","4","5","1","verified_multiple","4 suitable source photographs have been verified; five distinct exact-product images are required."
"gh-dell-pro-15-essential-pv15250","Dell Pro 15 Essential PV15250 Core 3 100U 8GB/512GB 15.6-inch — Bag, Mouse & Headset Bundle","computers-tablets","4","5","1","verified_multiple","4 suitable source photographs have been verified; five distinct exact-product images are required."
"gh-lg-50ua85006la","LG 50UA85006LA 50-inch UHD 4K AI ThinQ TV","tv-home-theatre","3","5","2","verified_multiple","3 suitable source photographs have been verified; five distinct exact-product images are required."
"gh-lg-43ur73006la","LG 43UR73006LA 43-inch UHD 4K Smart Satellite TV","tv-home-theatre","3","5","2","verified_multiple","3 suitable source photographs have been verified; five distinct exact-product images are required."
"gh-tcl-65c6k","TCL 65C6K 65-inch QD-Mini LED 4K Smart TV","tv-home-theatre","4","5","1","verified_multiple","4 suitable source photographs have been verified; five distinct exact-product images are required."
"gh-nasco-nas-07-tw","NASCO NAS-07-TW 7kg Washing Machine — White","major-appliances","3","5","2","verified_multiple","3 suitable source photographs have been verified; five distinct exact-product images are required."
"gh-lg-mh8265dis","LG MH8265DIS NeoChef 42L Microwave — Smart Inverter & Grill","major-appliances","3","5","2","verified_multiple","3 suitable source photographs have been verified; five distinct exact-product images are required."
"gh-sencor-srm-1000ss","Sencor SRM 1000SS 1L 400W Rice Cooker — Stainless Steel","major-appliances","1","5","4","source_limited","CompuGhana exact product JSON exposes one image. Official Sencor pages returned HTTP 403; no extra photo verified."
"official-google-pixel-11-pro-xl","Pixel 11 Pro XL","phones","1","5","4","source_limited","Only existing official Pro-family image is verified; manufacturer caption expressly includes Pro and Pro XL. Additional store imagery was captioned Pixel 11 Pro without proof of XL size, so it was excluded from XL."
"official-microsoft-xbox-series-x","Xbox Series X","gaming","4","5","1","verified_multiple","4 suitable source photographs have been verified; five distinct exact-product images are required."
"official-nintendo-switch-2-zelda-40","Nintendo Switch 2 – The Legend of Zelda – 40th Anniversary Edition","gaming","1","5","4","source_limited","Official announcement exposes one console photo. Photos 2 and 3 are separately sold controller/carrying case accessories, not additional console photos, and were excluded."
"bbca-19801994","Samsung Galaxy Tab A11 (X133) 8.7"" 64GB Wi-Fi Only Tablet - (Gray)","computers-tablets","2","5","3","source_limited","2 suitable source photographs have been verified; five distinct exact-product images are required."
"bbca-19815781","Samsung Galaxy Tab A11, 22.05 cm (8.7 inch) 4 GB RAM, 64 GB Storage, Wi-Fi + LTE Tablet | International Version (Gray)","computers-tablets","2","5","3","ok","2 suitable source photographs have been verified; five distinct exact-product images are required."
"bbca-19412341","Kobo Clara Colour 6"" Digital eReader with Touchscreen - White","computers-tablets","4","5","1","ok","4 suitable source photographs have been verified; five distinct exact-product images are required."
"bbca-16365917","Samsung Essential S3 32"" 1080p HD VA LED Monitor (LS32B304NWNXGO) - Flicker-Free/Blue Light - 75Hz - FreeSync","computers-tablets","3","5","2","ok","3 suitable source photographs have been verified; five distinct exact-product images are required."
"bbca-19281751","Dell Plus 27"" 4K UHD IPS LED Monitor (S2725QS) - 120Hz - HDR - FreeSync Premium - Ash White","computers-tablets","4","5","1","ok","4 suitable source photographs have been verified; five distinct exact-product images are required."
"bbca-19204183","Apple Smart Folio Case for iPad 11"" (A16) / iPad 10.9 (10th Gen) - Sky","computers-tablets","2","5","3","source_limited","2 suitable source photographs have been verified; five distinct exact-product images are required."
"bbca-19720275","Microsoft Microsoft 365 Personal + Norton 360 Standard (PC/Mac) - 1 User - 1 Device - Bilingual - Digital Download","computers-tablets","1","5","4","source_limited","Exact bundle/model searches did not verify another exact-product gallery. Software product source has one photo; generic Office screenshots and different bundles/editions were not substituted."
"bbca-19826441","Microsoft 365 Personal + NordVPN Basic VPN (PC/Mac/Android) - 1 User - 1 Device - Digital Download","computers-tablets","1","5","4","source_limited","Exact bundle/model searches did not verify another exact-product gallery. Software product source has one photo; generic Office screenshots and different bundles/editions were not substituted."
"bbca-17923820","Microsoft Office 2021 Product Key - Home & Business Edition","computers-tablets","1","5","4","source_limited","Exact bundle/model searches did not verify another exact-product gallery. Software product source has one photo; generic Office screenshots and different bundles/editions were not substituted."
"bbca-17720784","Microsoft Office 2021 Home & Business Lifetime License for 1 device | MAC Only | Digital Download","computers-tablets","1","5","4","source_limited","Exact bundle/model searches did not verify another exact-product gallery. Software product source has one photo; generic Office screenshots and different bundles/editions were not substituted."
"bbca-17263628","Intel Core i7-14700K Processor","components-networking","2","5","3","verified_multiple","Accepted views visually inspected at full resolution or contact sheet; alternate correct-model angles/compositions, with duplicates and generic logos excluded."
"bbca-15800064","Intel Core i3-10105 4-Core Comet Lake Processor 3.70GHz 8GT-s 6MB LGA 1200 CPU Retail","components-networking","2","5","3","verified_multiple","Accepted views visually inspected at full resolution or contact sheet; alternate correct-model angles/compositions, with duplicates and generic logos excluded."
"bbca-19825266","Intel Core Ultra 7 270K Plus 24-Core 3.2GHz LGA 1851 Processor","components-networking","1","5","4","source_limited","Exact-model Newegg, AWD-IT and Currys pages expose one product view each. No second distinct view verified; original image retained."
"bbca-17811156","Intel Core i9-14900KS Tetracosa-Core 3.20GHz Processor","components-networking","1","5","4","source_limited","No second distinct correct-model product view verified. Original source image retained."
"bbca-17903490","Intel i5-14500 Core i5 Tetradeca-core (14 Core) i5-14500 Processor (BX8071514500)","components-networking","1","5","4","source_limited","No second distinct correct-model product view verified. Original source image retained."
"bbca-15978252","Intel CPU BX8070110105 i3-10105 BOX 4Cores/8Threads 3.7GHz 6M S1200 Retail","components-networking","2","5","3","verified_multiple","Accepted views visually inspected at full resolution or contact sheet; alternate correct-model angles/compositions, with duplicates and generic logos excluded."
"bbca-19843261","Brand New - Intel Core i9-13900K Processor - 24-Core, 32-Thread, 5.8GHz","components-networking","4","5","1","verified_multiple","Accepted views visually inspected at full resolution or contact sheet; alternate correct-model angles/compositions, with duplicates and generic logos excluded."
"bbca-19871432","Intel Core i9-14900KS Desktop Processor 24-Core (8 P-cores + 16 E-cores)","components-networking","1","5","4","source_limited","No second distinct correct-model product view verified. Original source image retained."
"bbca-17905138","Intel i5-14400 Core i5 Quad-core (4 Core) i5-14400 2.5 GHz Processor (BX8071514400)","components-networking","1","5","4","source_limited","1 suitable source photograph has been verified; five distinct exact-product images are required."
"bbca-17730248","Intel Core i5-14400F - Core i5 14th Gen Raptor Lake 10-Core (6P+4E) LGA 1700 65W None Integrated Graphics Processor - BX8071514400F","components-networking","3","5","2","ok","3 suitable source photographs have been verified; five distinct exact-product images are required."
"bbca-14680236","Intel Core i7-10700K 10th Gen 8-Core 16-Thread 3.8 GHz Unlocked Socket LGA 1200 Desktop Processor w/ Intel UHD Graphics 630","components-networking","1","5","4","source_limited","1 suitable source photograph has been verified; five distinct exact-product images are required."
"bbca-17760962","Intel i3-14100 Core i3 Quad-core (4 Core) i3-14100 3.5 GHz Processor (BX8071514100)","components-networking","3","5","2","ok","3 suitable source photographs have been verified; five distinct exact-product images are required."
"bbca-16398392","Intel Core i3-10105 - Core i3 10th Gen Comet Lake Quad-Core 3.7 GHz LGA 1200 65W Intel UHD Graphics 630 Desktop Processor - BX8070110105","components-networking","1","5","4","source_limited","1 suitable source photograph has been verified; five distinct exact-product images are required."
"bbca-19837082","GIGABYTE GeForce RTX 5080 16GB GDDR6X PCIe Gaming Graphics Card with DisplayPort for Desktop","components-networking","3","5","2","ok","3 suitable source photographs have been verified; five distinct exact-product images are required."
"bbca-B0019176","MSI GeForce RTX 5070 Shadow 2X OC 12GB GDDR7 Video Card & MAG A850GL 850W Fully Modular Power Supply","components-networking","1","5","4","source_limited","1 suitable source photograph has been verified; five distinct exact-product images are required."
"bbca-20171055","CORSAIR Vengeance 64GB (2 x 32GB) 288-Pin PC RAM DDR5 5600 (PC5 44800) Desktop Memory Model","components-networking","1","5","4","source_limited","1 suitable source photograph has been verified; five distinct exact-product images are required."
"bbca-20180919","CORSAIR Vengeance RGB 32GB (2 x 16GB) 288-Pin PC RAM DDR5 6400 (PC5 51200) Desktop Memory Model CMH32GX5M2N6400C36W","components-networking","1","5","4","source_limited","1 suitable source photograph has been verified; five distinct exact-product images are required."
"bbca-19894133","CORSAIR Vengeance RGB DDR5 32GB (2x16GB) 6000MHz Desktop Memory - White (CMH32GX5M2E6000Z36W)","components-networking","1","5","4","source_limited","1 suitable source photograph has been verified; five distinct exact-product images are required."
"bbca-19774883","Corsair Vengeance 16GB (2 x 8GB) DDR5 6000MHz Desktop Memory (CMK16GX5M2Y6000Z36)","components-networking","4","5","1","ok","4 suitable source photographs have been verified; five distinct exact-product images are required."
"bbca-17144387","Corsair Vengeance 64GB (2 x 32GB) DDR5 6400MHz Desktop Memory (CMK64GX5M2B6400C32)","components-networking","3","5","2","ok","3 suitable source photographs have been verified; five distinct exact-product images are required."
"bbca-19263136","Corsair Vengeance RGB 32GB (2 x 16GB) DDR5 6400MHz Desktop Memory (CMH32GX5M2B6400Z32)","components-networking","2","5","3","source_limited","2 suitable source photographs have been verified; five distinct exact-product images are required."
"bbca-19504344","MSI PRO B760M-P mATX Socket 1700 DDR5 Motherboard for 12/13/14th Gen Intel CPUs","components-networking","4","5","1","verified_multiple","4 suitable source photographs have been verified; five distinct exact-product images are required."
"bbca-17982264","Asus ROG Strix B650-A Gaming Wi-Fi 6E AM5 Motherboard for AMD Ryzen 7000 Series CPUs","components-networking","1","5","4","source_limited","1 suitable source photograph has been verified; five distinct exact-product images are required."
"bbca-16624802","Samsung 990 Pro 1TB NVMe PCI-e Internal Solid State Drive (MZ-V9P1T0B/AM) - English","components-networking","2","5","3","verified_multiple","2 suitable source photographs have been verified; five distinct exact-product images are required."
"bbca-18218228","Kingston NV3 1TB NVMe PCI-e Internal Solid State Drive (NV3)","components-networking","2","5","3","verified_multiple","2 suitable source photographs have been verified; five distinct exact-product images are required."
"bbca-19866223","Western Digital_Black 2TB SN7100 NVMe Internal Gaming SSD Solid State Drive , WDS200T4X0E","components-networking","3","5","2","verified_multiple","3 suitable source photographs have been verified; five distinct exact-product images are required."
"bbca-15142523","Kingston 960GB SATA III Internal Solid State Drive (SA400S37/960G)","components-networking","2","5","3","verified_multiple","2 suitable source photographs have been verified; five distinct exact-product images are required."
"bbca-16624805","Samsung 990 Pro 2TB NVMe PCI-e Internal Solid State Drive (MZ-V9P2T0B/AM) - English","components-networking","2","5","3","verified_multiple","2 suitable source photographs have been verified; five distinct exact-product images are required."
"bbca-19481755","Crucial SSD 1TB M.2 (2280) P310 NVMe PCIe Gen4 Internal","components-networking","1","5","4","source_limited","Same frontal SSD photo reused inside a speed infographic. Existing cover retained unless explicitly withheld."
"bbca-19871910","SanDisk Optimus GX 7100 500GB NVMe PCI-e Gen 4.0 Internal Solid State Drive (SDSP71500GAN-000E0)","components-networking","1","5","4","source_limited","The exact source record did not yield two validated distinct suitable product photographs. Existing cover retained."
"bbca-19946256","WAVLINK AX3000 WiFi6 Outdoor Access Point, Dual Band WiFi Router with 48V PoE, IP67 Weatherproof,15kV ESD protection, Wireless Router Supports MU-MIMO & Beamforming - White","components-networking","4","5","1","verified_multiple","4 suitable source photographs have been verified; five distinct exact-product images are required."
"bbca-19834019","D-Link R15 AX1500 Dual-Band Wi-Fi 6 Smart Router with Gigabit Ethernet, MU-MIMO & Beamforming - White","components-networking","1","5","4","source_limited","Generic Wi-Fi gaming promo card; listed router is not visible. Existing cover retained unless explicitly withheld."
"bbca-19193196","NETGEAR 4-Stream Wireless AX1800 Wi-Fi 6 Router (RAX9-100CNS)","components-networking","2","5","3","verified_multiple","2 suitable source photographs have been verified; five distinct exact-product images are required."
"bbca-19416120","TP-Link Wireless AX3000 Dual-Band Wi-Fi 6 Portable Travel Router (TL-WR3002X)","components-networking","2","5","3","verified_multiple","2 suitable source photographs have been verified; five distinct exact-product images are required."
"bbca-19714796","NETGEAR Nighthawk 5G M7 Mobile WiFi Hotspot Router with eSIM (MH7150-100PAS)","components-networking","2","5","3","verified_multiple","2 suitable source photographs have been verified; five distinct exact-product images are required."
"bbca-17699359","D-Link AC1900 High Power Gigabit Mesh Wi-Fi Router - DIR-1950","components-networking","2","5","3","verified_multiple","2 suitable source photographs have been verified; five distinct exact-product images are required."
"bbca-19388566","NETGEAR Wireless BE5000 Dual Band Wi-Fi 7 Router (RS150-100CNS)","components-networking","2","5","3","verified_multiple","2 suitable source photographs have been verified; five distinct exact-product images are required."
"bbca-15101526","Best Buy Essentials 7.63m (25ft.) Cat6 Ethernet Cable (BE-PEC6ST25-C)","components-networking","4","5","1","verified_multiple","4 suitable source photographs have been verified; five distinct exact-product images are required."
"bbca-15101523","Best Buy Essentials 15.25m (50ft.) Cat6 Ethernet Cable (BE-PEC6ST50-C)","components-networking","4","5","1","verified_multiple","4 suitable source photographs have been verified; five distinct exact-product images are required."
"bbca-17721136","Koodo Motorola Moto G Play 64GB - Sapphire Blue - Prepaid","phones","2","5","3","source_limited","2 suitable source photographs have been verified; five distinct exact-product images are required."
"bbca-19418431","Koodo ZTE Nubia A76 64GB - Black - Prepaid","phones","1","5","4","source_limited","1 suitable source photograph has been verified; five distinct exact-product images are required."
"bbca-19706850","Koodo Mobile Cymbal 2 8GB - Black - Prepaid","phones","2","5","3","source_limited","2 suitable source photographs have been verified; five distinct exact-product images are required."
"bbca-19658682","iPhone 16 Stand Case with MagSafe - Clear","phones","4","5","1","ok","4 suitable source photographs have been verified; five distinct exact-product images are required."
"bbca-19636983","Clear Screen protector for iPhone 16/ 15 - 2 Pack","phones","3","5","2","ok","3 suitable source photographs have been verified; five distinct exact-product images are required."
"bbca-19637228","Privacy Screen Protector for iPhone 16 Pro","phones","2","5","3","source_limited","2 suitable source photographs have been verified; five distinct exact-product images are required."
"bbca-19602203","Clear Tempered Glass Screen Protector for iPhone 16 Pro Max, Full Coverage","phones","4","5","1","ok","4 suitable source photographs have been verified; five distinct exact-product images are required."
"bbca-19439373","Anker 100W 3-Port PD GaN USB-C/USB-A Wall Charger with Smart Display","phones","1","5","4","source_limited","1 suitable source photograph has been verified; five distinct exact-product images are required."
"bbca-15345724","Samsung Super Fast Charging 25W USB Type-C Wall Charger with Type-C Cable","phones","1","5","4","source_limited","1 suitable source photograph has been verified; five distinct exact-product images are required."
"bbca-13932276","C2G 2-Port USB-C + USB-A Wall Charger, 5.4A Max Output","phones","1","5","4","source_limited","1 suitable source photograph has been verified; five distinct exact-product images are required."
"bbca-14657152","USB Wall Charger, 5V/1A (White)","phones","4","5","1","ok","4 suitable source photographs have been verified; five distinct exact-product images are required."
"bbca-16580390","AUKEY HD-C49 Phone Holder for Car 360 degrees for iPhone13/14, Samsung phone, one plus phone","phones","4","5","1","ok","4 suitable source photographs have been verified; five distinct exact-product images are required."
"bbca-B0019558","Apple AirTag (2nd generation) Bluetooth Item Tracker & Belkin Waterproof Secure Holder with Key Ring - 4 Pack - White/Black","phones","1","5","4","source_limited","1 suitable source photograph has been verified; five distinct exact-product images are required."
"bbca-B0019557","Apple AirTag (2nd generation) Bluetooth Item Tracker & Belkin Waterproof Secure Holder with Key Ring - White/Black","phones","1","5","4","source_limited","1 suitable source photograph has been verified; five distinct exact-product images are required."
"bbca-B0018771","Apple AirTag Bluetooth Item Tracker with Belkin Waterproof Secure Holder with Key Ring- 4 Pack- White/Black","phones","1","5","4","source_limited","1 suitable source photograph has been verified; five distinct exact-product images are required."
"bbca-17933141","Samsung Galaxy SmartTag2 Bluetooth Tracker - Black (Pack of 2)","phones","1","5","4","source_limited","1 suitable source photograph has been verified; five distinct exact-product images are required."
"bbca-17160331","Canon MAXIFY GX3020 All-In-One Inkjet Printer","office-printing","2","5","3","source_limited","2 suitable source photographs have been verified; five distinct exact-product images are required."
"bbca-15301742","Epson Expression Premium XP-7100 Wireless All-In-One Inkjet Printer","office-printing","4","5","1","ok","4 suitable source photographs have been verified; five distinct exact-product images are required."
"bbca-19847480","HP Envy 6155 All-In-One Inkjet Printer - HP Instant Ink 3-Month Free Trial Included*","office-printing","3","5","2","verified_multiple","3 suitable source photographs have been verified; five distinct exact-product images are required."
"bbca-16680665","Canon SELPHY CP1500 Wireless Compact Photo Printer - Black","office-printing","2","5","3","verified_multiple","2 suitable source photographs have been verified; five distinct exact-product images are required."
"bbca-17983857","Polaroid Hi-Print Gen 2 Pocket Photo Printer","office-printing","4","5","1","verified_multiple","4 suitable source photographs have been verified; five distinct exact-product images are required."
"bbca-19516796","Polaroid HiPrint 4x6 Photo Printer Starter Set","office-printing","4","5","1","verified_multiple","4 suitable source photographs have been verified; five distinct exact-product images are required."
"bbca-19788222","Canon CanoScan LiDE400 Document Scanner, Black","office-printing","4","5","1","verified_multiple","4 suitable source photographs have been verified; five distinct exact-product images are required."
"bbca-19839284","Epson WorkForce ES-590W Wireless Document Scanner","office-printing","1","5","4","source_limited","The exact source record did not yield two validated distinct suitable product photographs. Existing cover retained."
"bbca-18931068","Canon imageFORMULA RS40 Photo and Document Scanner - for Windows and Mac - Scans Photos - Vibrant Color","office-printing","3","5","2","verified_multiple","3 suitable source photographs have been verified; five distinct exact-product images are required."
"bbca-18190162","Canon DR-M140 imageFORMULA Document Scanner","office-printing","1","5","4","source_limited","The exact source record did not yield two validated distinct suitable product photographs. Existing cover retained."
"bbca-19396883","Ricoh ScanSnap iX2500 Document Scanner - Black - (PA03860-B005)","office-printing","2","5","3","verified_multiple","2 suitable source photographs have been verified; five distinct exact-product images are required."
"bbca-15333388","Epson RapidReceipt RR-60 Mobile Receipt and Colour Document Portable Scanner","office-printing","2","5","3","verified_multiple","2 suitable source photographs have been verified; five distinct exact-product images are required."
"bbca-19827189","Canon imageFORMULA DR-M140II Sheetfed Scanner-Duplex Scanning-(6050C002)","office-printing","2","5","3","verified_multiple","2 suitable source photographs have been verified; five distinct exact-product images are required."
"bbca-18522753","Canon 0651C002 ImageFORMULA DR-C240 Office Document Scanner","office-printing","1","5","4","source_limited","The exact source record did not yield two validated distinct suitable product photographs. Existing cover retained."
"bbca-10668857","Canon DR-C240 DR-C240 Office Document Scanner (0651C002)","office-printing","2","5","3","verified_multiple","2 suitable source photographs have been verified; five distinct exact-product images are required."
"bbca-16445633","Epson DS-530 II Document Scanner (B11B261202) - Black, White","office-printing","4","5","1","verified_multiple","4 suitable source photographs have been verified; five distinct exact-product images are required."
"bbca-19889671","Canon PG-275 Black / CL-276 Colour Genuine Ink Cartridge Value Pack, 2 Count Original Canon Ink for PIXMA TR4720, TS3720 & TS3520 Printers","office-printing","1","5","4","source_limited","The exact source record did not yield two validated distinct suitable product photographs. Existing cover retained."
"bbca-19798320","Canon PG-243 Black Ink Cartridge Genuine OEM Standard Yield for PIXMA iP2820 MX492 MG2420 MG2520 MG2920 MG2922 MG2924 MG3020 MG2525 TS3120 TS302 TS202 TR4520","office-printing","2","5","3","verified_multiple","2 suitable source photographs have been verified; five distinct exact-product images are required."
"bbca-19790328","NYNYG 275XL 276 XL Ink Cartridges for Canon PG-275XL CL-276XL Ink Cartridges Compatible for PIXMA TS3522 TS3520 TS3500 PIXMA TR4720 TR4722 TR4700 Printers (1Black, 1Tri-Color)","office-printing","2","5","3","verified_multiple","2 suitable source photographs have been verified; five distinct exact-product images are required."
"bbca-10451296","HP 65 Colour/Black Ink Cartridge 2 Pack","office-printing","2","5","3","verified_multiple","2 suitable source photographs have been verified; five distinct exact-product images are required."
"bbca-19790376","67XL Ink Cartridges Black/Color Combo Pack Compatible for HP Ink 67 67XL Printer Ink 67 Fit for DeskJet 4155e 2855e 2755e 2700 2700e 2800e 4100 Envy 6055e 6455e 6000 6400 Printer","office-printing","1","5","4","source_limited","Compatibility promo dominated by an unrelated printer; no distinct cartridge view. Existing cover retained unless explicitly withheld."
"bbca-12945831","NEW SUPERIOR QUALITY! Canon PGI72 Photo Black Compatible Ink Cartridge - FREE SHIPPING OVER $50 !!","office-printing","1","5","4","source_limited","The exact source record did not yield two validated distinct suitable product photographs. Existing cover retained."
"bbca-10451294","HP 65 Tri-Colour Ink Cartridge","office-printing","2","5","3","verified_multiple","2 suitable source photographs have been verified; five distinct exact-product images are required."
"bbca-19306456","HP 68 Colour/Black Original Ink Cartridge - 2 Pack","office-printing","1","5","4","source_limited","Same package-front photo in a compatibility infographic. Existing cover retained unless explicitly withheld."
"bbca-12918870","NEW SUPERIOR QUALITY! Brother LC3029 Cyan Compatible Ink Cartridge - FREE SHIPPING OVER $50!!","office-printing","1","5","4","source_limited","The exact source record did not yield two validated distinct suitable product photographs. Existing cover retained."
"bbca-10451297","HP 65XL Black Ink Cartridge","office-printing","2","5","3","verified_multiple","2 suitable source photographs have been verified; five distinct exact-product images are required."
"bbca-19306453","HP 68 Black Original Ink Cartridge","office-printing","1","5","4","source_limited","Comparison graphic introduces an XL ink variant different from the listed standard cartridge. Existing cover retained unless explicitly withheld."
"bbca-12945954","NEW SUPERIOR QUALITY! Canon PGI2200 Black Compatible Ink Cartridge - FREE SHIPPING OVER $50 !!","office-printing","1","5","4","source_limited","The exact source record did not yield two validated distinct suitable product photographs. Existing cover retained."
"bbca-10451298","HP 65XL Tri-Colour Ink Cartridge","office-printing","2","5","3","verified_multiple","2 suitable source photographs have been verified; five distinct exact-product images are required."
"bbca-19487900","NINJA INK® Compatible With HP 910XL Ink Cartridges Black 910XL Ink OfficeJet 8010 8010e 8015 8015e 8022 8022e OfficeJet Pro 8025 8025e 8034e 8035 8035e (1SET | e Models CHIP)","office-printing","1","5","4","source_limited","Compatibility graphic reuses the same package-front photo; no distinct product view. Existing cover retained unless explicitly withheld."
"bbca-15341764","A1 Copy Paper, 20 lbs, 8.5'' x 11'',97 brightness, 500 Sheets/Ream - 1 Pack","office-printing","2","5","3","verified_multiple","2 suitable source photographs have been verified; five distinct exact-product images are required."
"bbca-19937497","Copy Paper/Office Paper, White, 8.5 x 14 Inches (Legal Size), 500 Sheets/Ream, Total 5000 Sheets, 10 Reams - Packaging May Vary","office-printing","2","5","3","verified_multiple","2 suitable source photographs have been verified; five distinct exact-product images are required."
"bbca-14442170","Domtar Colors 81012 Laser, Inkjet Print Copy & Multipurpose Paper (81012)","office-printing","1","5","4","source_limited","The exact source record did not yield two validated distinct suitable product photographs. Existing cover retained."
"bbca-19937496","Copy Paper/Office Paper, White, 8.5 x 14 Inches (Legal Size), 92 Brightness, 500 Sheets/Ream, Case of 10 Reams (Pack of 2 - Total 20 Reams) - Packaging May Vary","office-printing","2","5","3","verified_multiple","2 suitable source photographs have been verified; five distinct exact-product images are required."
"bbca-20171833","Suzano Report Multipurpose Copy Printer Paper, 8.5"" x 11"", 20 lb, 10 Reams, 5000 Sheets, 98 Bright, White","office-printing","1","5","4","source_limited","The exact source record did not yield two validated distinct suitable product photographs. Existing cover retained."
"bbca-19937494","Copy Paper/Office Paper, White, 8.5 x 14 Inches (Legal Size), 92 Brightness, 500 Sheets/Ream, Pack of 2 Reams (Total 1,000 Sheets) - Packaging May Vary","office-printing","2","5","3","verified_multiple","2 suitable source photographs have been verified; five distinct exact-product images are required."
"bbca-19937495","Copy Paper/Office Paper, White, 8.5 x 14 Inches (Legal Size), 92 Brightness, 500 Sheets/Ream, Pack of 5 Reams (Total 2,500 Sheets) - Packaging May Vary","office-printing","2","5","3","verified_multiple","2 suitable source photographs have been verified; five distinct exact-product images are required."
"bbca-20142582","Papyrus Digital brand Copy Paper 8 1/2 x 11 20lb Letter Size 500 Sheets 96 Bright","office-printing","2","5","3","verified_multiple","2 suitable source photographs have been verified; five distinct exact-product images are required."
"bbca-19937492","Copy Paper/Office Paper, White, 8.5 x 14 Inches (Legal Size), 92 Brightness, 500 Sheets/Ream, Pack of 3 Reams (Total 1,500 Sheets) - Packaging May Vary","office-printing","2","5","3","verified_multiple","2 suitable source photographs have been verified; five distinct exact-product images are required."
"bbca-19946577","Bond Copy Paper 8.5""X11"" 500 Sheets (10PCS)","office-printing","2","5","3","verified_multiple","2 suitable source photographs have been verified; five distinct exact-product images are required."
"bbca-19937428","Copy Paper/Office Paper, White, 8.27 × 11.69 Inches (A4 Size), 92 Brightness, 500 Sheets/Ream, Case of 10 Reams (Pack of 2 - Total 20 Reams) - Packaging May Vary","office-printing","2","5","3","verified_multiple","2 suitable source photographs have been verified; five distinct exact-product images are required."
"bbca-19937406","Copy Paper/Office Paper, White, 8.27 × 11.69 Inches (A4 Size), 500 Sheets/Ream, Pack of 3 Reams (Total 1,500 Sheets) - Packaging May Vary","office-printing","2","5","3","verified_multiple","2 suitable source photographs have been verified; five distinct exact-product images are required."
"bbca-16065748","20pcs 2 in 1 Stylus Ballpoint Pen, Crystal Diamond Retractable Screen Touch Pen, Bling Capacitive Pens","office-printing","2","5","3","verified_multiple","2 suitable source photographs have been verified; five distinct exact-product images are required."
"bbca-14443629","Zebra Pen Z-1000 Ballpoint/Stylus Combo Pen (33211)","office-printing","1","5","4","source_limited","The exact source record did not yield two validated distinct suitable product photographs. Existing cover retained."
"bbca-10263905","BIC Velocity 1.6mm Ballpoint Retractable Pen (BICVLGB11BL) - Box of 12 - Blue","office-printing","1","5","4","source_limited","The exact source record did not yield two validated distinct suitable product photographs. Existing cover retained."
"bbca-19926326","Capacitive Stylus Pen with Ballpoint Pen Writing, 4-in-1 Touch Screen Stylus-Writing Pen & Disc Tip & Mesh Fiber","office-printing","2","5","3","verified_multiple","2 suitable source photographs have been verified; five distinct exact-product images are required."
"bbca-14439131","Cross Standard Ballpoint Pen Refills (85142)","office-printing","1","5","4","source_limited","The exact source record did not yield two validated distinct suitable product photographs. Existing cover retained."
"bbca-20161427","Metal Ballpoint Pen with 32 GB USB 2.0 Flash Drive","office-printing","2","5","3","verified_multiple","2 suitable source photographs have been verified; five distinct exact-product images are required."
"bbca-20096682","USA 9-in-1 Tool Ballpoint Pen in Black – Multifunctional Pen with Stylus, Screwdrivers, Level, and Ruler –","office-printing","2","5","3","verified_multiple","2 suitable source photographs have been verified; five distinct exact-product images are required."
"bbca-20011914","Mothers Day Gifts Mom Birthday Gifts Love mom Ballpoint Pens Smooth Writing 2-in-1 Stylus Retractable Ballpoint","office-printing","2","5","3","verified_multiple","2 suitable source photographs have been verified; five distinct exact-product images are required."
"bbca-20002340","Stylus for iPad - [4-in-1] Touch Screen Stylus - Disc/Rubber/Mesh Fiber Tip/Ballpoint Pen -Universal Stylus","office-printing","2","5","3","verified_multiple","2 suitable source photographs have been verified; five distinct exact-product images are required."
"bbca-20002024","8 Pcs Personalized Ball Point Pens Ballpoint Smooth Writing Pens,1.0 mm Stylus Pens for Touch Screens","office-printing","2","5","3","verified_multiple","2 suitable source photographs have been verified; five distinct exact-product images are required."
"bbca-19995670","A4 Zipper Portfolio Folder Leather Handle Ring Binder Meeting Document Organizer","office-printing","2","5","3","verified_multiple","2 suitable source photographs have been verified; five distinct exact-product images are required."
"bbca-19822786","Binder Clips - Metal Paper Clips - Office Binding Clips - Black - Standard - Set","office-printing","2","5","3","verified_multiple","2 suitable source photographs have been verified; five distinct exact-product images are required."
"bbca-19813387","2pcs A5 Kraft Ring Binder - Refillable Pages with 2 Rings for School & Office","office-printing","2","5","3","verified_multiple","2 suitable source photographs have been verified; five distinct exact-product images are required."
"bbca-20121311","A5 binder, card holder, card storage album, white and","office-printing","1","5","4","source_limited","Green closure tab is an alternate color to the purple-tab primary image; exact named color is otherwise truncated in source metadata. Existing cover retained unless explicitly withheld."
"bbca-19822737","Binder Clips - Small Paper Clips - Office Use - Black - 19mm - 24PCS","office-printing","0","5","5","configuration_mismatch","The source photograph shows 51 mm clips, while this record lists 19 mm / 24 pieces. Exact product imagery is awaiting verification."
"bbca-19976057","100 Envelope Challenge Binder Money Saving Budget Planner Book Savings Challenge Organizer","office-printing","2","5","3","verified_multiple","2 suitable source photographs have been verified; five distinct exact-product images are required."
"bbca-19352341","4 Tiers Office Wood Desktop Organizer Letter A4 Paper File Rack with Vertical Horizontal File Holder Supplies Storage Box Mail Sorter on Desk Tabletop Binder Folder Letter Trays","office-printing","1","5","4","api_error","Source attempt failed: HTTP timeout. Existing cover retained."
"bbca-15751111","Costway 48""x36"" Mobile Magnetic Double-Sided Reversible Whiteboard Height Adjust","office-printing","4","5","1","verified_multiple","4 suitable source photographs have been verified; five distinct exact-product images are required."
"bbca-19319862","VEVOR 36""x24"" Magnetic Glass Whiteboard, Dry Erase Board, Wall-Mounted Large White Glassboard Frameless, with Marker Tray, an Eraser and 2 Markers, White","office-printing","4","5","1","verified_multiple","4 suitable source photographs have been verified; five distinct exact-product images are required."
"bbca-19199006","VEVOR 36 x 24 Inches Calendar Whiteboard, Magnetic Dry Erase Calendar Board, Monthly Planner Whiteboard for Wall,","office-printing","2","5","3","verified_multiple","2 suitable source photographs have been verified; five distinct exact-product images are required."
"bbca-19646009","Costway Mobile Whiteboard 40"" x 26"" Height Adjustable Magnetic Dry Erase Board with Stand Green/Black/White","office-printing","2","5","3","verified_multiple","2 suitable source photographs have been verified; five distinct exact-product images are required."
"bbca-19308269","VEVOR 48""x32"" Magnetic Glass Whiteboard, Dry Erase Board, Wall-Mounted Large White Glassboard Frameless, with Marker Tray, an Eraser and 2 Markers, White","office-printing","2","5","3","verified_multiple","2 suitable source photographs have been verified; five distinct exact-product images are required."
"bbca-19339288","Costway 72"" x 36"" Double-Sided Magnetic Whiteboard with Stand and Aluminum Alloy Frame","office-printing","2","5","3","verified_multiple","2 suitable source photographs have been verified; five distinct exact-product images are required."
"bbca-15546301","24"" x 35"" Magnetic Whiteboard, Dry Erase Board Easy Wipe with Aluminum Frame, Fix or Hang on the wall","office-printing","2","5","3","verified_multiple","2 suitable source photographs have been verified; five distinct exact-product images are required."
"bbca-19606521","Varhomax Glass Desk Whiteboard with Wireless Charger, Desktop Dry Erase White Board with Storage, Desk Board to Do Lis..","office-printing","2","5","3","verified_multiple","2 suitable source photographs have been verified; five distinct exact-product images are required."
"bbca-19393906","Pioneer 50"" R851 Series 4K UHD HDR LCD Roku TV Smart TV (PN50-R851-26C) - 2025 - Great for Streaming - Only at Best Buy","tv-home-theatre","2","5","3","verified_multiple","2 suitable source photographs have been verified; five distinct exact-product images are required."
"bbca-19186503","Insignia F40 Series 40"" Full HD LCD DTS Virtual-X Fire TV Smart TV (NS-40F401CA26) - 2025 - Only at Best Buy","tv-home-theatre","2","5","3","verified_multiple","2 suitable source photographs have been verified; five distinct exact-product images are required."
"bbca-19862672","Hisense 40"" QD4 1080p Full HD Hi-QLED Fire TV Smart TV (40QD4SF) - 2026","tv-home-theatre","2","5","3","verified_multiple","2 suitable source photographs have been verified; five distinct exact-product images are required."
"bbca-19254893","TCL 40"" Q34K Series 1080p HD QLED Fire TV Smart TV (40Q34K) - 2025 - Only at Best Buy","tv-home-theatre","2","5","3","verified_multiple","2 suitable source photographs have been verified; five distinct exact-product images are required."
"bbca-19768077","TCL 55"" S45L 4K UHD Dolby Vision HDR10 LED Dolby Atmos Fire TV Smart TV (55S45L) - Only at Best Buy","tv-home-theatre","2","5","3","verified_multiple","2 suitable source photographs have been verified; five distinct exact-product images are required."
"bbca-19832884","Roku 50"" Select Series 4K UHD HDR QLED Smart TV (50R5D5CA) - 2026 - Only at Best Buy","tv-home-theatre","2","5","3","verified_multiple","2 suitable source photographs have been verified; five distinct exact-product images are required."
"bbca-19812547","Samsung 55"" U8000H Series 4K UHD HDR LED Vision AI Tizen OS Smart TV (UN55U8000HFXZC) - 2026 - Great for Streaming","tv-home-theatre","2","5","3","verified_multiple","2 suitable source photographs have been verified; five distinct exact-product images are required."
"bbca-19189882","Insignia 24"" F20 Series 720p HD HDR LED DTS Virtual-X Fire TV Smart TV (NS-24F201CA26) - 2025 - Only at Best Buy","tv-home-theatre","2","5","3","verified_multiple","2 suitable source photographs have been verified; five distinct exact-product images are required."
"bbca-19697625","Roku 40"" Select Series 1080p Full HD LED Roku OS Smart TV (40R3E5CA) - 2026 - Only at Best Buy","tv-home-theatre","2","5","3","verified_multiple","2 suitable source photographs have been verified; five distinct exact-product images are required."
"bbca-20013936","Projector 1080P Full HD, Mini Projector Smart for Movie Projection Compatible with Phone","tv-home-theatre","2","5","3","verified_multiple","2 suitable source photographs have been verified; five distinct exact-product images are required."
"bbca-17176961","Samsung The Freestyle 1080p LED Portable Home Theatre Projector (SP-LFF3CLAXXZC) - White","tv-home-theatre","2","5","3","verified_multiple","2 suitable source photographs have been verified; five distinct exact-product images are required."
"bbca-19848935","XGIMI Vibe One 1080p HD LED Home Theatre Projector with Built-In Battery (WM03H-1) - Cloud Ash","tv-home-theatre","2","5","3","verified_multiple","2 suitable source photographs have been verified; five distinct exact-product images are required."
"bbca-18622501","[Electric Focus] WiMiUS 1080P Projector, 5G WiFi Bluetooth Projector, Portable Outdoor Projector, Smart Home Movie Projector, Compatible with Android/TV Stick","tv-home-theatre","2","5","3","verified_multiple","2 suitable source photographs have been verified; five distinct exact-product images are required."
"bbca-18599479","Brother Eye Mark I Ultra-Fast All-in-One 4K Mini Smart Projector, Short Throw, 400 ANSI Lumens & Auto Keystone, Up to 235"" Display, Pre-Installed Apps(2GB RAM/16GB ROM)","tv-home-theatre","2","5","3","verified_multiple","2 suitable source photographs have been verified; five distinct exact-product images are required."
"bbca-19166536","Putrims 4K Smart Projector, Native 1080P Movie Projector, Auto Focus & Keystone, Built-in Google TV, Support Dongle, Netflix 9000+Apps,for iOS/Android/TV Stick","tv-home-theatre","1","5","4","source_limited","Projector is absent; graphic shows UI/dongle/remote only. Existing cover retained unless explicitly withheld."
"bbca-18387100","【Projector Screen, Mount & 3D Glasses Included】 Boss Projector A5 1080p Full HD Projector, 4000 Lumens Projector, Auto Keystone & Auto Focus, WiFi & Bluetooth","tv-home-theatre","2","5","3","verified_multiple","2 suitable source photographs have been verified; five distinct exact-product images are required."
"bbca-19624409","Norsen M4 Smart WiFi Home Projector with Netflix & Streaming Apps, 800 ANSI 60–150'' Big Screen for Movies & Sports, Easy Setup Auto Keystone, Adjustable Stand, Canadian Brand","tv-home-theatre","2","5","3","verified_multiple","2 suitable source photographs have been verified; five distinct exact-product images are required."
"bbca-19580305","JMGO N3 4K UHD Triple Laser Smart Projector | 1.3x Optical Zoom, 300"" Home Cinema, Google TV & Dolby Audio","tv-home-theatre","2","5","3","verified_multiple","2 suitable source photographs have been verified; five distinct exact-product images are required."
"bbca-15999361","Bundle - VANKYO Performance V630W Native 1080P Projector, Full HD 5G/2.4G Wi-Fi Projector with LCD Display with projector screen.","tv-home-theatre","2","5","3","verified_multiple","2 suitable source photographs have been verified; five distinct exact-product images are required."
"bbca-18883971","XGIMI Elfin Flip Plus 1080p Portable Projector for Home Cinema Theatre & Outdoor, Google TV, Licensed Netflix, Auto Focus & Keystone, Dolby Audio, with Stand","tv-home-theatre","2","5","3","verified_multiple","2 suitable source photographs have been verified; five distinct exact-product images are required."
"bbca-19767732","Brother Eye Mark III Elite Smart LCD Projector 4K, 8K Ready, Google TV, 1500 Lumens, 140-inch Size Display, Fast Processing & 1000+ Free Channels (Sports & Movies)","tv-home-theatre","2","5","3","verified_multiple","2 suitable source photographs have been verified; five distinct exact-product images are required."
"bbca-11197769","Elunevision Luna 120” 1.2-16:9 Motorized Projector Screen","tv-home-theatre","2","5","3","verified_multiple","2 suitable source photographs have been verified; five distinct exact-product images are required."
"bbca-19204567","VEVOR Tripod Projector Screen with Stand 110inch 16:9 4K HD Projection Screen Stand Wrinkle-Free Height Adjustable Portable Screen","tv-home-theatre","2","5","3","verified_multiple","2 suitable source photographs have been verified; five distinct exact-product images are required."
"bbca-18619929","Vankyo Staytrue 100"" Portable Projector Screen (PS100TY)","tv-home-theatre","1","5","4","source_limited","The exact source record did not yield two validated distinct suitable product photographs. Existing cover retained."
"bbca-19204556","VEVOR Tripod Projector Screen with Stand 60 inch 16:9 4K HD Projection Screen Stand Wrinkle-Free Height Adjustable","tv-home-theatre","1","5","4","source_limited","Physical projection screen is absent; comparison graphics only. Existing cover retained unless explicitly withheld."
"bbca-19204552","VEVOR Manual Projector Screen, 100 inch 16:9 4K 1080 HD Retractable Pull Down Projector Screen, Auto-Locking Portable","tv-home-theatre","2","5","3","verified_multiple","2 suitable source photographs have been verified; five distinct exact-product images are required."
"bbca-19202298","VEVOR Projection Screen 120inch 16:9 Movie Screen Fixed Frame 3D Projector Screen for 4K HDTV Movie Theater Home","tv-home-theatre","2","5","3","verified_multiple","2 suitable source photographs have been verified; five distinct exact-product images are required."
"bbca-19684156","VEVOR 72 inch Motorized Projector Screen, 4:3 1080 HD Electric Projection Screen, Wall Mounted Projection Dispaly Projector with Remote Control, Automatic Movie Screen for Home","tv-home-theatre","2","5","3","verified_multiple","2 suitable source photographs have been verified; five distinct exact-product images are required."
"bbca-19883428","100 Inch Projector Screen, 16:9 Pull Down Manual Projection Screen, Auto-Locking Portable 4K 3D 1080p HD Screen for Home Theater, Office & Movies","tv-home-theatre","2","5","3","verified_multiple","2 suitable source photographs have been verified; five distinct exact-product images are required."
"bbca-17356001","Manual Pull Down Projector Screen - Universal 100-inch Roll-Down Pull-Down Retractable Manual Projection Screen w/ Auto-Locking, Adjustable Screen Height, Black Masking Border - Ho","tv-home-theatre","2","5","3","verified_multiple","2 suitable source photographs have been verified; five distinct exact-product images are required."
"bbca-19643562","VEVOR 100 Inch Projector Screen with Stand, 160° Wide Angle Indoor Outdoor Projection Screen, 16:9 4K HD Wrinkleless Portable Dual-Tripod Screens with Carry Bag, for Movie Home","tv-home-theatre","2","5","3","verified_multiple","2 suitable source photographs have been verified; five distinct exact-product images are required."
"bbca-19465180","VEVOR 84 Inch Projector Screen with Stand,160° Wide Angle Indoor Outdoor Projection Screen, 16:9 4K HD Wrinkleless Portable Tripod Screens with Carry Bag, for Movie Home Theater","tv-home-theatre","2","5","3","verified_multiple","2 suitable source photographs have been verified; five distinct exact-product images are required."
"bbca-19308960","Roku Streaming Stick HD Media Streamer with Voice Remote","tv-home-theatre","1","5","4","source_limited","Roku apps-only graphic without listed streaming device. Existing cover retained unless explicitly withheld."
"bbca-19308959","Roku Streaming Stick Plus 4K Media Streamer with Remote","tv-home-theatre","1","5","4","source_limited","Roku apps-only graphic without listed streaming device. Existing cover retained unless explicitly withheld."
"bbca-14964955","BuzzTV VidStick 4K HD Set Top Stick - 4K Android Streaming Media Player Stick","tv-home-theatre","2","5","3","verified_multiple","2 suitable source photographs have been verified; five distinct exact-product images are required."
"bbca-19501788","Roku® Streaming Stick™ 2025 - HD Roku Streaming Device for TV with Voice Remote - Free & Live TV","tv-home-theatre","1","5","4","source_limited","TV/remote only; listed streaming stick is absent. Existing cover retained unless explicitly withheld."
"bbca-19694587","ROKU STREAMING STICK 4K STREAMING MEDIA PLAYER, HD/4K/HDR/Dolby- Vision","tv-home-theatre","2","5","3","verified_multiple","2 suitable source photographs have been verified; five distinct exact-product images are required."
"bbca-18482969","Amazon Fire TV Stick HD (2024) Media Streamer with Alexa Voice Remote","tv-home-theatre","2","5","3","verified_multiple","2 suitable source photographs have been verified; five distinct exact-product images are required."
"bbca-19848933","Amazon Fire TV Stick HD (2026) Media Streamer with Alexa Voice Remote","tv-home-theatre","2","5","3","verified_multiple","2 suitable source photographs have been verified; five distinct exact-product images are required."
"bbca-15756969","Roku Streaming Stick 4K Media Streamer with Remote","tv-home-theatre","2","5","3","verified_multiple","2 suitable source photographs have been verified; five distinct exact-product images are required."
"bbca-19495335","Amazon Fire TV Stick 4K Max (newest model), streaming device, supports Wi-Fi 6E, free & live TV without cable or satellite","tv-home-theatre","2","5","3","verified_multiple","2 suitable source photographs have been verified; five distinct exact-product images are required."
"bbca-19495460","Amazon Fire TV Stick 4K+ (2025) Media Streamer with Alexa Voice Remote","tv-home-theatre","2","5","3","verified_multiple","2 suitable source photographs have been verified; five distinct exact-product images are required."
"bbca-19481743","Amazon Fire TV Stick 4K Select (2025) Media Streamer with Alexa Voice Remote","tv-home-theatre","2","5","3","verified_multiple","2 suitable source photographs have been verified; five distinct exact-product images are required."
"bbca-19876750","Roku Streaming Stick 2025 HD Streaming Device for TV Voice Remote Free Live TV Black 3840R","tv-home-theatre","1","5","4","source_limited","Roku apps-only graphic without listed streaming device. Existing cover retained unless explicitly withheld."
"bbca-17555650","XS97 4k Mini TV Stick - Dongle 5G, Wifi, Bluetooth Voice Remote Control, 2GB/16GB, Android 10","tv-home-theatre","2","5","3","verified_multiple","2 suitable source photographs have been verified; five distinct exact-product images are required."
"bbca-19217942","Sony Blu-ray Player (BDPS1700U)","tv-home-theatre","2","5","3","verified_multiple","2 suitable source photographs have been verified; five distinct exact-product images are required."
"bbca-19941508","Panasonic 1080p HD Wi-Fi Blu-ray Player (DMPBD94)","tv-home-theatre","2","5","3","verified_multiple","2 suitable source photographs have been verified; five distinct exact-product images are required."
"bbca-19217941","Sony 4K UHD Wi-Fi Blu-ray Player (UBPX700U)","tv-home-theatre","2","5","3","verified_multiple","2 suitable source photographs have been verified; five distinct exact-product images are required."
"bbca-10202250","Sony 1080p Upconverting DVD Player (DVPSR510H)","tv-home-theatre","2","5","3","verified_multiple","2 suitable source photographs have been verified; five distinct exact-product images are required."
"bbca-19941507","Panasonic 4K UHD Blu-ray Player (DPUB150K)","tv-home-theatre","2","5","3","verified_multiple","2 suitable source photographs have been verified; five distinct exact-product images are required."
"bbca-15852032","Panasonic DPUB820PCK Blu-ray Player Seller Provided Warranty Included","tv-home-theatre","1","5","4","source_limited","The exact source record did not yield two validated distinct suitable product photographs. Existing cover retained."
"bbca-13610868","Sony 3D 4K UHD Wi-Fi Blu-ray Player (UBP-X800M2/CA)","tv-home-theatre","2","5","3","verified_multiple","2 suitable source photographs have been verified; five distinct exact-product images are required."
"bbca-20126384","Equipped with HDMI/USB/RCA interfaces, it creates an immersive audio-visual experience and is a multi-functional high-definition optical disc player compatible with DVD/CD/USB.","tv-home-theatre","2","5","3","verified_multiple","2 suitable source photographs have been verified; five distinct exact-product images are required."
"bbca-19965531","Mini HD DVD Player CD Player with Remote Control & HDMI & RCA Cable,HD 1080p, All Region Free, Breakpoint Memory, Built-in PAL/NTSC, USB 2.0","tv-home-theatre","2","5","3","verified_multiple","2 suitable source photographs have been verified; five distinct exact-product images are required."
"bbca-20064231","Digital TV Antenna for Smart TV Indoor,HD Antenna for TV Indoor | TV Antennas for Local Channels with Signal Booster, Long Range Reception, Support 4K 1080P, Easy Installation","tv-home-theatre","2","5","3","verified_multiple","2 suitable source photographs have been verified; five distinct exact-product images are required."
"bbca-14538011","Digiwave Indoor Multidirectional TV Antenna (24700)","tv-home-theatre","1","5","4","source_limited","The exact source record did not yield two validated distinct suitable product photographs. Existing cover retained."
"bbca-17211915","onn. Indoor Antenna with A Powerful Signal Booster","tv-home-theatre","2","5","3","verified_multiple","2 suitable source photographs have been verified; five distinct exact-product images are required."
"bbca-14393101","Antennas Direct FUSION ClearStream FUSION Amplified UHF/VHF Indoor/Outdoor HDTV Antenna with 20-Inch Mast","tv-home-theatre","1","5","4","source_limited","The exact source record did not yield two validated distinct suitable product photographs. Existing cover retained."
"bbca-15653858","ISTAR 200 Miles Range Digital TV Antenna 1080P HD Skywire 4K Antena Digital Indoor HDTV","tv-home-theatre","1","5","4","source_limited","Same flat-antenna front photo rescaled in another marketing layout. Existing cover retained unless explicitly withheld."
"bbca-15176567","Digiwave ANT4600 Ultra Thin Flat Amplified Indoor Multidirectional TV Antenna","tv-home-theatre","1","5","4","source_limited","The exact source record did not yield two validated distinct suitable product photographs. Existing cover retained."
"bbca-12873211","RCA UHF/VHF Adjustable 64-km (40-mile) Rabbit Ear Indoor 4K HDTV Antenna - Black","tv-home-theatre","2","5","3","verified_multiple","2 suitable source photographs have been verified; five distinct exact-product images are required."
"bbca-13508049","Antennas Direct C4-V-CJM-CN 4V Indoor/Outdoor HDTV Antenna","tv-home-theatre","1","5","4","source_limited","The exact source record did not yield two validated distinct suitable product photographs. Existing cover retained."
"bbca-14538009","Digiwave BMX Indoor Multidirectional TV Antenna (24501)","tv-home-theatre","1","5","4","source_limited","The exact source record did not yield two validated distinct suitable product photographs. Existing cover retained."
"bbca-19822239","TV Antenna for Canada Local Channels - 560+ Mile Range Indoor OTA Antenna for Smart TV , Supports 8K 4K 1080p ATSC, Free Local CBC CTV Global, Easy Setup","tv-home-theatre","1","5","4","source_limited","Listed antenna is absent; TV-quality comparison graphic only. Existing cover retained unless explicitly withheld."
"bbca-14538010","Digiwave Ultra Thin Indoor Multidirectional TV Antenna (24600)","tv-home-theatre","1","5","4","source_limited","The exact source record did not yield two validated distinct suitable product photographs. Existing cover retained."
"bbca-14393096","GE 33691 Slim-Profile Pro Bar Amplified Indoor Antenna","tv-home-theatre","1","5","4","source_limited","The exact source record did not yield two validated distinct suitable product photographs. Existing cover retained."
"bbca-17165425","UltraPro Elite 52185 Indoor Bar HD Amplified Antenna","tv-home-theatre","2","5","3","verified_multiple","2 suitable source photographs have been verified; five distinct exact-product images are required."
"bbca-16998382","Best Buy Essentials 19"" - 50"" Full Motion TV Wall Mount - Only at Best Buy","tv-home-theatre","2","5","3","verified_multiple","2 suitable source photographs have been verified; five distinct exact-product images are required."
"bbca-16480479","Full Motion TV Wall Mount for 26-60 inch Flat TVs, Swivel & Tilt Extension for Max VESA 400x400mm TVS up to 80lbs with Articulating Arm","tv-home-theatre","2","5","3","verified_multiple","2 suitable source photographs have been verified; five distinct exact-product images are required."
"bbca-18588785","PERLESMITH 37""-86"" Full Motion TV Wall Mount","tv-home-theatre","1","5","4","source_limited","Photo says 37–82-inch compatibility, conflicting with the 37–86-inch listing. Existing cover retained unless explicitly withheld."
"bbca-19362737","ErgoAV Full Motion TV Wall Mount, Swivel Tilt Extendable Bracket for 32""-86"" TVs, 75lbs Load Capacity with Cable Management, UL Certified for Wood Stud & Concrete Wall Installation","tv-home-theatre","2","5","3","verified_multiple","2 suitable source photographs have been verified; five distinct exact-product images are required."
"bbca-10422985","Insignia 47"" - 90"" Fixed TV Wall Mount - Only at Best Buy","tv-home-theatre","2","5","3","verified_multiple","2 suitable source photographs have been verified; five distinct exact-product images are required."
"bbca-19875894","NumberX Ultra-Slim Fixed TV Wall Mount for 26""-55"" Screens Low Profile Bracket Fits 16"" Studs, VESA 400x400, Holds 100lbs, Great for Sports","tv-home-theatre","2","5","3","verified_multiple","2 suitable source photographs have been verified; five distinct exact-product images are required."
"bbca-10446731","Kanto PDX650 37"" - 75"" Full Motion TV Wall Mount","tv-home-theatre","2","5","3","verified_multiple","2 suitable source photographs have been verified; five distinct exact-product images are required."
"bbca-19362735","PERLESMITH Universal Bracket for 42""-90"" TVs, Swivel Tilt Extendable TV Wall Mount, Max VESA 600x400mm, 150lbs Load, Horizontal Shift & Quick Release Design","tv-home-theatre","2","5","3","verified_multiple","2 suitable source photographs have been verified; five distinct exact-product images are required."
"bbca-18593579","PERLESMITH 32""-65"" Full Motion TV Wall Mount","tv-home-theatre","1","5","4","source_limited","Mount is absent and graphic says 32–55 at top, conflicting with the 32–65 listing. Existing cover retained unless explicitly withheld."
"bbca-17105600","Full Motion TV Wall Mount for 23-43 Inch Flat or Curved Screen Hold up to 66lbs and VESA 200*200mm","tv-home-theatre","2","5","3","verified_multiple","2 suitable source photographs have been verified; five distinct exact-product images are required."
"bbca-17079707","SANUS Accents 42"" - 85"" Full-Motion TV Wall Mount","tv-home-theatre","2","5","3","verified_multiple","2 suitable source photographs have been verified; five distinct exact-product images are required."
"bbca-19449103","Full Motion TV Wall Mount for Most 32-85 inch TVs up to132lbs, Max VESA 600x400mm, Wall Mount TV Bracket Dual Articulating Arms, Swivel, Tilting, Leveling TV Mount","tv-home-theatre","2","5","3","verified_multiple","2 suitable source photographs have been verified; five distinct exact-product images are required."
"bbca-19362731","ErgoAV Full Motion TV Wall Mount, Swivel Tilt Extendable Bracket, Max VESA 400x400mm, Fits 32""-65"" TVs, Holds 75lbs/34kg, Cable Management & UL Certified","tv-home-theatre","2","5","3","verified_multiple","2 suitable source photographs have been verified; five distinct exact-product images are required."
"bbca-18470962","Apple AirPods 4 In-Ear True Wireless Earbuds with USB-C Charging Case","audio","2","5","3","verified_multiple","2 suitable source photographs have been verified; five distinct exact-product images are required."
"bbca-20152117","Apple AirPods 5 In-Ear Active Noise Cancelling True Wireless Earbuds with Wireless Charging Case","audio","1","5","4","source_limited","AirPods 5 generation could not be visually distinguished or independently confirmed from official-generation evidence. Held out conservatively per parent instruction. Existing cover retained unless explicitly withheld."
"bbca-19422125","Samsung Buds3 FE In-Ear Noise Cancelling True Wireless Earbuds - Black","audio","2","5","3","verified_multiple","2 suitable source photographs have been verified; five distinct exact-product images are required."
"bbca-19451577","Apple AirPods Pro 3 Noise Cancelling True Wireless Earbuds with MagSafe Charging Case","audio","2","5","3","verified_multiple","2 suitable source photographs have been verified; five distinct exact-product images are required."
"bbca-19723124","Samsung Galaxy Buds4 Pro In-Ear Noise Cancelling True Wireless Earbuds - Black","audio","2","5","3","verified_multiple","2 suitable source photographs have been verified; five distinct exact-product images are required."
"bbca-17157205","Shokz OpenFit Open-Ear True Wireless Earbuds - Black","audio","2","5","3","verified_multiple","2 suitable source photographs have been verified; five distinct exact-product images are required."
"bbca-20152116","Apple AirPods 5 In-Ear Active Noise Cancelling True Wireless Earbuds with USB-C Charging Case","audio","1","5","4","source_limited","AirPods 5 generation could not be visually distinguished or independently confirmed from official-generation evidence. Held out conservatively per parent instruction. Existing cover retained unless explicitly withheld."
"bbca-16924261","JBL Vibe Beam In-Ear Sound Isolating True Wireless Earbuds - Black","audio","2","5","3","verified_multiple","2 suitable source photographs have been verified; five distinct exact-product images are required."
"bbca-17301939","Samsung Galaxy Buds FE In-Ear Noise Cancelling True Wireless Earbuds - Mystic White","audio","2","5","3","verified_multiple","2 suitable source photographs have been verified; five distinct exact-product images are required."
"bbca-18470966","Apple AirPods 4 In-Ear Active Noise Cancelling True Wireless Earbuds with USB-C Charging Case","audio","2","5","3","verified_multiple","2 suitable source photographs have been verified; five distinct exact-product images are required."
"bbca-18481239","Sennheiser ACCENTUM R Over-Ear Noise Cancelling Bluetooth Headphones - Blue - Only at Best Buy","audio","2","5","3","verified_multiple","2 suitable source photographs have been verified; five distinct exact-product images are required."
"bbca-14899382","Skullcandy Hesh ANC Over-Ear Noise Cancelling Bluetooth Headphones - Black","audio","2","5","3","verified_multiple","2 suitable source photographs have been verified; five distinct exact-product images are required."
"bbca-18189367","Bose QuietComfort Ultra Over-Ear Noise Cancelling Bluetooth Headphones - Lunar Blue","audio","2","5","3","verified_multiple","2 suitable source photographs have been verified; five distinct exact-product images are required."
"bbca-10490594","Skullcandy Crusher Over-Ear Sound Isolating Wireless Headphones with Mic - Black - Only at Best Buy","audio","2","5","3","verified_multiple","2 suitable source photographs have been verified; five distinct exact-product images are required."
"bbca-17857926","JBL Tune 720BT Over-Ear Sound Isolating Bluetooth Headphones - Black","audio","2","5","3","verified_multiple","2 suitable source photographs have been verified; five distinct exact-product images are required."
"bbca-17477512","Sudio Audio K2 Over-Ear Noise Cancelling Bluetooth Headphones - Black","audio","2","5","3","verified_multiple","2 suitable source photographs have been verified; five distinct exact-product images are required."
"bbca-16703135","Sony WH-CH720N Over-Ear Noise Cancelling Bluetooth Headphones - Black","audio","4","5","1","verified_multiple","4 suitable source photographs have been verified; five distinct exact-product images are required."
"bbca-15699536","Raycon The Everyday Over-Ear Noise Cancelling Bluetooth Headphones - Carbon Black","audio","2","5","3","verified_multiple","2 suitable source photographs have been verified; five distinct exact-product images are required."
"bbca-17278119","Sennheiser MOMENTUM 4 Over-Ear Noise Cancelling Bluetooth Headphones - Denim - Only at Best Buy","audio","2","5","3","verified_multiple","2 suitable source photographs have been verified; five distinct exact-product images are required."
"bbca-19884216","Over-Ear Bluetooth Headphones - Black - Wireless Audio","audio","2","5","3","verified_multiple","2 suitable source photographs have been verified; five distinct exact-product images are required."
"bbca-19184071","Bose QuietComfort Bluetooth Headphones, Wireless Headphones with Active Over Ear Noise Cancelling and Mic, Deep Bass, Up to 24 Hours of Playtime, Black","audio","2","5","3","verified_multiple","2 suitable source photographs have been verified; five distinct exact-product images are required."
"bbca-19392064","Beats By Dr. Dre Studio Pro Over-Ear Noise Cancelling Bluetooth Headphones - Grey - Only at Best Buy","audio","2","5","3","verified_multiple","2 suitable source photographs have been verified; five distinct exact-product images are required."
"bbca-19952959","Soundcore by Anker Space 2 Over-Ear Noise Cancelling True Wireless Headphones - Black","audio","2","5","3","verified_multiple","2 suitable source photographs have been verified; five distinct exact-product images are required."
"bbca-19815085","Apple AirPods Max 2 (USB-C) Over-Ear Noise Cancelling Bluetooth Headphones - Starlight","audio","2","5","3","verified_multiple","2 suitable source photographs have been verified; five distinct exact-product images are required."
"bbca-19501299","Bluetooth Speakers Wireless Portable Bluetooth Speaker, IPX7 Waterproof Speaker with 24W Stereo Sound and 24H Playtime,TWS Dual Pairing Bluetooth 5.0 Speaker Home/Outdor","audio","2","5","3","verified_multiple","2 suitable source photographs have been verified; five distinct exact-product images are required."
"bbca-18190246","Bose SoundLink Flex Waterproof Bluetooth Wireless Speaker w/ Built-in Microphone (2nd Gen) - Black","audio","2","5","3","verified_multiple","2 suitable source photographs have been verified; five distinct exact-product images are required."
"bbca-17090098","Sony SRS-XB100 Waterproof Bluetooth Wireless Speaker - Black","audio","4","5","1","verified_multiple","4 suitable source photographs have been verified; five distinct exact-product images are required."
"bbca-19637779","Samsung MX-ST50F Splashproof Bluetooth Party Speaker - Black","audio","2","5","3","verified_multiple","2 suitable source photographs have been verified; five distinct exact-product images are required."
"bbca-19353710","Skullcandy Stomp XXL Splashproof Bluetooth Wireless Party Speaker - Black","audio","2","5","3","verified_multiple","2 suitable source photographs have been verified; five distinct exact-product images are required."
"bbca-15762613","JBL Partybox 710 Splashproof Bluetooth Wireless Party Speaker - Black","audio","2","5","3","verified_multiple","2 suitable source photographs have been verified; five distinct exact-product images are required."
"bbca-17168291","JBL PartyBox Encore Portable Bluetooth Wireless Party Speaker with 2 Microphones","audio","2","5","3","verified_multiple","2 suitable source photographs have been verified; five distinct exact-product images are required."
"bbca-12656543","Klipsch R41M 50-Watt Bookshelf Speaker - Pair - Black - Only at Best Buy","audio","2","5","3","verified_multiple","2 suitable source photographs have been verified; five distinct exact-product images are required."
"bbca-16677894","Klipsch R40M 200-Watt Bookshelf Speaker - Pair - Black","audio","2","5","3","verified_multiple","2 suitable source photographs have been verified; five distinct exact-product images are required."
"bbca-14583644","Kanto YU 140-Watt Bookshelf Speaker - Pair - Matte Black Vinyl - Only at Best Buy","audio","2","5","3","verified_multiple","2 suitable source photographs have been verified; five distinct exact-product images are required."
"bbca-19371863","Sony SSCS5M2 Bookshelf Speaker - Pair - Black","audio","2","5","3","verified_multiple","2 suitable source photographs have been verified; five distinct exact-product images are required."
"bbca-19757126","House Of Marley Get Together Duo 2 Bluetooth Wireless Bookshelf Speakers","audio","2","5","3","verified_multiple","2 suitable source photographs have been verified; five distinct exact-product images are required."
"bbca-19868778","Edifier R1850DB 70-Watts Wireless Bookshelf Speaker - Pair - Black","audio","1","5","4","source_limited","The exact source record did not yield two validated distinct suitable product photographs. Existing cover retained."
"bbca-19733412","Bose Lifestyle Ultra Bluetooth Bookshelf Speaker - Single - Black","audio","1","5","4","api_error","Source attempt failed: HTTP timeout. Existing cover retained."
"bbca-16677892","Klipsch R50M 300-Watt Bookshelf Speaker - Pair - Black","audio","1","5","4","api_error","Source attempt failed: HTTP timeout. Existing cover retained."
"bbca-18168874","JBL Stage250B 5.25"" Bookshelf Speaker - Pair - Espresso","audio","1","5","4","api_error","Source attempt failed: HTTP timeout. Existing cover retained."
"bbca-14619754","KEF Q150 Bookshelf Speakers (Pair, Walnut)","audio","1","5","4","api_error","Source attempt failed: HTTP timeout. Existing cover retained."
"bbca-19977056","Edifier M90 100-Watt Bookshelf Speaker - Pair - Black","audio","1","5","4","api_error","Source attempt failed: HTTP timeout. Existing cover retained."
"bbca-17077164","Yamaha - SR-C30ABL 2.1-Channel Indoor Compact Bluetooth Sound Bar with Wireless Subwoofer - Black","audio","1","5","4","api_error","Source attempt failed: HTTP timeout. Existing cover retained."
"bbca-19650042","VEVOR 32-Inch Sound Bar for Smart TV, 2.0 Channel, Compact Soundbar TV Speakers for Projector, Bluetooth AUX Connection, Remote Control, Easy Setup, 80W Surround Sound System","audio","1","5","4","api_error","Source attempt failed: HTTP timeout. Existing cover retained."
"bbca-19631423","Sound Blaster GS3 Compact RGB Gaming Soundbar with SuperWide Technology, Powered via USB, Bluetooth 5.4, Headphone-Out P","audio","1","5","4","api_error","Source attempt failed: HTTP timeout. Existing cover retained."
"bbca-19630302","Redragon GS550 Orpheus PC Gaming Speakers, 2.0 Channel Stereo Desktop Computer Sound Bar with Compact Maneuverable Size,","audio","1","5","4","api_error","Source attempt failed: HTTP timeout. Existing cover retained."
"bbca-19415009","Wireless Bass Subwoofer TV Soundbar,Two-Channel Stereo Sound Speaker,Bluetooth Speaker TV Computer Soundbar","audio","1","5","4","api_error","Source attempt failed: HTTP timeout. Existing cover retained."
"bbca-17263380","Yamaha - SR-B40ABL DOLBY ATMOS® Sound Bar with Wireless Subwoofer - Black","audio","1","5","4","api_error","Source attempt failed: HTTP timeout. Existing cover retained."
"bbca-18164708","Denon AVR-X1700H 7.2 Channel 8K Ultra HD Network AV Receiver - Only at Best Buy","audio","1","5","4","api_error","Source attempt failed: HTTP timeout. Existing cover retained."
"bbca-17731799","Denon AVR-X1800H 7.2 Channel 8K Dolby Atmos AV Receiver","audio","1","5","4","api_error","Source attempt failed: HTTP 404. Existing cover retained."
"bbca-16481385","Denon AVR-S570BT 5.2 Channel 8K Ultra HD Network AV Receiver","audio","1","5","4","api_error","Source attempt failed: HTTP 500. Existing cover retained."
"bbca-19971327","Yamaha RX300A 5.2-Channel Home Theater AV Receiver with Dolby Atmos, 4K120/8K HDMI, (Black)","audio","1","5","4","api_error","Source attempt failed: HTTP 404. Existing cover retained."
"bbca-17278862","Marantz Stereo 70s 2.0 Channel Network AV Receiver","audio","1","5","4","api_error","Source attempt failed: HTTP 404. Existing cover retained."
"bbca-12323132","Sony STR-DH590 5.2 Channel 4K Ultra HD Home Theatre AV Receiver","audio","1","5","4","api_error","Source attempt failed: HTTP 404. Existing cover retained."
"bbca-19442912","Denon AVR-S270BT 5.1 Channel 4K Ultra HD AV Receiver - Only at Best Buy","audio","1","5","4","api_error","Source attempt failed: HTTP 404. Existing cover retained."
"bbca-16562217","Marantz Cinema 60 7.2 Channel 8K Ultra HD Network AV Receiver","audio","1","5","4","api_error","Source attempt failed: HTTP 404. Existing cover retained."
"bbca-17119597","Canon EOS R100 Mirrorless Camera with 18-45mm IS STM Lens Kit","cameras-drones","4","5","1","verified_multiple","4 suitable source photographs have been verified; five distinct exact-product images are required."
"bbca-19184501","Sony Alpha 6400 APS-C Mirrorless Camera with 16-50mm Lens Kit - Black","cameras-drones","1","5","4","api_error","Source attempt failed: HTTP 404. Existing cover retained."
"bbca-19184499","Sony Alpha 6100 APS-C Mirrorless Camera with 16-50mm Lens Kit - Black","cameras-drones","1","5","4","api_error","Source attempt failed: HTTP 404. Existing cover retained."
"bbca-16691448","Canon EOS R8 Mirrorless Camera with 24-50mm IS STM Lens Kit","cameras-drones","4","5","1","verified_multiple","4 suitable source photographs have been verified; five distinct exact-product images are required."
"bbca-19893200","Sony Alpha 7 III Full-Frame Mirrorless Camera with 28-70mm Lens Kit","cameras-drones","1","5","4","api_error","Source attempt failed: HTTP 404. Existing cover retained."
"bbca-16691447","Canon EOS R50 Mirrorless Camera with RF-S 18-45mm IS STM Lens Kit","cameras-drones","4","5","1","verified_multiple","4 suitable source photographs have been verified; five distinct exact-product images are required."
"bbca-19281790","Canon R50 V Mirrorless Camera with 14-30 IS STM PZ Lens Kit","cameras-drones","4","5","1","verified_multiple","4 suitable source photographs have been verified; five distinct exact-product images are required."
"bbca-16683868","Canon EOS R6 Mark II Mirrorless Camera with 24-105mm STM Lens Kit","cameras-drones","4","5","1","verified_multiple","4 suitable source photographs have been verified; five distinct exact-product images are required."
"bbca-16248831","Canon EOS R10 Mirrorless Camera with 18-45mm STM Lens Kit","cameras-drones","4","5","1","verified_multiple","4 suitable source photographs have been verified; five distinct exact-product images are required."
"bbca-15779886","Sony Alpha 7 IV Full-Frame Mirrorless Camera (Body Only)","cameras-drones","1","5","4","api_error","Source attempt failed: HTTP 404. Existing cover retained."
"bbca-19442352","Sony Alpha ZV-E10KB APS-C Interchangeable Lens Mirrorless Vlog Camera with 16-50mm Kit - Black","cameras-drones","1","5","4","api_error","Source attempt failed: HTTP 404. Existing cover retained."
"bbca-19597711","Canon EOS R6 Mark III Mirrorless Camera with RF24-105mm IS STM Lens Kit","cameras-drones","4","5","1","verified_multiple","4 suitable source photographs have been verified; five distinct exact-product images are required."
"bbca-12383477","Canon EOS Rebel T7 DSLR Camera with 18-55mm IS Lens Kit","cameras-drones","1","5","4","api_error","Source attempt failed: HTTP 404. Existing cover retained."
"bbca-17214194","Canon EOS 2000D Rebel T7 DSLR Camera with 18-55mm III Lens With 25 Piece Bundle","cameras-drones","1","5","4","api_error","Source attempt failed: HTTP 404. Existing cover retained."
"bbca-15954044","Nikon D780 DSLR Camera with 24-120mm Lens","cameras-drones","1","5","4","api_error","Source attempt failed: HTTP 404. Existing cover retained."
"bbca-17340859","Nikon D7500 DSLR Camera with 18-140mm Lens + 64GB + Flash + Tripod Bundle","cameras-drones","1","5","4","api_error","Source attempt failed: HTTP 404. Existing cover retained."
"bbca-17340858","Nikon D7500 DSLR Camera with 18-140mm Lens + 64GB + Filter Kit + Flash Bundle","cameras-drones","1","5","4","api_error","Source attempt failed: HTTP 404. Existing cover retained."
"bbca-15886950","Canon EOS 2000D (Rebel T7) DSLR Camera with EF-S 18-55mm DC III Lens - Deluxe Bundle Includes: Dual Ultra 32GB (64GB) SD, Extra Battery and Charger, LED Light Kit, Case and More","cameras-drones","1","5","4","api_error","Source attempt failed: HTTP 404. Existing cover retained."
"bbca-15942012","Nikon D5600 DSLR Camera with 18-55mm Lens","cameras-drones","1","5","4","blocked_pending","Not requested after Best Buy edge denied further access."
"bbca-14472138","Canon EOS Rebel T8i DSLR Camera with 18-55mm IS STM Lens Kit","cameras-drones","1","5","4","blocked_pending","Not requested after Best Buy edge denied further access."
"bbca-13243882","Nikon D5600 DSLR Camera with 18-55mm VR Lens - US Version w/Seller Warranty","cameras-drones","1","5","4","blocked_pending","Not requested after Best Buy edge denied further access."
"bbca-20170974","Nikon D7500 DSLR Camera with 18-55mm + 70-300mm Lens + 2 Pcs 64GB Memory Cards + Tripod + Wideangle + Flash + ZeeTech Accessory Bundle","cameras-drones","1","5","4","blocked_pending","Not requested after Best Buy edge denied further access."
"bbca-14547429","Nikon D780 DSLR Camera (Body Only)","cameras-drones","1","5","4","blocked_pending","Not requested after Best Buy edge denied further access."
"bbca-19890737","Compact Camera - Point-and-Shoot - Home Photography - Silver - Standard Pack","cameras-drones","1","5","4","blocked_pending","Not requested after Best Buy edge denied further access."
"bbca-18930240","Panasonic LUMIX FZ80D Compact Camera with 20-1200mm Zoom Lens, Point and Shoot Digital Camera with 4K Video/Photo Recording and Power Optical Image Stabilizer - DC-FZ80D","cameras-drones","1","5","4","blocked_pending","Not requested after Best Buy edge denied further access."
"bbca-19890525","Digital Camera - Compact Point-and-Shoot Camera - White - 1 Pc","cameras-drones","1","5","4","blocked_pending","Not requested after Best Buy edge denied further access."
"bbca-20173998","Mirror-Finish Butterfly Gradient Portable CCD Point-and-Shoot Camera Retro Entry-Level Mini Digital Camera","cameras-drones","1","5","4","blocked_pending","Not requested after Best Buy edge denied further access."
"bbca-18586475","MAKATA Compact HD Digital Camera (WHITE) 50MP 16X Zoom HD 1080P Point and Shoot Camera 32GB Memory Card, Fun Camera for Boys Girls Kids Students Beginners Birthday and Holiday Gift","cameras-drones","1","5","4","blocked_pending","Not requested after Best Buy edge denied further access."
"bbca-17384515","Canon Powershot IXY 650 / ELPH 360 20.2MP Point and Shoot Digital Camera (Silver)","cameras-drones","1","5","4","blocked_pending","Not requested after Best Buy edge denied further access."
"bbca-19285877","KODAK PIXPRO Friendly Zoom FZ45-BK 16MP Digital Camera with 4X Optical Zoom 27mm Wide Angle and 2.7"" LCD Screen","cameras-drones","1","5","4","blocked_pending","Not requested after Best Buy edge denied further access."
"bbca-17761577","Canon PowerShot ELPH 360 HS Digital Camera Bundled with Accessory Kit (Kodak 32GB MicroSD Card and Camera Pouch/Bag and Cleaning Cloth) - BLACK","cameras-drones","1","5","4","blocked_pending","Not requested after Best Buy edge denied further access."
"bbca-19827586","Fujifilm QuickSnap Flash 400 One-Time-Use Camera, 27 Exposures, ISO 400, Built-In Flash, Fixed-Focus Wide-Angle Lens","cameras-drones","1","5","4","blocked_pending","Not requested after Best Buy edge denied further access."
"bbca-19292160","New Children's Camera Portable Photography Mini Game Children's Small Camera HD Digital Camera Birthday Gift (Red)","cameras-drones","1","5","4","blocked_pending","Not requested after Best Buy edge denied further access."
"bbca-17761576","Canon PowerShot ELPH 360 HS Digital Camera Bundled with Accessory Kit (Kodak 32GB GB Micro SD Card and Camera Pouch/Bag and Cleaning Cloth) - SILVER","cameras-drones","1","5","4","blocked_pending","Not requested after Best Buy edge denied further access."
"bbca-13836358","Sony Cyber-shot RX100 VII Content Creator Vlogger 20.1MP 8x Optical Zoom Digital Camera - Black","cameras-drones","1","5","4","blocked_pending","Not requested after Best Buy edge denied further access."
"bbca-17186503","DJI Osmo Action 4 Standard Combo 4K Action Camera","cameras-drones","4","5","1","verified_multiple","4 suitable source photographs have been verified; five distinct exact-product images are required."
"bbca-19867474","Insta360 Luna Ultra Standard 8K Action Camera - Cosmic Black","cameras-drones","1","5","4","blocked_pending","Not requested after Best Buy edge denied further access."
"bbca-17498642","myFirst Camera 2 (Pink) Kids Action Camera with IPX8 Waterproof & Shockproof Case, 1080p Video 8MP Photo, Tripod Mount, Action Camera for Swimming, Gift for Girl Ages 3-12","cameras-drones","1","5","4","blocked_pending","Not requested after Best Buy edge denied further access."
"bbca-19307484","Action Camera 4K Video Camera Anti-shake with Remote Control Action Camera Camera, Black + 64G Card","cameras-drones","1","5","4","blocked_pending","Not requested after Best Buy edge denied further access."
"bbca-19876342","XbotGo Falcon Elite Pack All-in-One AI Action Camera, 4K Auto Tracking Sport Camera, Dual-Lens Team Recorder with Live Streaming, No Subscription Required (Edge Green)","cameras-drones","1","5","4","blocked_pending","Not requested after Best Buy edge denied further access."
"bbca-19966189","Digital Video Camera 1080P 16MP Camcorder 16X Zoom Rotating Screen Red 1 Pack","cameras-drones","1","5","4","blocked_pending","Not requested after Best Buy edge denied further access."
"bbca-17370307","Vivitar DVR4K 4K Pro SD Flash Memory Camcorder - Only at Best Buy","cameras-drones","1","5","4","blocked_pending","Not requested after Best Buy edge denied further access."
"bbca-17118308","Camcorder Video Camera 5K 48MP Vlogging Camera with Autofocus WiFi 16X Digital Zoom,3"" 270° IPS Screen,32GB Card,2 Batteries & Microphone for YouTube Travel","cameras-drones","1","5","4","blocked_pending","Not requested after Best Buy edge denied further access."
"bbca-17370304","Vivitar DVR8K 8K Pro SD Flash Memory Camcorder - Only at Best Buy","cameras-drones","1","5","4","blocked_pending","Not requested after Best Buy edge denied further access."
"bbca-19376681","Panasonic Full HD Camcorder, Lightweight Video Camera, Easy to Use for Sports, Travel, and Holidays V900 (HC-V900)","cameras-drones","1","5","4","blocked_pending","Not requested after Best Buy edge denied further access."
"bbca-18389625","Vivitar KidsTech Flash Memory Camcorder - Pink - Only at Best Buy","cameras-drones","1","5","4","blocked_pending","Not requested after Best Buy edge denied further access."
"bbca-19890517","Digital Video Camera - DV Camcorder - 1080P Recording - Black - 1 Pc","cameras-drones","1","5","4","blocked_pending","Not requested after Best Buy edge denied further access."
"bbca-17115602","Video Camera Camcorder 4K WiFi 48MP Vlogging Camera for YouTube with Microphone","cameras-drones","1","5","4","blocked_pending","Not requested after Best Buy edge denied further access."
"bbca-17664027","2.7K Video Camera Camcorder Ultra HD 42MP 18X YouTube Live Stream Vlogging Recorder with 32GB TF Card","cameras-drones","1","5","4","blocked_pending","Not requested after Best Buy edge denied further access."
"bbca-18929246","NBD 4K Ultra HD Camcorder Video Camera with True 48MP Vlogging Camera for YouTube With Wi-Fi App Control Video Recorder with 3X Battery Life,16X Zoom External Mic 270° IPS Screen","cameras-drones","1","5","4","blocked_pending","Not requested after Best Buy edge denied further access."
"bbca-18905851","NBD 5K Video Camera Camcorder, 48MP Vlogging Camera for YouTube 16X Digital Zoom, Camcorder With Flip Screen. WIFI & Remote Camera with Ultra-Long Battery Life, Fill Light (5K)","cameras-drones","1","5","4","blocked_pending","Not requested after Best Buy edge denied further access."
"bbca-20064752","ApexGear 4K UHD Camcorder, 18X Zoom Video, Anti-Shake 270° Flip Screen Wi-Fi Transfer, LED Fill Light and Ext Wide-Angle Lens for Vlog, Trave","cameras-drones","1","5","4","blocked_pending","Not requested after Best Buy edge denied further access."
"bbca-17632266","Canon XF605 UHD 4K HDR Pro Camcorder","cameras-drones","1","5","4","blocked_pending","Not requested after Best Buy edge denied further access."
"bbca-19376669","Panasonic X2100 4K Pro Camcorder w/ 24x Optical Zoom, Livestream","cameras-drones","1","5","4","blocked_pending","Not requested after Best Buy edge denied further access."
"bbca-20180831","Panasonic HC-X2100 Camcorder UHD 4K with 2 Pack 32GB Memory Card + Backpack + LED Flash + Widgeangle + ZeeTech Accessory Bundle","cameras-drones","1","5","4","blocked_pending","Not requested after Best Buy edge denied further access."
"bbca-20180828","Panasonic HC-X2100 Camcorder UHD 4K with 2 Pack 64GB Memory Card + Backpack + LED Flash + Widgeangle + ZeeTech Accessory Bundle","cameras-drones","1","5","4","blocked_pending","Not requested after Best Buy edge denied further access."
"bbca-16691445","Canon RF-S 55-210mm f/5-7.1 IS STM Lens","cameras-drones","4","5","1","verified_multiple","4 suitable source photographs have been verified; five distinct exact-product images are required."
"bbca-14799506","Canon RF 70-200mm f/2.8L IS USM Lens - Black","cameras-drones","1","5","4","blocked_pending","Not requested after Best Buy edge denied further access."
"bbca-18625658","Canon RF 24mm f/1.4 L VCM Lens (Canon RF)","cameras-drones","4","5","1","verified_multiple","4 suitable source photographs have been verified; five distinct exact-product images are required."
"bbca-19384911","Canon RF 75-300mm f/4–5.6 DC Motor Lens - Black","cameras-drones","3","5","2","verified_multiple","3 suitable source photographs have been verified; five distinct exact-product images are required."
"bbca-14799505","Canon RF 24-70mm f/2.8L IS USM Lens - Black","cameras-drones","4","5","1","verified_multiple","4 suitable source photographs have been verified; five distinct exact-product images are required."
"bbca-18625656","Canon 50mm f1.4L VCM RF Lens","cameras-drones","4","5","1","verified_multiple","4 suitable source photographs have been verified; five distinct exact-product images are required."
"bbca-19866137","Canon RF 75-300mm F/4-5.6 Lens","cameras-drones","3","5","2","verified_multiple","3 suitable source photographs have been verified; five distinct exact-product images are required."
"bbca-13221043","Canon RF 35mm f/1.8 Macro IS STM Lens - Black","cameras-drones","2","5","3","verified_multiple","2 suitable source photographs have been verified; five distinct exact-product images are required."
"bbca-19964492","Canon RF 100-400mm f5.6-8 IS USM Lens","cameras-drones","4","5","1","verified_multiple","4 suitable source photographs have been verified; five distinct exact-product images are required."
"bbca-13221045","Canon RF 24-105mm f/4L IS USM Lens - Black","cameras-drones","2","5","3","verified_multiple","2 suitable source photographs have been verified; five distinct exact-product images are required."
"bbca-14763265","Canon RF 85mm f/2 Macro IS STM Telephoto Lens","cameras-drones","4","5","1","verified_multiple","4 suitable source photographs have been verified; five distinct exact-product images are required."
"bbca-19899674","Canon 16mm f2.8 STM RF Lens","cameras-drones","2","5","3","verified_multiple","2 suitable source photographs have been verified; five distinct exact-product images are required."
"bbca-14345055","Canon 28-70mm RF f2L USM Lens","cameras-drones","2","5","3","verified_multiple","2 suitable source photographs have been verified; five distinct exact-product images are required."
"bbca-19595663","Canon RF 45mm f/1.2 STM Lens - Black","cameras-drones","3","5","2","verified_multiple","3 suitable source photographs have been verified; five distinct exact-product images are required."
"bbca-19636619","(Brand New) Canon RF 135mm f/1.8 L IS USM Lens – RF Mount","cameras-drones","4","5","1","verified_multiple","4 suitable source photographs have been verified; five distinct exact-product images are required."
"bbca-19590871","Canon RF-S18-150mm F3.5-6.3 IS STM Lens - BLACK","cameras-drones","4","5","1","verified_multiple","4 suitable source photographs have been verified; five distinct exact-product images are required."
"bbca-19863728","Canon RF 24-105mm F/2.8 L IS USM Z Lens","cameras-drones","4","5","1","verified_multiple","4 suitable source photographs have been verified; five distinct exact-product images are required."
"bbca-18625657","Canon RF 70-200mm f/2.8 L IS USM Z Lens (Black, Canon RF)","cameras-drones","4","5","1","verified_multiple","4 suitable source photographs have been verified; five distinct exact-product images are required."
"bbca-19494045","Holy Stone HS280D Under 249g Foldable FPV Drone with 4K HD Camera, Brushless Motor & 2 Batteries","cameras-drones","1","5","4","blocked_pending","Not requested after Best Buy edge denied further access."
"bbca-19391867","Holy Stone HS360S 249 g GPS Drone for Adult Beginners with 4K UHD Camera, Controller Included, 10,000-ft Range & Auto Return - Black","cameras-drones","1","5","4","blocked_pending","Not requested after Best Buy edge denied further access."
"bbca-19837074","DJI Lito X1 Fly More Combo Drone (Updated Version of Mini 3) with 4K Camera, RC 2 Remote, <249g, Obstacle Sensing","cameras-drones","3","5","2","verified_multiple","3 suitable source photographs have been verified; five distinct exact-product images are required."
"bbca-19841941","DJI Lito 1 Drone (Updated Version of Mini 4K) Drone with 4K Camera, <249g, Obstacle Sensing","cameras-drones","3","5","2","verified_multiple","3 suitable source photographs have been verified; five distinct exact-product images are required."
"bbca-19837076","DJI Lito X1 Drone (Updated Version of Mini 3) with 4K Camera, <249g, Obstacle Sensing","cameras-drones","3","5","2","verified_multiple","3 suitable source photographs have been verified; five distinct exact-product images are required."
"bbca-19836359","Drone with Camera, Self-Flying Camera Drone with Follow Me Mode, Foldable Mini Drone with HDR Video Capture, Palm Takeoff, Intelligent Flight Paths, Hands-Free Control Black","cameras-drones","1","5","4","blocked_pending","Not requested after Best Buy edge denied further access."
"bbca-19463508","DJI Mini 5 Pro Intelligent Flight Battery","cameras-drones","3","5","2","verified_multiple","3 suitable source photographs have been verified; five distinct exact-product images are required."
"bbca-19836493","DJI Lito X1 Intelligent Flight Battery (DJI LX1-IB)","cameras-drones","3","5","2","verified_multiple","3 suitable source photographs have been verified; five distinct exact-product images are required."
"bbca-19463507","DJI Mini 5 Pro Intelligent Battery Plus","cameras-drones","3","5","2","verified_multiple","3 suitable source photographs have been verified; five distinct exact-product images are required."
"bbca-17210389","DJI Air 3 Intelligent Flight Battery","cameras-drones","1","5","4","blocked_pending","Not requested after Best Buy edge denied further access."
"bbca-19836498","DJI Lito X1 Flight Battery Plus Rechargeable Battery (DJI LX1-B+)","cameras-drones","3","5","2","verified_multiple","3 suitable source photographs have been verified; five distinct exact-product images are required."
"bbca-19788239","DJI Avata 360 Intelligent Flight Battery","cameras-drones","4","5","1","verified_multiple","4 suitable source photographs have been verified; five distinct exact-product images are required."
"bbca-19836495","DJI Lito 1 Intelligent Flight Battery (DJI L1-IB)","cameras-drones","3","5","2","verified_multiple","3 suitable source photographs have been verified; five distinct exact-product images are required."
"bbca-15224703","DJI Mini 2 Two-Way Charging Hub","cameras-drones","3","5","2","verified_multiple","3 suitable source photographs have been verified; five distinct exact-product images are required."
"bbca-19788240","DJI Avata 360 Two-Way Charging Hub","cameras-drones","4","5","1","verified_multiple","4 suitable source photographs have been verified; five distinct exact-product images are required."
"bbca-19493370","Two-Way Battery Charging Hub For Mini 4K/ Mini SE/Mini 2 Drone Battery Charger Charge Three Batteries in Sequence","cameras-drones","1","5","4","blocked_pending","Not requested after Best Buy edge denied further access."
"bbca-16108309","DJI Mini 4 Pro/ Mini 3 Pro/ Mini 3 Two-Way Charging Hub","cameras-drones","1","5","4","blocked_pending","Not requested after Best Buy edge denied further access."
"bbca-19836496","DJI Lito 1 Two-Way Charging Hub (DJI L1-HUB)","cameras-drones","4","5","1","verified_multiple","4 suitable source photographs have been verified; five distinct exact-product images are required."
"bbca-19463511","DJI Mini 5 Pro Two-Way Charging Hub","cameras-drones","4","5","1","verified_multiple","4 suitable source photographs have been verified; five distinct exact-product images are required."
"bbca-19836494","DJI Lito X1 Two-Way Charging Hub (DJI LX1-HUB)","cameras-drones","4","5","1","verified_multiple","4 suitable source photographs have been verified; five distinct exact-product images are required."
"bbca-19278494","Replacement DJI Phantom 4 USB Charger","cameras-drones","1","5","4","blocked_pending","Not requested after Best Buy edge denied further access."
"bbca-19959202","Dash Cam Front and Rear Camera 360° View 4 Channel Dashcam for Cars, QHD 2K+1080P*3 Car Dash Camera with 64GB Card, 5G WiFi &APP Control, Night Vision/G-Sensor, 24H Parking Mode","car-tech","1","5","4","blocked_pending","Not requested after Best Buy edge denied further access."
"bbca-18394663","Garmin Mini 3 1080p HD Dash Cam with Wi-Fi","car-tech","1","5","4","blocked_pending","Not requested after Best Buy edge denied further access."
"bbca-18394664","Garmin X110 1080p Dash Cam with 2.4"" LCD Screen & Wi-Fi","car-tech","1","5","4","blocked_pending","Not requested after Best Buy edge denied further access."
"bbca-19372744","REDTIGER A4 Dash Cam Front and Rear 4K Dash Cam, 5.8GHz WiFi, Touch Screen","car-tech","1","5","4","blocked_pending","Not requested after Best Buy edge denied further access."
"bbca-15740451","Rexing M2 Smart Dual Channel Mirror Dash Cam 12″ Touch Screen w/ BSD ADAS","car-tech","1","5","4","blocked_pending","Not requested after Best Buy edge denied further access."
"bbca-13617027","Nextbase 322GW Full HD 1080p Dash Cam with 2.5"" LED HD IPS Touch Screen & Wi-Fi","car-tech","1","5","4","blocked_pending","Not requested after Best Buy edge denied further access."
"bbca-19416454","3 Channel Dash Camera for Car Front & Rear Inside Dashcam Car Video Recorder,170° Wide Angle Vehicle Cam,WDR,G-Sensor,Night Vision,Portable Car Dash Cam-Without SD Card","car-tech","1","5","4","blocked_pending","Not requested after Best Buy edge denied further access."
"bbca-15325325","Thinkware F200 Pro 1080p Wifi Dash Cam with Rear View Camera & GPS - Only at Best Buy","car-tech","1","5","4","blocked_pending","Not requested after Best Buy edge denied further access."
"bbca-19902407","Dash Cam Front 1440P Dashcam with 32G SD Card, Dash Camera for Cars, Mini Dashcams with App,WiFi, Night Vision, G-Sensor, Loop Recording, 24H Parking Mode, Support 256GB Max","car-tech","1","5","4","blocked_pending","Not requested after Best Buy edge denied further access."
"bbca-17223053","Thinkware F70 Pro Full HD 1080p Dash Cam with Wi-Fi","car-tech","1","5","4","blocked_pending","Not requested after Best Buy edge denied further access."
"bbca-17167295","Dash Cam Front and Rear Camera, Dash Cam WiFi/APP Control Dashcam W/ 64GB Card, 2.5K Dashcam Front + 1080P Rear Car Dash Camera W/Super Night Vision, Loop Recording, G-Sensor","car-tech","1","5","4","blocked_pending","Not requested after Best Buy edge denied further access."
"bbca-18470368","Nextbase Piqo 2K 1440p Dash Cam with Wi-Fi & GPS","car-tech","1","5","4","blocked_pending","Not requested after Best Buy edge denied further access."
"bbca-17084749","Thinkware U3000 4K UHD Dash Cam with Rear Camera, GPS & Wi-Fi","car-tech","1","5","4","blocked_pending","Not requested after Best Buy edge denied further access."
"bbca-19948756","BOSS Audio Systems 611UAB Car Stereo - Single Din","car-tech","1","5","4","blocked_pending","Not requested after Best Buy edge denied further access."
"bbca-17248351","BCP62 Car Stereo System - Apple CarPlay, 6.2 Inch Double Din, Capacitive Touchscreen, Bluetooth and Calling Head Unit, USB, No CD Player, Radio Receiver, for Amplifier","car-tech","1","5","4","blocked_pending","Not requested after Best Buy edge denied further access."
"bbca-19731202","Junsun 9 Inch For Toyota Tacoma 2005-2015 Android 2+32GB Carplay Car Stereo Radio GPS Navi Bluetooth WIFI FM","car-tech","1","5","4","blocked_pending","Not requested after Best Buy edge denied further access."
"bbca-18910653","BOSS Audio Systems Elite BE10ACP.WXC Single DIN Car Stereo Wireless Apple CarPlay, Android Auto, 10.1 Inch Touchscreen, Sirius XM-Ready, Bluetooth + Backup Camera","car-tech","1","5","4","blocked_pending","Not requested after Best Buy edge denied further access."
"bbca-19731247","Junsun Carplay 2+32GB Android For Dodge Ram 1500 2500 3500 9""Car Stereo Radio GPS Navi WIFI SWC RDS FM Bluetooth","car-tech","1","5","4","blocked_pending","Not requested after Best Buy edge denied further access."
"bbca-19914090","8"" Car Stereo Radio GPS Navi WIFI RDS DSP SWC BT FM For GMC Chevy Tahoe Yukon Silverado 2+32GB Carplay","car-tech","1","5","4","blocked_pending","Not requested after Best Buy edge denied further access."
"bbca-16065431","Ground Loop Noise Isolator, Noise Filter, Eliminate The Buzzing Noise for Your Car Audio System/Home Stereo","car-tech","1","5","4","blocked_pending","Not requested after Best Buy edge denied further access."
"bbca-18911286","BOSS Audio Systems Elite BE7ACP.WXC Double DIN Car Stereo Wireless Apple CarPlay Android Auto, 7 Inch Touchscreen, Sirius XM-Ready, Bluetooth + Backup Camera","car-tech","1","5","4","blocked_pending","Not requested after Best Buy edge denied further access."
"bbca-19182707","Boss Audio BE9ACP.WX 9"" Digital Multimedia Receiver with Sirius XM / Apple Carplay / Android Auto","car-tech","1","5","4","blocked_pending","Not requested after Best Buy edge denied further access."
"bbca-19592948","Car Radio Bluetooth 1Din Car Radio, 4x60W FM Stereo, USB/SD/AUX/EQ/MP3 Player","car-tech","1","5","4","blocked_pending","Not requested after Best Buy edge denied further access."
"bbca-19735440","Junsun For Jeep Grand Cherokee Chrysler Android CarPlay Car Stereo Radio GPS Navi 2+32GB SWC WIFI RDS Bluetooth","car-tech","1","5","4","blocked_pending","Not requested after Best Buy edge denied further access."
"bbca-18910393","BOSS Audio Systems Elite BE9ACP.WXC Single DIN Car Stereo Wireless Apple CarPlay, Android Auto, 9 Inch Touchscreen, Sirius XM-Ready, Bluetooth + Backup Camera","car-tech","1","5","4","blocked_pending","Not requested after Best Buy edge denied further access."
"bbca-14493079","Sony DSX-B700 Double DIN In-Dash Bluetooth Digital Media Car Stereo Receiver (Does Not Play CDs)","car-tech","1","5","4","blocked_pending","Not requested after Best Buy edge denied further access."
"bbca-18570185","Cmple - 3.5mm Aux Cable 3ft Black Male to Male Gold-Plated TRS Stereo Audio Cord for Car","car-tech","1","5","4","blocked_pending","Not requested after Best Buy edge denied further access."
"bbca-19871224","VEVOR 4 Channel Car Audio Amplifier 2 Ohm Stable Bridgeable Class A/B Full Range Amp Max Power 4 x 250W @ 4 Ohm / 4 x 500W @ 2 Ohm for Car SUV Truck Off-Road","car-tech","1","5","4","blocked_pending","Not requested after Best Buy edge denied further access."
"bbca-19871225","VEVOR 4 Channel Car Audio Amplifier 2 Ohm Stable Bridgeable Class D Full Range Amp Max Power 4 x 110W @ 4 Ohm / 4 x 160W @ 2 Ohm for Car SUV Truck Off-Road","car-tech","1","5","4","blocked_pending","Not requested after Best Buy edge denied further access."
"bbca-19871223","VEVOR 4 Channel Car Audio Amplifier 2 Ohm Stable Bridgeable Class A/B Full Range Amp Max Power 4 x 200W @ 4 Ohm / 4 x 400W @ 2 Ohm for Car SUV Truck Off-Road","car-tech","1","5","4","blocked_pending","Not requested after Best Buy edge denied further access."
"bbca-19695285","VEVOR 2000W RMS MAX Monoblock Car Amplifier, 1/2/4 Ohm Stable, 1-Channel Class D Car Audio Amplifier with Remote Subwoofer Level Control,Low Pass Filter,Volume Controller Included","car-tech","1","5","4","blocked_pending","Not requested after Best Buy edge denied further access."
"bbca-13506552","Pioneer GM-DX971 Class-D Mono Car Subwoofer Amplifier","car-tech","1","5","4","blocked_pending","Not requested after Best Buy edge denied further access."
"bbca-19438502","CT Sounds CT-400.1D 400W RMS Monoblock Car Audio Amplifier","car-tech","1","5","4","blocked_pending","Not requested after Best Buy edge denied further access."
"bbca-16356099","Hertz DPOWER1D-P D Class Mono Car Audio Amplifier","car-tech","1","5","4","blocked_pending","Not requested after Best Buy edge denied further access."
"bbca-19592943","GPS Navigation for Car & Truck, 7-Inch Touch Screen, Voice Guidance, 2023 Maps, Speed Alert","car-tech","1","5","4","blocked_pending","Not requested after Best Buy edge denied further access."
"bbca-19840055","7-inch GPS Navigation for Car Truck RV, 2026 Maps Free Lifetime Updates, GPS for Car Supports Voice Guidance, Custom Truck Routing, Speed Camera Alerts","car-tech","1","5","4","blocked_pending","Not requested after Best Buy edge denied further access."
"bbca-19840054","5-inch GPS Navigation for Car Truck RV, 2026 Maps Free Lifetime Updates, GPS for Car Supports Voice Guidance, Custom Truck Routing, Speed Camera Alerts","car-tech","1","5","4","blocked_pending","Not requested after Best Buy edge denied further access."
"bbca-19840053","9-inch GPS Navigation for Car Truck RV, 2026 Maps Free Lifetime Updates, GPS for Car Supports Voice Guidance, Custom Truck Routing, Speed Camera Alerts","car-tech","1","5","4","blocked_pending","Not requested after Best Buy edge denied further access."
"bbca-17969670","Garmin Drive™ 53 with Traffic, GPS Navigator, High-Resolution Touchscreen, Simple On-Screen Menus and Easy-to-See Map","car-tech","1","5","4","blocked_pending","Not requested after Best Buy edge denied further access."
"bbca-19307430","GPS Navigator for Car,7-Inch Touch Screen Car GPS Navigation,Voice Turn Direction Guidance Vehicle Navigator,Portable Car Navigation Device for Car Truck Bus Taxi","car-tech","1","5","4","blocked_pending","Not requested after Best Buy edge denied further access."
"bbca-19327770","Car Truck GPS Navigation 7 Inch Touch Screen Pre install Latest Maps with Voice Guidance & Speed ​​Warning","car-tech","1","5","4","blocked_pending","Not requested after Best Buy edge denied further access."
"bbca-18170637","Garmin dēzl OTR720 7"" Truck GPS","car-tech","1","5","4","blocked_pending","Not requested after Best Buy edge denied further access."
"bbca-19995475","GPS Tracker Device Anti Loss Tracker For Seniors Pets Vehicle Logistics Tracking","car-tech","1","5","4","blocked_pending","Not requested after Best Buy edge denied further access."
"bbca-19497891","ShadowGPS GPS Tracker for Vehicles – OBD-II Car Tracker with Live Tracking, Driving Alerts, Trip History, Vehicle Diagnostics & App Access – $12/mo – 1-Year Subscription","car-tech","1","5","4","blocked_pending","Not requested after Best Buy edge denied further access."
"bbca-19448680","GF10 GPS Tracker with Strong Magnet, Car Locator, No Installation, Real-Time Anti-Lost Device for Vehicles, Seniors, Kids and Pets","car-tech","1","5","4","blocked_pending","Not requested after Best Buy edge denied further access."
"bbca-19370741","ShadowGPS GPS Tracker for Vehicles – OBD-II Car Tracker with Real-Time Tracking, Driving Alerts, Trip History, Vehicle Diagnostics & App Access – $12/mo","car-tech","1","5","4","blocked_pending","Not requested after Best Buy edge denied further access."
"bbca-19948164","miTrail™ Rugged and Light Duty Vehicle GPS Tracker - Simple 3-Wire Install MVT-2253 Vehicle Tracker with Real-Time Tracking, Device Alerts, Trip History, & App Access – $14.50/mo","car-tech","1","5","4","blocked_pending","Not requested after Best Buy edge denied further access."
"bbca-19355500","ShadowGPS Portable GPS Tracker – Real-Time Location Tracker for Vehicles, Kids & Assets with Motion Alerts, Geofencing, Trip History & App Access – $12/mo","car-tech","1","5","4","blocked_pending","Not requested after Best Buy edge denied further access."
"bbca-19948366","miTrail™ Recreational Vehicle GPS Tracker - Simple Wired MVT-2275 Vehicle Tracker with Real-Time Tracking, Device Alerts, Trip History, & App Access – $14.50/mo","car-tech","1","5","4","blocked_pending","Not requested after Best Buy edge denied further access."
"bbca-19948165","miTrail™ Simple 2-Wired GPS Tracker - 4G LTE MVT-2020 Vehicle Tracker with Real-Time Tracking, Device Alerts, Trip History, Vehicle Diagnostics & App Access – $14.50/mo","car-tech","1","5","4","blocked_pending","Not requested after Best Buy edge denied further access."
"bbca-19943914","4pcs GPS Tracker for Vehicles Mini GPS Tracker with 4 Waterproof Keyrings Tracker Device for Vehicles No Monthly Fee -","car-tech","1","5","4","blocked_pending","Not requested after Best Buy edge denied further access."
"bbca-19948231","miTrail™ Plug & Play Simple Vehicle GPS Tracker - OBDII MVT - 1120L Car Tracker with Real-Time Tracking, Device Alerts, Trip History, Vehicle Diagnostics, & App Access – $14.50/mo","car-tech","1","5","4","blocked_pending","Not requested after Best Buy edge denied further access."
"bbca-19945650","miTrail™ Simple 2-Wired GPS Tracker - 4G LTE MVT-2120BL Vehicle Tracker with Real-Time Tracking, Device Alerts, Trip History, Vehicle Diagnostics & App Access – $14.50/mo","car-tech","1","5","4","blocked_pending","Not requested after Best Buy edge denied further access."
"bbca-19600325","ShadowGPS Portable GPS Tracker with Magnetic Case – Real-Time Location Tracker for Vehicles, Kids & Assets with Motion Alerts, Geofencing, Trip History & App Access – $12/mo","car-tech","1","5","4","blocked_pending","Not requested after Best Buy edge denied further access."
"bbca-19603839","Magnetic GPS Tracker for Vehicles, Real-Time Waterproof Tracking Device with Anti-Theft Alarm","car-tech","1","5","4","blocked_pending","Not requested after Best Buy edge denied further access."
"bbca-19948166","miTrail™ Plug & Play Advanced Vehicle GPS Tracker - OBDII MVT - 1250 Car Tracker with Real-Time Tracking, Device Alerts, Trip History, Vehicle Diagnostics, & App Access – $14.50/mo","car-tech","1","5","4","blocked_pending","Not requested after Best Buy edge denied further access."
"bbca-19948236","miTrail™ Plug & Play Simple Vehicle GPS Tracker - OBDII MVT - 1230 Car Tracker with Real-Time Tracking, Device Alerts, Trip History, Vehicle Diagnostics, & App Access – $14.50/mo","car-tech","1","5","4","blocked_pending","Not requested after Best Buy edge denied further access."
"bbca-19203996","PlanetGPS (Jupiter) - Magnetic Waterproof GPS Tracker for Car Vehicle w/1 year Worldwide Coverage included","car-tech","1","5","4","blocked_pending","Not requested after Best Buy edge denied further access."
"bbca-19203998","PlanetGPS (Saturn) - Waterproof Magnetic GPS Tracker for Car w/ 1 year Worldwide Coverage included GPS Tracker for Vehicles Trucks (1 to 2 Months Battery Life)","car-tech","1","5","4","blocked_pending","Not requested after Best Buy edge denied further access."
"bbca-19945651","miTrail™ Plug & Play Vehicle GPS Tracker - OBDII MVT - 1160X Car Tracker with Real-Time Tracking, Device Alerts, Trip History, Vehicle Diagnostics, & App Access – $14.50/mo","car-tech","1","5","4","blocked_pending","Not requested after Best Buy edge denied further access."
"bbca-19497890","ShadowGPS Portable GPS Tracker – Live Location Tracker for Vehicles, Kids & Assets with Motion Alerts, Geofence, History, Web/Mobile Apps – $12/mo – Includes 1-Year Subscription","car-tech","1","5","4","blocked_pending","Not requested after Best Buy edge denied further access."
"bbca-19894010","Autozy VL110C 4G LTE Vehicle GPS Tracker With Smart Alert Remote Cut-Off Real-time Tracking Jamming Detection Car Motorcycle Locator","car-tech","1","5","4","blocked_pending","Not requested after Best Buy edge denied further access."
"bbca-19427762","CarLock Wired 4G Car Tracker Alert System","car-tech","1","5","4","blocked_pending","Not requested after Best Buy edge denied further access."
"bbca-19607161","AUTOZY VL110C 4G LTE Vehicle GPS Tracker With Smart Alert Remote Cut-Off Real-time Tracking Jamming Detection Car","car-tech","1","5","4","blocked_pending","Not requested after Best Buy edge denied further access."
"bbca-17134920","Tracki Micro USB Vehicle Car Marine Wiring Cable & Power stabilizer Kit for Tracki GPS Tracker","car-tech","1","5","4","blocked_pending","Not requested after Best Buy edge denied further access."
"bbca-19269654","Insignia 32W Dual USB-C/USB-A Car Charger - 2 Pack - Black","car-tech","1","5","4","blocked_pending","Not requested after Best Buy edge denied further access."
"bbca-17902261","Scosche PowerVolt 40W Dual USB-C Car Charger - Black","car-tech","1","5","4","blocked_pending","Not requested after Best Buy edge denied further access."
"bbca-16608791","Scosche PowerVolt 60W Dual USB-C Car Charger - Black","car-tech","1","5","4","blocked_pending","Not requested after Best Buy edge denied further access."
"bbca-19997337","Fast Car Charger With Retractable Cable 3 In 1 USB Charging Adapter For Vehicle Power Outlet Black","car-tech","1","5","4","blocked_pending","Not requested after Best Buy edge denied further access."
"bbca-17055114","Anker PowerDrive 35W PD 2-Port USB-A/USB-C Car Charger with USB-C Cable - Black/Grey","car-tech","1","5","4","blocked_pending","Not requested after Best Buy edge denied further access."
"bbca-19487446","Cable for Starlink Mini,3 in 1 Car Charger DC Power Cable & Cigarette Lighter Adapter 12V-48V with Digital Display for Starlink Mini,3M Power Cable for Truck and Car","car-tech","1","5","4","blocked_pending","Not requested after Best Buy edge denied further access."
"bbca-19334777","Retractable Car Charger, 4 in 1 Fast Car Phone Charger Retractable Cable 120W and 2 USB Ports Compatible with iPhone 15 Pro Max [Type-C+Type-c] Retractable Cable ★120W","car-tech","1","5","4","blocked_pending","Not requested after Best Buy edge denied further access."
"bbca-13802899","Car SUV Bluetooth FM Transmitter MP3 Player with Hands-Free Calling, Noise Reduction, Power-Off Memory, Type-C & USB-A 3.4A Fast Charger, LED Display, USB/TF Card, RGB Light 12-24V","car-tech","1","5","4","blocked_pending","Not requested after Best Buy edge denied further access."
"bbca-19657619","VEVOR 16 Amp Level 1&2 EV Charger, Adjustable Current, Electric Vehicle Portable Charger with 25 ft Cable,120V-240V,NEMA 6-20P Plug NEMA 5-15 Adapter,LCD,Home Car Charging Station","car-tech","1","5","4","blocked_pending","Not requested after Best Buy edge denied further access."
"bbca-19846807","66W car charger retractable cable 4 in 1","car-tech","1","5","4","blocked_pending","Not requested after Best Buy edge denied further access."
"bbca-19875459","Car USB C Charger - 55W Fast Charge - 3 Port PD QC3.0 - 1.5M Cable","car-tech","1","5","4","blocked_pending","Not requested after Best Buy edge denied further access."
"bbca-19882953","GF22 GPS Car Tracker, Strong Magnetic WiFi Locator with Anti-Theft Surveillance, SOS Distress Alarm, Voice Control and Phone Tracking","car-tech","1","5","4","blocked_pending","Not requested after Best Buy edge denied further access."
"bbca-19882944","Rear Reversing Car Parking Sensors 4 Sensors Kit Audio Buzzer Alarm LED Display, DC 12 V","car-tech","1","5","4","blocked_pending","Not requested after Best Buy edge denied further access."
"bbca-20077549","Car Alarm System Anti Theft Security Alarm Device Vehicle Protection Black","car-tech","1","5","4","blocked_pending","Not requested after Best Buy edge denied further access."
"bbca-19996022","Bicycle Alarm, Wireless Bike Alarm, Anti-Theft IPX5 Waterproof Safety Sensor 135 dB High Volume Sound System for Bikes, Motorcycles, Scooters, Cars, Trailers","car-tech","1","5","4","blocked_pending","Not requested after Best Buy edge denied further access."
"bbca-19376411","Car Driving Alarm Smart Anti Sleep Reminder Fatigue Warning Device Head Up Eye Pupil Recognition Prevent Drowsiness Accessory","car-tech","1","5","4","blocked_pending","Not requested after Best Buy edge denied further access."
"bbca-19831391","Black bike vibration alarm with wireless remote, anti-theft motion sensor, loud volume battery, main unit + sports car remote.","car-tech","1","5","4","blocked_pending","Not requested after Best Buy edge denied further access."
"bbca-19757127","Rexing - Universal OBD II Scanner & Engine Code Reader for 1996+ Vehicles","car-tech","1","5","4","blocked_pending","Not requested after Best Buy edge denied further access."
"bbca-19847055","ANCEL AD310 Classic Enhanced Universal OBD2 Scanner Car Engine Fault Code Reader CAN Diagnostic Tool Black","car-tech","1","5","4","blocked_pending","Not requested after Best Buy edge denied further access."
"bbca-13889495","Sierra Wireless - OBD-II Telemetry Scanner Kit MG with Right Angle Cable","car-tech","1","5","4","blocked_pending","Not requested after Best Buy edge denied further access."
"bbca-19805271","Bosch OBD 1350 ProGrade OBD II Scan Tool with ABS & Airbag/SRS Coverage, Brake Service Reset and Enhanced Powertrain Diagnostics","car-tech","1","5","4","blocked_pending","Not requested after Best Buy edge denied further access."
"bbca-18562104","Topdon TopScan Pro ""check Engine"" Light OBD2 Scanner Bluetooth, Bi-Directional Scanner Wireless All System Diagnostic Tool","car-tech","1","5","4","blocked_pending","Not requested after Best Buy edge denied further access."
"bbca-19290123","Launch Millennium 90 Pro OBDII Code Reader Car Diagnostic Scan Tool (301050365)","car-tech","1","5","4","blocked_pending","Not requested after Best Buy edge denied further access."
"bbca-19370075","TOPDON TopScan Moto Scan Tool w/ BMW Cable (Bluetooth - For Motorcycles)","car-tech","1","5","4","blocked_pending","Not requested after Best Buy edge denied further access."
"bbca-19333884","Autel MaxiAP AP2500 OBDII App-Based Vehicle Diagnostic Service Scan Tool","car-tech","1","5","4","blocked_pending","Not requested after Best Buy edge denied further access."
"bbca-19648048","TITAN 51004 OBDII/EOBD Code Reader & Diagnostic Tool","car-tech","1","5","4","blocked_pending","Not requested after Best Buy edge denied further access."
"bbca-19369575","TOPDON BMW F-Chassis Cable (For OE Level Phoenix Scan Tools)","car-tech","1","5","4","blocked_pending","Not requested after Best Buy edge denied further access."
"bbca-19370060","TOPDON TopScan Moto Scan Tool w/ Harley Cable (Bluetooth - For Motorcycles)","car-tech","1","5","4","blocked_pending","Not requested after Best Buy edge denied further access."
"bbca-19875878","TOPDON Japanese Motorcycle Cable Pack (For TopScan Moto)","car-tech","1","5","4","blocked_pending","Not requested after Best Buy edge denied further access."
"bbca-19894820","TOPDON TopScan Lite Scan Tool (Bluetooth)","car-tech","1","5","4","blocked_pending","Not requested after Best Buy edge denied further access."
"bbca-15234596","Insignia 24"" 10.1 Cu. Ft. Energy Star Top Freezer Refrigerator w/Reversible Door(NS-RTM10WH2-C)- White- Only at Best Buy","major-appliances","1","5","4","blocked_pending","Not requested after Best Buy edge denied further access."
"bbca-15234595","Insignia 24"" 10.1 Cu. Ft. Energy Star Top Freezer Refrigerator w/ Reversible Door (NS-RTM10SS2-C) - Stainless Steel -Only at Best Buy","major-appliances","1","5","4","blocked_pending","Not requested after Best Buy edge denied further access."
"bbca-19482660","Frigidaire Retro 22"" 7.2 Cu. Ft. Top Freezer Refrigerator (EFR789-BLACK) - Black","major-appliances","1","5","4","blocked_pending","Not requested after Best Buy edge denied further access."
"bbca-10450838","GE 30"" 18 Cu. Ft. Top Freezer Refrigerator (MTE18GSKSS) - Stainless Steel","major-appliances","1","5","4","blocked_pending","Not requested after Best Buy edge denied further access."
"bbca-19631515","Vesta Whitehorse 30"" Refrigerator - Top-Freezer - Stainless Steel","major-appliances","1","5","4","blocked_pending","Not requested after Best Buy edge denied further access."
"bbca-14349742","Insignia 5.0 Cu. Ft. Garage Ready Chest Freezer (NS-CZ50WH0-C) - White","major-appliances","1","5","4","blocked_pending","Not requested after Best Buy edge denied further access."
"bbca-10400452","Insignia 10.2 Cu. Ft. Garage Ready Chest Freezer (NS-CZ10WH6-C) - White - Only at Best Buy","major-appliances","1","5","4","blocked_pending","Not requested after Best Buy edge denied further access."
"bbca-14970052","Insignia 7 Cu. Ft. Garage Ready Chest Freezer (NS-CZ70WH0-C)","major-appliances","1","5","4","blocked_pending","Not requested after Best Buy edge denied further access."
"bbca-16286396","Insignia 3.5 Cu. Ft. Garage Ready Chest Freezer (NS-CZ35WH3)","major-appliances","1","5","4","blocked_pending","Not requested after Best Buy edge denied further access."
"bbca-17156794","Insignia 7.0 Cu. Ft. Garage Ready Upright Convertible Freezer (NS-UZ70WH4-C) - Only at Best Buy","major-appliances","1","5","4","blocked_pending","Not requested after Best Buy edge denied further access."
"bbca-15131204","Insignia 13.8 Cu. Ft. Garage Ready Chest Freezer (NS-CZ14WH2-C) - White - Only at Best Buy","major-appliances","1","5","4","blocked_pending","Not requested after Best Buy edge denied further access."
"bbca-17811825","GE 5.1 Cu. Ft. Chest Freezer (FCM5STWW)","major-appliances","3","5","2","verified_multiple","3 suitable source photographs have been verified; five distinct exact-product images are required."
"bbca-19993049","Whirlpool 19.0 Cu. Ft. Chest Freezer (WZCC5519TW) - White","major-appliances","1","5","4","blocked_pending","Not requested after Best Buy edge denied further access."
"bbca-19677035","Frigidaire 5.1 Cu. Ft. Chest Freezer (FFCS0562AW) - White","major-appliances","1","5","4","blocked_pending","Not requested after Best Buy edge denied further access."
"bbca-19820140","Whirlpool 16.0 Cu. Ft. Garage Ready Chest Freezer (WZCC5516TW)","major-appliances","1","5","4","blocked_pending","Not requested after Best Buy edge denied further access."
"bbca-12877783","GE 21.7 Cu. Ft. Chest Freezer (FCM22DLWW)","major-appliances","3","5","2","verified_multiple","3 suitable source photographs have been verified; five distinct exact-product images are required."
"bbca-19293824","VEVOR 19.8 cu.ft / 561 L Chest Freezer, Large Deep Freezer with Split , Freestanding Commercial Chest Freezer & 4 Removable Baskets, 7-Level Adjustable Temp, LED Light, 6 Wheels","major-appliances","1","5","4","blocked_pending","Not requested after Best Buy edge denied further access."
"bbca-17811824","GE 7.0 Cu. Ft. Chest Freezer (FCM7STWW)","major-appliances","3","5","2","verified_multiple","3 suitable source photographs have been verified; five distinct exact-product images are required."
"bbca-19276300","Insignia 2.7 Cu. Ft. Freestanding Bar Fridge (NS-CF27BK6-C) - Black - Only at Best Buy","major-appliances","1","5","4","blocked_pending","Not requested after Best Buy edge denied further access."
"bbca-19276304","Insignia 3.3 Cu. Ft. Freestanding Bar Fridge (NS-CF33BK6-C) - Black - Only at Best Buy","major-appliances","1","5","4","blocked_pending","Not requested after Best Buy edge denied further access."
"bbca-19276273","Insignia 3.1 Cu. Ft. 18.7"" Freestanding Top Freezer Compact Fridge (NS-CF30TMSS6-C) - Stainless Steel Look","major-appliances","1","5","4","blocked_pending","Not requested after Best Buy edge denied further access."
"bbca-12432185","Insignia 3.2 Cu. Ft. 115-Can Beverage Centre (NS-BC115SS9) - Stainless Steel - Only at Best Buy","major-appliances","1","5","4","blocked_pending","Not requested after Best Buy edge denied further access."
"bbca-19483353","Frigidaire 3.1 Cu. Ft. Freestanding Bar Fridge (EFR399) - Chrome","major-appliances","1","5","4","blocked_pending","Not requested after Best Buy edge denied further access."
"bbca-19276302","Insignia 1.7 Cu. Ft. Freestanding Bar Fridge (NS-CF17BK26-C) - Black - Only at Best Buy","major-appliances","1","5","4","blocked_pending","Not requested after Best Buy edge denied further access."
"bbca-19276306","Insignia 4.4 Cu. Ft. Freestanding Bar Fridge (NS-CF44SS6-C) - Stainless Steel Look - Only at Best Buy","major-appliances","1","5","4","blocked_pending","Not requested after Best Buy edge denied further access."
"bbca-17152754","Koolatron 0.21 Cu. Ft. Freestanding Mini Fridge with Lighted Makeup Mirror (COSM06) - Silver","major-appliances","1","5","4","blocked_pending","Not requested after Best Buy edge denied further access."
"bbca-15323510","Insignia 3.1 Cu. Ft. Retro Bar Fridge w/Top Freezer (NS-CFR32MT1) - Cream - Only at Best Buy","major-appliances","1","5","4","blocked_pending","Not requested after Best Buy edge denied further access."
"bbca-19276275","Insignia 4.5 Cu. Ft. 18.7"" Freestanding Top Mount Compact Fridge (NS-CF43TMSS6-C) - Stainless Steel Look","major-appliances","1","5","4","blocked_pending","Not requested after Best Buy edge denied further access."
"bbca-19483354","Frigidaire 4.4 Cu. Ft. Freestanding Compact Bar Fridge (EFR441) - Stainless Steel","major-appliances","1","5","4","blocked_pending","Not requested after Best Buy edge denied further access."
"bbca-19193747","Midea WHD-113FB1 Double Door Mini Fridge With Freezer For Bedroom Office With Adjustable Legs Removable Glass Shelves Compact Refrigerator, 3.1 Cu Ft, Black","major-appliances","1","5","4","blocked_pending","Not requested after Best Buy edge denied further access."
"bbca-18167032","LG 5.8 Cu. Ft. (IEC) Front Load Washer with 6Motion ENERGY STAR (WM3470CM)","major-appliances","3","5","2","verified_multiple","3 suitable source photographs have been verified; five distinct exact-product images are required."
"bbca-14400381","Samsung 5.2 Cu. Ft. (IEC) Front Load Washer with Smart Care and Self Clean+ ENERGY STAR (WF45T6000AW/A5) - White","major-appliances","3","5","2","verified_multiple","3 suitable source photographs have been verified; five distinct exact-product images are required."
"bbca-18481595","Whirlpool 5.8 Cu. Ft. (IEC) Front Load Washer with Sanitize, Steam, and Quick Wash (WFW6720RW) - White","major-appliances","1","5","4","blocked_pending","Not requested after Best Buy edge denied further access."
"bbca-16368841","LG 5.2 Cu. Ft. (IEC) Front Load Washer with 6Motion and ColdWash ENERGY STAR (WM3400CW) - White","major-appliances","3","5","2","verified_multiple","3 suitable source photographs have been verified; five distinct exact-product images are required."
"bbca-15229801","LG 5.2 Cu. Ft. (IEC) Front Load Washer with 6Motion, AI DD, Allergiene, and ThinQ ENERGY STAR (WM3600HWA) - White","major-appliances","3","5","2","verified_multiple","3 suitable source photographs have been verified; five distinct exact-product images are required."
"bbca-18928889","Bosch 300 Series 2.2 Cu. Ft. (IEC) Front Load Washer with SpeedPerfect (WGA14400UC) - White","major-appliances","3","5","2","verified_multiple","3 suitable source photographs have been verified; five distinct exact-product images are required."
"bbca-18481593","Whirlpool 5.2 Cu. Ft. (IEC) Front Load Washer with Sanitize, Steam, and Quick Wash (WFW5720RR)","major-appliances","1","5","4","blocked_pending","Not requested after Best Buy edge denied further access."
"bbca-18481594","Whirlpool 5.2 Cu. Ft. (IEC) Front Load Washer with Sanitize, Steam, and Quick Wash ENERGY STAR (WFW5720RW) - White","major-appliances","1","5","4","blocked_pending","Not requested after Best Buy edge denied further access."
"bbca-19764812","LG 5.8 Cu. Ft. (IEC) Front Load Washer with TurboWash 360, TurboWash, Allergiene, and Steam ENERGY STAR (WM5800HVA) - Graphite Steel","major-appliances","3","5","2","verified_multiple","3 suitable source photographs have been verified; five distinct exact-product images are required."
"bbca-17761357","Insignia 6.7 Cu. Ft. Electric Dryer with 12 Drying Cycles, Moisture Sensing & Quick Dry (NS-TDRE67W1-C) - White - Only at Best Buy","major-appliances","1","5","4","blocked_pending","Not requested after Best Buy edge denied further access."
"bbca-14400709","Samsung 7.5 Cu. Ft. Large Capacity Stackable Electric Dryer with Moisture Sensing & 10 Drying Cycles (DVE45T6005W/AC) - White","major-appliances","3","5","2","verified_multiple","3 suitable source photographs have been verified; five distinct exact-product images are required."
"bbca-19440310","Electrolux 8 Cu. Ft. Large Capacity Electric Dryer with Moisture Sensing, LuxCare Dry System & Energy Star (ELFE743CAT) - Titanium","major-appliances","1","5","4","blocked_pending","Not requested after Best Buy edge denied further access."
"bbca-18145462","LG 7.4 Cu. Ft. Stackable Electric Dryer with Moisture Sensing, Wrinkle Prevent & Energy Star (DLE3470M) - Middle Black - Only at Best Buy","major-appliances","3","5","2","verified_multiple","3 suitable source photographs have been verified; five distinct exact-product images are required."
"bbca-16488732","Samsung 7.5 Cu. Ft. Large Capacity Stackable Electric Dryer with Moisture Sensing & 10 Drying Cycles (DVE45T6005V/AC) - Black Stainless Steel","major-appliances","3","5","2","verified_multiple","3 suitable source photographs have been verified; five distinct exact-product images are required."
"bbca-B0018619","Insignia 4.3 Cu. Ft. Top Load Washer & 6.7 Cu. Ft. Electric Dryer - White - Only at Best Buy","major-appliances","1","5","4","blocked_pending","Not requested after Best Buy edge denied further access."
"bbca-B0014641","Samsung 5.2 Cu. Ft. High Efficiency Impeller Top Load Washer & 7.2 Cu. Ft. Electric Dryer - White","major-appliances","1","5","4","blocked_pending","Not requested after Best Buy edge denied further access."
"bbca-B0014642","Samsung 5.0 Cu. Ft. Agitator Top Load Washer & 7.2 Cu. Ft. Electric Dryer - White","major-appliances","1","5","4","blocked_pending","Not requested after Best Buy edge denied further access."
"bbca-B0016074","Whirlpool 5.4 cu. ft. High Efficiency 2-in-1 Top Load Washer & 7.0 cu. ft. Electric Steam Dryer - White","major-appliances","1","5","4","blocked_pending","Not requested after Best Buy edge denied further access."
"bbca-B0018618","LG 5.8 Cu. Ft. Front Load Washer & 7.4 Cu. Ft. Sensor Dry Electric Dryer - Energy Star- Middle Black - Only at Best Buy","major-appliances","1","5","4","blocked_pending","Not requested after Best Buy edge denied further access."
"bbca-B0016736","Samsung 5.2 Cu. Ft. HE Self Clean Front Load Washer & 7.5 Cu. Ft. Sensor Dry Electric Dryer - Energy Star- BLK","major-appliances","1","5","4","blocked_pending","Not requested after Best Buy edge denied further access."
"bbca-B0019279","Whirlpool 4.8 Cu. Ft. High Efficiency Top Load Washer & 7.0 Cu. Ft. Electric Dryer - White","major-appliances","1","5","4","blocked_pending","Not requested after Best Buy edge denied further access."
"bbca-B0014313","LG 5.2 Cu. Ft. High Efficiency Front Load Steam Washer & 7.4 Cu. Ft. Electric Dryer - White","major-appliances","1","5","4","blocked_pending","Not requested after Best Buy edge denied further access."
"bbca-B0019387","Insignia 4.7 Cu. Ft. High Efficiency Top Load Washer & 7.0 Cu. Ft. Electric Dryer - White - Only at Best Buy","major-appliances","1","5","4","blocked_pending","Not requested after Best Buy edge denied further access."
"bbca-B0018807","Whirlpool 7.4 Cu. Ft. Gas Steam Dryer & 4.5 Cu. Ft. Front Load Steam Washer- Radiant Silver","major-appliances","1","5","4","blocked_pending","Not requested after Best Buy edge denied further access."
"bbca-17683861","Samsung BESPOKE AI 6.1 Cu. Ft. All in One Heat Pump Washer Dryer Combo -Energy Star (WD53DBA900HZA1) - Dark Steel","major-appliances","3","5","2","verified_multiple","3 suitable source photographs have been verified; five distinct exact-product images are required."
"bbca-17154373","Samsung 24"" 53dB Top-Control Hybrid Tub Dishwasher ENERGY STAR (DW80CG4021SRAA) - Stainless Steel","major-appliances","3","5","2","verified_multiple","3 suitable source photographs have been verified; five distinct exact-product images are required."
"bbca-16681222","Bosch 24"" 300 Series 46dB Smart Front-Control PureDry Precision Wash Dishwasher with Third Rack (SHE53B75UC) - SS","major-appliances","3","5","2","verified_multiple","3 suitable source photographs have been verified; five distinct exact-product images are required."
"bbca-16893264","LG 24"" 44dB Smart Top-Control QuadWash Dynamic Dry Dishwasher with Third Rack ENERGY STAR (LDPM6762S) - Smudge Resistant Stainless Steel","major-appliances","3","5","2","verified_multiple","3 suitable source photographs have been verified; five distinct exact-product images are required."
"bbca-15981486","Insignia 24"" 51dB Front-Control Stainless Steel Tub Dishwasher (NS-DWRF2WH3) - White","major-appliances","1","5","4","blocked_pending","Not requested after Best Buy edge denied further access."
"bbca-14899339","Frigidaire 24"" 62dB Front-Control Tall Tub Plastic Tub Dishwasher (FDPC4221AS) - Stainless Steel","major-appliances","1","5","4","blocked_pending","Not requested after Best Buy edge denied further access."
"bbca-19347138","Samsung 24"" 46dB Smart Top-Control Auto Open Door Dishwasher with Third Rack ENERGY STAR (DW80CG5450SRAA) - Stainless Steel","major-appliances","3","5","2","verified_multiple","3 suitable source photographs have been verified; five distinct exact-product images are required."
"bbca-14765750","Whirlpool 24"" 47dB Top-Control Large Capacity Dishwasher with Third Rack (WDTA50SAKZ) - Fingerprint Resistant Stainless Steel","major-appliances","1","5","4","blocked_pending","Not requested after Best Buy edge denied further access."
"bbca-19712922","LG FlushFit 24"" 42dB Smart Top-Control QuadWash Pro 1-Hour Wash/Dry Steam Dishwasher with Third Rack ENERGY STAR (LDNTH753S) - SS","major-appliances","3","5","2","verified_multiple","3 suitable source photographs have been verified; five distinct exact-product images are required."
"bbca-13499497","GE 24"" 51dB Front-Control Hard Food Disposer Dishwasher ENERGY STAR (GDT225SSLSS) - Stainless Steel","major-appliances","1","5","4","blocked_pending","Not requested after Best Buy edge denied further access."
"bbca-19735777","Bosch 100 Series 24"" 52dB Smart Front-Control PureDry Precision Spray Arms Dishwasher (SHE2ADF5N) - Stainless Steel","major-appliances","2","5","3","verified_multiple","2 suitable source photographs have been verified; five distinct exact-product images are required."
"bbca-19735781","Bosch 300 Series 24"" 50dB Smart Front-Control Precision Wash PureDry Overflow Protection Dishwasher with Third Rack (SHE3ADF5N) - SS","major-appliances","3","5","2","verified_multiple","3 suitable source photographs have been verified; five distinct exact-product images are required."
"bbca-14666832","Insignia 24"" 49dB Top-Control Sensor Wash Dishwasher with Third Rack ENERGY STAR (NS-DWR3SS1) - Stainless Steel","major-appliances","1","5","4","blocked_pending","Not requested after Best Buy edge denied further access."
"bbca-19650539","Bosch 300 Series 24"" 46dB Smart Top-Control Stainless Steel Tub Dishwasher with Third Rack (SHV53D73UC) - Panel Ready","major-appliances","3","5","2","verified_multiple","3 suitable source photographs have been verified; five distinct exact-product images are required."
"bbca-12304805","Insignia 24"" 51dB Front-Control Triple Filter Stainless Steel Tub Dishwasher ENERGY STAR (NS-DWH1SS9) - Stainless Steel","major-appliances","1","5","4","blocked_pending","Not requested after Best Buy edge denied further access."
"bbca-19398900","Bosch 800 Series 24"" 42dB Smart Top-Control Crystal Dry PowerControl Dishwasher with Flexible Third Rack ENERGY STAR (SHX78CC5UC) - SS","major-appliances","3","5","2","verified_multiple","3 suitable source photographs have been verified; five distinct exact-product images are required."
"bbca-19361126","Bosch 500 Series 24"" 44dB Smart Top-Control Stainless Steel Tub Dishwasher with Third Rack (SHP65CC5UC) - Stainless Steel","major-appliances","3","5","2","verified_multiple","3 suitable source photographs have been verified; five distinct exact-product images are required."
"bbca-19735779","Bosch 300 Series 24"" 46dB Smart Top-Control Zone Wash PureDry Dishwasher with Third Rack ENERGY STAR (SHP53EM5N) - Stainless Steel","major-appliances","3","5","2","verified_multiple","3 suitable source photographs have been verified; five distinct exact-product images are required."
"bbca-19330701","Midea 30"" 6.3 Cu. Ft. Freestanding Electric Range (MER30B14ASTC) - Stainless Steel","major-appliances","1","5","4","blocked_pending","Not requested after Best Buy edge denied further access."
"bbca-15268022","Samsung 30"" 6.3 Cu. Ft. Smart Freestanding Electric Range (NE63A6111SS) - Stainless Steel","major-appliances","3","5","2","verified_multiple","3 suitable source photographs have been verified; five distinct exact-product images are required."
"bbca-16367486","Amana 30"" 4.8 Cu. Ft. Self-Clean Freestanding Electric Range (YAER6603SMS) - Stainless Steel","major-appliances","1","5","4","blocked_pending","Not requested after Best Buy edge denied further access."
"bbca-19852083","LG 30"" 6.3 Cu. Ft. True Convection Freestanding Electric Air Fry Range (LREN6321VE) - Stainless Steel","major-appliances","3","5","2","verified_multiple","3 suitable source photographs have been verified; five distinct exact-product images are required."
"bbca-15268020","Samsung 30"" 6.3 Cu. Ft. Smart Fan Convection Electric Air Fry Range (NE63A6511SS) - Stainless","major-appliances","3","5","2","verified_multiple","3 suitable source photographs have been verified; five distinct exact-product images are required."
"bbca-16690892","GE 30"" 5.0 Cu. Ft. Freestanding Electric Range (JCBS630SVSS) - Stainless Steel","major-appliances","3","5","2","verified_multiple","3 suitable source photographs have been verified; five distinct exact-product images are required."
"bbca-19330398","LG 30"" 6.3 Cu. Ft. Smart Probake True Convection Freestanding Electric Range with Air Fry (LREN6323YE) - Stainless","major-appliances","3","5","2","verified_multiple","3 suitable source photographs have been verified; five distinct exact-product images are required."
"bbca-12728609","Insignia 30"" 5 Cu. Ft. Electric Range (NS-RNE4BMWH9-C) - White on White - Only at Best Buy","major-appliances","1","5","4","blocked_pending","Not requested after Best Buy edge denied further access."
"bbca-16243241","Insignia 30"" 5.0 Cu. Ft. Freestanding Electric Range (NS-RGRCESS3-C) - Stainless Steel - Only at Best Buy","major-appliances","1","5","4","blocked_pending","Not requested after Best Buy edge denied further access."
"bbca-15268021","Samsung 30"" 6.3 Cu. Ft. Smart True Convection Electric Range with Air Fry (NE63A6711SS) - Stainless","major-appliances","3","5","2","verified_multiple","3 suitable source photographs have been verified; five distinct exact-product images are required."
"bbca-19182248","LG 30"" 7.3 Cu. Ft. Probake Convection Double Oven Freestanding Electric Range with Air Sous-Vide (LDEL7324SE) - Stainless Steel","major-appliances","1","5","4","blocked_pending","Not requested after Best Buy edge denied further access."
"bbca-15559680","Samsung 30"" 6.3 Cu. Ft. Smart True Convection Freestanding Electric Range with FlexDuo & Air Fry (NE63A6751SS/AC) -Stainless","major-appliances","2","5","3","verified_multiple","2 suitable source photographs have been verified; five distinct exact-product images are required."
"bbca-16654387","COSORI Pro Gen 2 Air Fryer 5.8QT, 13 Functions, 1200 Recipes, Dishwasher-Safe Basket, Black","kitchen-appliances","1","5","4","blocked_pending","Not requested after Best Buy edge denied further access."
"bbca-18172012","Ninja Air Fryer Pro 4-in-1 with 5 QT Capacity, Air Fry, Roast, Reheat, Dehydrate, Air Crisp Technology, Nonstick Basket & Crisper Plate, Grey, AF141","kitchen-appliances","3","5","2","verified_multiple","3 suitable source photographs have been verified; five distinct exact-product images are required."
"bbca-19946452","WHALL 6QT Smart Air Fryer Oven, 17-in-1 One-Touch Functions Air fryers with Digital Touchscreen, Rapid Preheat, Nonstick Basket, Dishwasher Safe, Silver","kitchen-appliances","1","5","4","blocked_pending","Not requested after Best Buy edge denied further access."
"bbca-19752116","COSORI 6QT 9-in-1 TurboBlaze Air Fryer – 450°F Rapid Heating, Roast, Bake, Broil, Dry, Reheat, Dishwasher-Safe Basket, Dark Gray","kitchen-appliances","1","5","4","blocked_pending","Not requested after Best Buy edge denied further access."
"bbca-20158357","Cuisinart Dual Basket Air Fryer, Two Baskets 11 Qt in Total","kitchen-appliances","1","5","4","blocked_pending","Not requested after Best Buy edge denied further access."
"bbca-15854538","Ninja® Foodi® 6-in-1 10-qt. XL 2-Basket Air Fryer with DualZone™ Technology","kitchen-appliances","3","5","2","verified_multiple","3 suitable source photographs have been verified; five distinct exact-product images are required."
"bbca-17728585","COSORI Air Fryer 5Qt(4.7L), 9-In-1 Less Oil Airfryer Oven, UP to 450℉, Quiet Operation, 30 Exclusive Recipes, Nonstick Basket, Compact, Dishwasher Safe","kitchen-appliances","1","5","4","blocked_pending","Not requested after Best Buy edge denied further access."
"bbca-17916313","Philips 3000 Series Dual Basket Air Fryer - 9L (9.5QT) - Black","kitchen-appliances","1","5","4","blocked_pending","Not requested after Best Buy edge denied further access."
"bbca-19789758","Air Fryer With Grill & Hotpot, 1400W 4.5L Electric Multifunction Cooker with Glass Basket, Top Grill Plate & Hotpot Function - 3 in 1 For Grilling, Boiling, Roasting & Baking","kitchen-appliances","1","5","4","blocked_pending","Not requested after Best Buy edge denied further access."
"bbca-10585203","Blendtec Total Blender 2.6L 1500-Watts Countertop Blender - Black - Only at Best Buy","kitchen-appliances","1","5","4","blocked_pending","Not requested after Best Buy edge denied further access."
"bbca-18472242","Black & Decker 6-Cups 700-Watt Countertop Blender - Black/Silver","kitchen-appliances","1","5","4","blocked_pending","Not requested after Best Buy edge denied further access."
"bbca-19390192","Nutribullet McLaren Pro 700ml 900-Watt Single Serve Blender Blender - Matte Black - Only at Best Buy","kitchen-appliances","1","5","4","blocked_pending","Not requested after Best Buy edge denied further access."
"bbca-16038019","Ninja Professional Plus Kitchen System with Auto-iQ, 1400-Watt(Peak) & 72 oz. Capacity - Only at Best Buy","kitchen-appliances","1","5","4","blocked_pending","Not requested after Best Buy edge denied further access."
"bbca-19415771","Hamilton Beach 414ml/14oz 175-Watt Portable Blender - Black","kitchen-appliances","1","5","4","blocked_pending","Not requested after Best Buy edge denied further access."
"bbca-17685937","Magic Bullet 1.4L 500-Watt Countertop Blender","kitchen-appliances","1","5","4","blocked_pending","Not requested after Best Buy edge denied further access."
"bbca-17555670","Ninja Detect 2.13L 1800-Watt Countertop Blender - Black Stainless Steel","kitchen-appliances","3","5","2","verified_multiple","3 suitable source photographs have been verified; five distinct exact-product images are required."
"bbca-17290067","Ninja Blast 18oz 120-Watt Portable Blender - Black","kitchen-appliances","3","5","2","verified_multiple","3 suitable source photographs have been verified; five distinct exact-product images are required."
"bbca-12941343","Magic Bullet 0.5L 250-Watt Stand Blender with Blending Cups - Silver","kitchen-appliances","1","5","4","blocked_pending","Not requested after Best Buy edge denied further access."
"bbca-15222845","Ninja Professional 2.1L 1100-Watt Countertop Blender with Nutri Ninja Cups - Black - Only at Best Buy","kitchen-appliances","1","5","4","blocked_pending","Not requested after Best Buy edge denied further access."
"bbca-12604205","Ninja Nutri Pro 0.5L 900-Watt Stand Blender - Black/Silver","kitchen-appliances","3","5","2","verified_multiple","3 suitable source photographs have been verified; five distinct exact-product images are required."
"bbca-10148773","Hamilton Beach 225-Watt Hand Blender - Black/Silver","kitchen-appliances","1","5","4","blocked_pending","Not requested after Best Buy edge denied further access."
"bbca-10758487","Ninja Nutri Ninja Duo Auto-iQ 1300W Stand Blender with Nutri Ninja Cups - Only at Best Buy","kitchen-appliances","1","5","4","blocked_pending","Not requested after Best Buy edge denied further access."
"bbca-15854596","Ninja® Professional Plus Food Processor with Auto-iQ","kitchen-appliances","1","5","4","blocked_pending","Not requested after Best Buy edge denied further access."
"bbca-19705327","Black & Decker Food Processor - 8-Cup - Black","kitchen-appliances","1","5","4","blocked_pending","Not requested after Best Buy edge denied further access."
"bbca-17718733","Breville Sous Chef Food Processor - 16-Cup - Brushed Stainless","kitchen-appliances","2","5","3","verified_multiple","2 suitable source photographs have been verified; five distinct exact-product images are required."
"bbca-16013598","Ninja Professional XL Food Processor - 12-Cup - Silver","kitchen-appliances","1","5","4","blocked_pending","Not requested after Best Buy edge denied further access."
"bbca-17718730","Breville Paradice Food Processor - 9-Cup - Brushed Stainless Steel","kitchen-appliances","3","5","2","verified_multiple","3 suitable source photographs have been verified; five distinct exact-product images are required."
"bbca-15762420","Ninja Professional Food Processor - 9-Cup - Silver","kitchen-appliances","3","5","2","verified_multiple","3 suitable source photographs have been verified; five distinct exact-product images are required."
"bbca-17718732","Breville Paradice Food Processor - 16-Cup - Brushed Stainless","kitchen-appliances","3","5","2","verified_multiple","3 suitable source photographs have been verified; five distinct exact-product images are required."
"bbca-17718731","Breville Sous Chef Food Processor - 16-Cup - Sea Salt","kitchen-appliances","1","5","4","blocked_pending","Not requested after Best Buy edge denied further access."
"bbca-17907293","Breville Sous Chef 9 Food Processor - 9-Cup","kitchen-appliances","4","5","1","verified_multiple","4 suitable source photographs have been verified; five distinct exact-product images are required."
"bbca-17718726","Breville Sous Chef Food Processor - 16-Cup - Black Truffle","kitchen-appliances","1","5","4","blocked_pending","Not requested after Best Buy edge denied further access."
"bbca-17718735","Breville Sous Chef Food Processor - 16-Cup - Damson Blue","kitchen-appliances","1","5","4","blocked_pending","Not requested after Best Buy edge denied further access."
"bbca-19439460","Ninja Express Chop Food Processor - 2-Cup - Black","kitchen-appliances","1","5","4","blocked_pending","Not requested after Best Buy edge denied further access."
"bbca-20001668","Panasonic Multi-Function Rice Cooker (SRZC075W) - 4-Cup - White / Silver","kitchen-appliances","1","5","4","blocked_pending","Not requested after Best Buy edge denied further access."
"bbca-19179860","Starfrit Rice Cooker - 6-Cup","kitchen-appliances","1","5","4","blocked_pending","Not requested after Best Buy edge denied further access."
"bbca-17921514","Panasonic Multi-Function Rice Cooker (SRZC123L) - 6-Cup","kitchen-appliances","1","5","4","blocked_pending","Not requested after Best Buy edge denied further access."
"bbca-17291671","Starfrit - Electric Rice Cooker, 10 Liter Capacity, Non-Stick Surface, Gray","kitchen-appliances","1","5","4","blocked_pending","Not requested after Best Buy edge denied further access."
"bbca-19360405","Cuckoo Micom Rice Cooker - 6-Cup","kitchen-appliances","1","5","4","blocked_pending","Not requested after Best Buy edge denied further access."
"bbca-15765350","Black & Decker Rice Cooker - 16-Cup","kitchen-appliances","1","5","4","blocked_pending","Not requested after Best Buy edge denied further access."
"bbca-17544637","ZhangXiaoQuan 5.5Cup Rice Cooker, 3L, with Steamer and Non-stick inner pot, ZCFB-102, one touch simple use (5.5 Cup, 3L)","kitchen-appliances","1","5","4","blocked_pending","Not requested after Best Buy edge denied further access."
"bbca-10200141","Hamilton Beach Rice Cooker - 20-Cup","kitchen-appliances","1","5","4","blocked_pending","Not requested after Best Buy edge denied further access."
"bbca-18218011","Starfrit 14 Cup Multi Rice Cooker","kitchen-appliances","1","5","4","blocked_pending","Not requested after Best Buy edge denied further access."
"bbca-19179861","Starfrit Rice Cooker - 10-Cup","kitchen-appliances","1","5","4","blocked_pending","Not requested after Best Buy edge denied further access."
"bbca-18906401","Cuisinart 4 Cup Rice Cooker Stainless Steel","kitchen-appliances","1","5","4","blocked_pending","Not requested after Best Buy edge denied further access."
"bbca-19732150","Midea 5L (10-Cup) Multi-Function Rice Cooker with Steamer – 11 Presets, Nonstick Inner Pot, UL Listed – MB-FS5017B","kitchen-appliances","1","5","4","blocked_pending","Not requested after Best Buy edge denied further access."
"bbca-10106548","Breville Die-Cast Smart Toaster - 4-Slice","kitchen-appliances","2","5","3","verified_multiple","2 suitable source photographs have been verified; five distinct exact-product images are required."
"bbca-19706729","Salton Touchscreen Toaster - 2 Slice","kitchen-appliances","1","5","4","blocked_pending","Not requested after Best Buy edge denied further access."
"bbca-19757974","Bella 2 Slice Slim Toaster, Fits-anywhere™ Kitchenware, 6 Setting Shade Control with Reheat & Cancel Buttons","kitchen-appliances","1","5","4","blocked_pending","Not requested after Best Buy edge denied further access."
"bbca-18478358","Black & Decker Toaster - 4-Slice","kitchen-appliances","1","5","4","blocked_pending","Not requested after Best Buy edge denied further access."
"bbca-15659522","BUYDEEM DT620-MY 2-Slice Extra Wide Slots Toaster Retro Stainless Steel with High Lift Lever - Mellow Yellow","kitchen-appliances","1","5","4","blocked_pending","Not requested after Best Buy edge denied further access."
"bbca-10361709","Hamilton Beach Toaster - 2-Slice - Chrome","kitchen-appliances","1","5","4","blocked_pending","Not requested after Best Buy edge denied further access."
"bbca-18218010","Starfrit 2 Slice Toaster with Defrost and Cancel Button in Black","kitchen-appliances","1","5","4","blocked_pending","Not requested after Best Buy edge denied further access."
"bbca-10361708","Hamilton Beach Toaster - 4-Slice - Chrome","kitchen-appliances","1","5","4","blocked_pending","Not requested after Best Buy edge denied further access."
"bbca-20013513","Beautiful by Drew Barrymore 2 Slice Toaster with Touch-Activated Display","kitchen-appliances","1","5","4","blocked_pending","Not requested after Best Buy edge denied further access."
"bbca-16485883","Oster 2 Slice Extra-Wide Slot Toaster in Silver - TSSTTRJS","kitchen-appliances","1","5","4","blocked_pending","Not requested after Best Buy edge denied further access."
"bbca-10248658","Breville The Bit More Toaster - 2-Slice","kitchen-appliances","3","5","2","verified_multiple","3 suitable source photographs have been verified; five distinct exact-product images are required."
"bbca-18165415","Hamilton Beach Contemporary Toaster - 2-Slice - Black and Stainless Steel","kitchen-appliances","1","5","4","blocked_pending","Not requested after Best Buy edge denied further access."
"bbca-10248657","Breville The Bit More Toaster - 4-Slice","kitchen-appliances","3","5","2","verified_multiple","3 suitable source photographs have been verified; five distinct exact-product images are required."
"bbca-17937198","LG 0.9 Cu. Ft. Microwave with Smart Inverter (MSER0990S) - Stainless Steel","kitchen-appliances","3","5","2","verified_multiple","3 suitable source photographs have been verified; five distinct exact-product images are required."
"bbca-19941514","Panasonic NN-SC67NS 1.3 cu.ft. Countertop Microwave Oven, Stainless Steel","kitchen-appliances","1","5","4","blocked_pending","Not requested after Best Buy edge denied further access."
"bbca-17937194","LG 1.5 Cu. Ft. Microwave with Smart Inverter (MSER1590S) - Stainless Steel","kitchen-appliances","3","5","2","verified_multiple","3 suitable source photographs have been verified; five distinct exact-product images are required."
"bbca-17921957","Panasonic Genius 1.3 Cu. Ft. Microwave (NNSD66LSC) - Silver - Only at Best Buy","kitchen-appliances","1","5","4","blocked_pending","Not requested after Best Buy edge denied further access."
"bbca-17543704","Insignia 0.7 Cu. Ft. Compact Microwave (NS-MW7WH5-C) - White - Only at Best Buy","kitchen-appliances","1","5","4","blocked_pending","Not requested after Best Buy edge denied further access."
"bbca-17543706","Insignia 0.9 Cu. Ft. Compact Countertop Microwave (NS-MW9SS5-C) - Stainless Steel - Only at Best Buy","kitchen-appliances","1","5","4","blocked_pending","Not requested after Best Buy edge denied further access."
"bbca-17543707","Insignia 1.1 Cu. Ft. Countertop Microwave (NS-MW11BK5-C) - Black - Only at Best Buy","kitchen-appliances","1","5","4","blocked_pending","Not requested after Best Buy edge denied further access."
"bbca-17554828","Insignia Retro 0.7 Cu. Ft. Retro Compact Microwave (NS-MW7RM5-C) - Cream - Only at Best Buy","kitchen-appliances","1","5","4","blocked_pending","Not requested after Best Buy edge denied further access."
"bbca-17937196","LG NeoChef 2.0 Cu. Ft. Microwave with Smart Inverter (MSER2090S) - Stainless Steel","kitchen-appliances","3","5","2","verified_multiple","3 suitable source photographs have been verified; five distinct exact-product images are required."
"bbca-17982973","Panasonic Genius 1.1 Cu. Ft. Convection Inverter Microwave/Broil Oven (NNGT69KSC) - Silver","kitchen-appliances","1","5","4","blocked_pending","Not requested after Best Buy edge denied further access."
"bbca-19291417","Frigidaire 0.9 Cu. Ft. Microwave (EMW956-BLACK) - Black - Only at Best Buy","kitchen-appliances","1","5","4","blocked_pending","Not requested after Best Buy edge denied further access."
"bbca-18923866","Insignia 1.6 Cu. Ft. Microwave (NS-MW16SS6-C) - Stainless Steel - Only at Best Buy","kitchen-appliances","1","5","4","blocked_pending","Not requested after Best Buy edge denied further access."
"bbca-15935029","Black & Decker Honeycomb Drip 12-Cup Programmable Coffee Maker with Glass Carafe - White","kitchen-appliances","1","5","4","blocked_pending","Not requested after Best Buy edge denied further access."
"bbca-13846955","Black & Decker 12-Cup Programmable Coffee Maker with Glass Carafe","kitchen-appliances","1","5","4","blocked_pending","Not requested after Best Buy edge denied further access."
"bbca-18475070","Bella Pro 12-Cup Programmable Coffee Maker with Programmable Brewing - Stainless Steel","kitchen-appliances","1","5","4","blocked_pending","Not requested after Best Buy edge denied further access."
"bbca-18218009","Starfrit 10-Cup Coffee Maker - Black","kitchen-appliances","1","5","4","blocked_pending","Not requested after Best Buy edge denied further access."
"bbca-19790500","Farberware 9-Cup Programmable Coffee Maker with Glass Carafe - Black","kitchen-appliances","1","5","4","blocked_pending","Not requested after Best Buy edge denied further access."
"bbca-19729376","Black & Decker Drip 12-Cup Programmable Coffee Maker with Programmable Brewing","kitchen-appliances","1","5","4","blocked_pending","Not requested after Best Buy edge denied further access."
"bbca-15990045","Hamilton Beach FlexBrew Trio 7-Cup Dual Coffee Maker - Black","kitchen-appliances","1","5","4","blocked_pending","Not requested after Best Buy edge denied further access."
"bbca-19432100","Ninja DualBrew Grounds & Pods Hot & Iced 12-Cup Pod & Ground Coffee Dual Coffee Maker with Glass Carafe - Black","kitchen-appliances","3","5","2","verified_multiple","3 suitable source photographs have been verified; five distinct exact-product images are required."
"bbca-10106549","Breville Café Roma Semi-Automatic Espresso Machine with Steam Wand","kitchen-appliances","4","5","1","verified_multiple","4 suitable source photographs have been verified; five distinct exact-product images are required."
"bbca-19446105","Braun PureFlavor 14-Cup Coffee Maker with Glass Carafe - Stainless Steel","kitchen-appliances","1","5","4","blocked_pending","Not requested after Best Buy edge denied further access."
"bbca-19936461","Ninja Fresh Brew Programmable Drip Coffee Maker - 14-Cup - Stainless Steel/Black","kitchen-appliances","3","5","2","verified_multiple","3 suitable source photographs have been verified; five distinct exact-product images are required."
"bbca-17115247","Nespresso Vertuo Pop+ Coffee & Automatic Capsule Espresso Machine with One-Touch Brewing - Liquorice Black","kitchen-appliances","1","5","4","blocked_pending","Not requested after Best Buy edge denied further access."
"bbca-19856398","HOMCOM Semi-Automatic Espresso Machine Bean-to-Cup with Milk Frother - Stainless Steel","kitchen-appliances","4","5","1","verified_multiple","4 suitable source photographs have been verified; five distinct exact-product images are required."
"bbca-16945739","Baratza Encore ESP Electric Burr Coffee Grinder Espresso - Black","kitchen-appliances","1","5","4","blocked_pending","Not requested after Best Buy edge denied further access."
"bbca-15935028","Black & Decker Electric Blade Coffee Grinder - Stainless Steel","kitchen-appliances","1","5","4","blocked_pending","Not requested after Best Buy edge denied further access."
"bbca-14421366","Hamilton Beach Electric Burr Coffee Grinder 18 Grind Settings - Stainless Steel","kitchen-appliances","1","5","4","blocked_pending","Not requested after Best Buy edge denied further access."
"bbca-18197435","AMZCHEF Electric Conical Burr Coffee Grinder Espresso, Drip Coffee & French Press Timed Dosing","kitchen-appliances","1","5","4","blocked_pending","Not requested after Best Buy edge denied further access."
"bbca-13230981","Braun Electric Flat Burr Coffee Grinder Espresso, Drip Coffee & French Press Anti-Static - Stainless Steel","kitchen-appliances","1","5","4","blocked_pending","Not requested after Best Buy edge denied further access."
"bbca-19470465","Electric Conical Burr Coffee Grinder Espresso Timed Dosing","kitchen-appliances","1","5","4","blocked_pending","Not requested after Best Buy edge denied further access."
"bbca-16297328","KitchenAid Burr Coffee Grinder Espresso & Cold Brew Portafilter Holder - Black Matte","kitchen-appliances","1","5","4","blocked_pending","Not requested after Best Buy edge denied further access."
"bbca-10360619","Breville Smart Grinder Pro Electric Conical Burr Coffee Grinder Espresso & French Press Timed Dosing - Die Cast Metallic","kitchen-appliances","2","5","3","verified_multiple","2 suitable source photographs have been verified; five distinct exact-product images are required."
"bbca-15490827","Breville Smart Grinder Pro Electric Conical Burr Coffee Grinder Espresso & French Press Timed Dosing - Black Stainless Steel","kitchen-appliances","1","5","4","blocked_pending","Not requested after Best Buy edge denied further access."
"bbca-10407178","Breville Dose Control Electric Conical Burr Coffee Grinder 60 Grind Settings","kitchen-appliances","1","5","4","blocked_pending","Not requested after Best Buy edge denied further access."
"bbca-17907292","Breville Smart Grinder Pro Electric Conical Burr Coffee Grinder Espresso & French Press Timed Dosing","kitchen-appliances","1","5","4","blocked_pending","Not requested after Best Buy edge denied further access."
"bbca-14677282","Breville Smart Grinder Pro Electric Conical Burr Coffee Grinder Espresso & French Press Timed Dosing - Black Truffle","kitchen-appliances","1","5","4","blocked_pending","Not requested after Best Buy edge denied further access."
"bbca-14867118","Breville Smart Grinder Pro Electric Conical Burr Coffee Grinder Espresso & French Press Timed Dosing - Damson Blue","kitchen-appliances","1","5","4","blocked_pending","Not requested after Best Buy edge denied further access."
"bbca-17168806","Insignia Portable Air Conditioner - 8k BTU/5.2k SACC (150 sq ft Coverage) - Remote - White/Black - En","cooling-floor-care","1","5","4","blocked_pending","Not requested after Best Buy edge denied further access."
"bbca-17168805","Insignia Portable Air Conditioner - 10k BTU/6.5k SACC (250 sq ft Coverage) - Remote - White/Black - En","cooling-floor-care","1","5","4","blocked_pending","Not requested after Best Buy edge denied further access."
"bbca-19996529","LG Portable Air Conditioner - 10000 BTU (450 sq ft Coverage) - 55dB, Remote - White","cooling-floor-care","1","5","4","blocked_pending","Not requested after Best Buy edge denied further access."
"bbca-18883919","Hisense 3-in-1 Air Conditioner - 8500 BTU (150 sq ft Coverage) - 50dB, Remote - White","cooling-floor-care","1","5","4","blocked_pending","Not requested after Best Buy edge denied further access."
"bbca-17459075","Hisense 3-in-1 Portable Air Conditioner - 13.5k BTU/10k SACC (450 sq ft Coverage) - 52dB, Window Kit - Charcoal Grey","cooling-floor-care","1","5","4","blocked_pending","Not requested after Best Buy edge denied further access."
"bbca-18883918","Hisense 3-in-1 Air Conditioner - 9.2k BTU/6k BTU SACC (250 sq ft Coverage) - 50dB, Remote - White","cooling-floor-care","1","5","4","blocked_pending","Not requested after Best Buy edge denied further access."
"bbca-19816590","HOMCOM 12000 BTU Portable Air Conditioner, 5-in-1 AC Unit with Cool, Heat, Dehumidifier, Fan, Sleep, WiFi Voice Control, 24H Timer, Child Lock, for Room up to 549 Sq. ft, White","cooling-floor-care","4","5","1","verified_multiple","4 suitable source photographs have been verified; five distinct exact-product images are required."
"bbca-16655155","Commercial Cool 3-in-1 Portable Air Conditioner - 9k BTU/6.35k SACC (400 sq ft Coverage) - 57dB, Window Kit - Blue","cooling-floor-care","1","5","4","blocked_pending","Not requested after Best Buy edge denied further access."
"bbca-16630102","Black+Decker 3-in-1 Portable Air Conditioner - 12k BTU/5.95k SACC (550 sq ft Coverage) - Heat, Window Kit, Remote - White","cooling-floor-care","1","5","4","blocked_pending","Not requested after Best Buy edge denied further access."
"bbca-16243454","Costway 10000 BTU Portable Air Conditioner 3-in-1 Air Cooler w/Dehumidifier & Fan Mode","cooling-floor-care","1","5","4","blocked_pending","Not requested after Best Buy edge denied further access."
"bbca-17087255","Costway 3-in-1 Portable Air Conditioner - 8k BTU (250 sq ft Coverage) - 54dB, Window Kit, Remote - White+Black","cooling-floor-care","1","5","4","blocked_pending","Not requested after Best Buy edge denied further access."
"bbca-16655127","Commercial Cool CCP6JW, Dehumidifier & Fan, 9,000 BTU Bedroom AC Unit with 2 Remote Controls & Covers up to 400 Sq. Ft, Alexa & Wifi Enabled, Smart portable-air-conditioners, 9000,","cooling-floor-care","1","5","4","blocked_pending","Not requested after Best Buy edge denied further access."
"bbca-10405408","Honeywell Quiet Set 8-Speed Oscillating Tower Fan - 40"" - Black","cooling-floor-care","1","5","4","blocked_pending","Not requested after Best Buy edge denied further access."
"bbca-19697623","Pelonis Digital Tower Fan with Remote - 42"" - Black","cooling-floor-care","1","5","4","blocked_pending","Not requested after Best Buy edge denied further access."
"bbca-19833734","OmniBreeze, Premium 96 cm (38 in.) Tower Fan with Internal Oscillation and Wi-Fi , Black","cooling-floor-care","1","5","4","blocked_pending","Not requested after Best Buy edge denied further access."
"bbca-14206742","Honeywell TurboForce High Velocity Air Circulator & Tower Fan - 32"" - Black","cooling-floor-care","1","5","4","blocked_pending","Not requested after Best Buy edge denied further access."
"bbca-10289489","Dyson Tower Fan (AM07) - White/Silver","cooling-floor-care","1","5","4","blocked_pending","Not requested after Best Buy edge denied further access."
"bbca-17976063","LEVOIT 36'' Tower Fan for Bedroom, 90° Oscillating Standing Fans with 26ft/s Velocity, Quiet 25dB, Bladeless Cooling Fan for Office, 12 Speeds, 4 Modes, 12H Timer, LED Display","cooling-floor-care","1","5","4","blocked_pending","Not requested after Best Buy edge denied further access."
"bbca-19393950","Shark TurboBlade Tower Fan - 31.57"" - Dove","cooling-floor-care","2","5","3","verified_multiple","2 suitable source photographs have been verified; five distinct exact-product images are required."
"bbca-19377711","Wall-Mounted Silent Circulation Fan, Portable Tower Fan with Floor and Tabletop Stand for Bedroom, Office, Kitchen","cooling-floor-care","1","5","4","blocked_pending","Not requested after Best Buy edge denied further access."
"bbca-13569715","PureGuardian Oscillating Tower Fan - 27"" - Black","cooling-floor-care","1","5","4","blocked_pending","Not requested after Best Buy edge denied further access."
"bbca-19816592","HOMCOM 28dB Tower Fan for Bedroom, 26 ft/s Velocity Standing Fan with BLDC Motor, 80° Oscillating, 12 Speeds, LED Display, 4 Modes, 12H Timer, Remote Control, 36 inch, Black","cooling-floor-care","4","5","1","verified_multiple","4 suitable source photographs have been verified; five distinct exact-product images are required."
"bbca-15566557","JS DUO 3.0 – 3-in-1 Bladeless Tower Fan | Ceramic Heater + Cooling Fan + Dual HEPA Air Purifier | 12 Speeds, 90° Oscillation, Remote Control *NEW*","cooling-floor-care","1","5","4","blocked_pending","Not requested after Best Buy edge denied further access."
"bbca-10289492","Dyson Tower Fan (AM07) - Black/Nickel","cooling-floor-care","1","5","4","blocked_pending","Not requested after Best Buy edge denied further access."
"bbca-19438335","Air Purifiers for Home Large Room Up to 3000 Sq Ft with Washable Filters, H13 HEPA, Dual-Sided Air Intake, PM2.5 Sensor, 22dB Quiet Air Cleaner for Bedroom, Pets, Dust","cooling-floor-care","1","5","4","blocked_pending","Not requested after Best Buy edge denied further access."
"bbca-13407419","GermGuardian 4-in-1 Tower Air Purifier with HEPA Filter - White","cooling-floor-care","1","5","4","blocked_pending","Not requested after Best Buy edge denied further access."
"bbca-16654000","Levoit Core Mini-P Air Purifier for Rooms up to 255 Sq Ft, 3-Stage Filtration, Aromatherapy - White","cooling-floor-care","1","5","4","blocked_pending","Not requested after Best Buy edge denied further access."
"bbca-19282270","SereneLife HEPA Air Purifier for Home – Smart WiFi & App Control, Ultra-Quiet Air Purifier for Bedrooms & Large Rooms, Removes Dust, Pet Hair & Odors, Ideal for Pets & Allergies","cooling-floor-care","1","5","4","blocked_pending","Not requested after Best Buy edge denied further access."
"bbca-19206942","Homedics 2-in-1 Cool Mist Humidifier & Air Purifier – Humidifies & Purifies Air, Digital Air Quality Sensor, Auto Mode, Stylish Tower Design, Ideal for Medium-Large Rooms","cooling-floor-care","1","5","4","blocked_pending","Not requested after Best Buy edge denied further access."
"bbca-18902856","Blueair Blue Pure 511i Max Air Purifier with HEPASilent Filter - 1138 sq. ft. - White","cooling-floor-care","1","5","4","blocked_pending","Not requested after Best Buy edge denied further access."
"bbca-17979777","AIRTOK HEPA Air Purifier for Home Bedroom with Fragrance Sponges | 4-In-1 H13 True HEPA Air Filter for Smoke Dust Pollen Pet Dander Odors","cooling-floor-care","1","5","4","blocked_pending","Not requested after Best Buy edge denied further access."
"bbca-19393905","Dyson HushJet Air Purifier - White","cooling-floor-care","1","5","4","blocked_pending","Not requested after Best Buy edge denied further access."
"bbca-19936490","Shark BreatheClear NeverChange Air Purifier with HEPA Filter - Dove","cooling-floor-care","1","5","4","blocked_pending","Not requested after Best Buy edge denied further access."
"bbca-16654410","LEVOIT Air Purifiers for Home Bedroom H13 True HEPA Filter for Large Room, Sleep, Quiet Cleaner for Dust, Allergies, Pets, Smoke, White Noise, Smart WiFi, Auto Mode, 300S","cooling-floor-care","1","5","4","blocked_pending","Not requested after Best Buy edge denied further access."
"bbca-17064529","Blueair Blue Pure 211i Max HEPASilent Air Purifier - 3235 sq. ft. - White","cooling-floor-care","1","5","4","blocked_pending","Not requested after Best Buy edge denied further access."
"bbca-18164764","GermGuardian AC3000B AirSafe+ Air Purifier with True HEPA Filter & UV-C - Black","cooling-floor-care","1","5","4","blocked_pending","Not requested after Best Buy edge denied further access."
"bbca-19362151","Insignia Dehumidifier - 50-Pint - Only at Best Buy","cooling-floor-care","1","5","4","blocked_pending","Not requested after Best Buy edge denied further access."
"bbca-14193883","Insignia Dehumidifier with Pump - 50-Pint - White - Only at Best Buy","cooling-floor-care","1","5","4","blocked_pending","Not requested after Best Buy edge denied further access."
"bbca-14967900","JS Vanguard 2.0 - 2-in-1 Air Purifier HEPA and Dehumidifier. Designed for small spaces. Now with mobile APP support *NEW AND IMPROVED*","cooling-floor-care","1","5","4","blocked_pending","Not requested after Best Buy edge denied further access."
"bbca-19332387","Costway 4500 Sq. Ft Dehumidifier for Basement with 4 Modes 3-Color Indicator 24H Timer","cooling-floor-care","1","5","4","blocked_pending","Not requested after Best Buy edge denied further access."
"bbca-16562016","Costway 60-Pint Dehumidifier for Home & Basements 4000 Sq. Ft w/ 3-Color Digital Display","cooling-floor-care","4","5","1","verified_multiple","4 suitable source photographs have been verified; five distinct exact-product images are required."
"bbca-19362152","Insignia Dehumidifier - 35-Pint - Only at Best Buy","cooling-floor-care","1","5","4","blocked_pending","Not requested after Best Buy edge denied further access."
"bbca-17811302","1750 Sq. Ft Ukoke Portable Dehumidifier for Medium Spaces | Efficient 32 Pints/Day Dehumidification, 3 Smart modes, Auto Drainage | Whisper-Quiet, Ideal for Basements, Bedrooms, RV","cooling-floor-care","1","5","4","blocked_pending","Not requested after Best Buy edge denied further access."
"bbca-18600307","Honeywell Dehumidifier with Drain Pump - 50-Pint","cooling-floor-care","1","5","4","blocked_pending","Not requested after Best Buy edge denied further access."
"bbca-18391717","Costway 73 Pint Dehumidifier for Basement, 4500 Sq. Ft Home Dehumidifier with 5 Modes, 3-Color Indicator Light, 1.7 Gallon Water Tank, Quiet Dehumidifier with Drain Hose","cooling-floor-care","1","5","4","blocked_pending","Not requested after Best Buy edge denied further access."
"bbca-16632934","BLACK+DECKER 4500 Sq. Ft. Dehumidifier for Large Spaces and Basements, Energy Star Certified","cooling-floor-care","1","5","4","blocked_pending","Not requested after Best Buy edge denied further access."
"bbca-17956176","Danby Dehumidifier with Smart Dehumidify - 40-Pint - White","cooling-floor-care","1","5","4","blocked_pending","Not requested after Best Buy edge denied further access."
"bbca-16562018","Costway 100-Pint Dehumidifier for Home & Basements w/ Smart App& Alexa Control","cooling-floor-care","4","5","1","verified_multiple","4 suitable source photographs have been verified; five distinct exact-product images are required."
"bbca-14530795","Costway Evaporative Portable Air Cooler Fan & Humidifier with Filter Remote Control","cooling-floor-care","4","5","1","verified_multiple","4 suitable source photographs have been verified; five distinct exact-product images are required."
"bbca-19436003","VEVOR 1800 CFM Evaporative Air Cooler, with 6.8 Gallon Water Tank Swamp Cooler, Portable Cooling Fan with Remote Control, 12H Timer, 4 Ice Boxes, Quiet Operation, 3 Wind Speeds","cooling-floor-care","1","5","4","blocked_pending","Not requested after Best Buy edge denied further access."
"bbca-16448653","Portable Evaporative Air Cooler with 3 Cooling Modes and Timer-White","cooling-floor-care","1","5","4","blocked_pending","Not requested after Best Buy edge denied further access."
"bbca-19282162","VEVOR 1400 Evaporative Cooler, CFM Air Cooler, 84° Oscillating Swamp Cooler ,5 Gal Air Cooler for 550 Sq.ft with 3 Speeds Adjustable Control, Indoor Outdoor Use, FCC Listed","cooling-floor-care","1","5","4","blocked_pending","Not requested after Best Buy edge denied further access."
"bbca-20172061","SereneLife Evaporative Air Cooler Tower with Remote, 5L Tank, 4 Ice Boxes, 3 Speeds, Quiet Standing Cooler with Oscillation for Home, Office or Bedroom","cooling-floor-care","1","5","4","blocked_pending","Not requested after Best Buy edge denied further access."
"bbca-19641872","Space Heater for Indoor Use, 1500W PTC Ceramic Fast Heating with Thermostat, 70° Oscillating, 12h Timer, Overheating & Tip-Over Protection, Portable Electric Heater for Bedroom","cooling-floor-care","1","5","4","blocked_pending","Not requested after Best Buy edge denied further access."
"bbca-15837374","Topbuy 700W Mini Electric Oil Filled Radiator Portable Space Heater Safe Room Heating Machine","cooling-floor-care","1","5","4","blocked_pending","Not requested after Best Buy edge denied further access."
"bbca-19661017","VEVOR 1500W Infrared Heater, Electric Space Heater with Remote Control, LED Screen & 24H Timer, Multiple Temperature Adjustable for Patio Bedroom,Living Room,Studio,Dining Room","cooling-floor-care","1","5","4","blocked_pending","Not requested after Best Buy edge denied further access."
"bbca-20154007","Space Heater, Small Portable Electric Heaters for Indoor Use with Thermostat and Remote, 70°Oscillation, 12H Timer, 4 Modes, 1200W PTC Ceramic Fast Safety Heat for Office Bedroom","cooling-floor-care","1","5","4","blocked_pending","Not requested after Best Buy edge denied further access."
"bbca-14292198","Senville 1500W Ceramic Tower Space Heater","cooling-floor-care","1","5","4","blocked_pending","Not requested after Best Buy edge denied further access."
"bbca-19786377","1500W Space Heater Indoor – PTC Ceramic Electric Heater with Thermostat, Remote Control, 3 Modes, 12H Timer, Overheat & Tip-Over Protection","cooling-floor-care","1","5","4","blocked_pending","Not requested after Best Buy edge denied further access."
"bbca-19694094","VEVOR 1500W Hanging Patio Heater, Electric Space Infrared Heater, IP34 Protection with 23.6 inch Pull Cord & Adjustable Chain, for Porch,Patio,Dining Room,Studio Outdoor/Indoor","cooling-floor-care","1","5","4","blocked_pending","Not requested after Best Buy edge denied further access."
"bbca-20126415","Space Heater, Electric Heaters 1800W PTC Ceramic Heater with Night Light, Adjustable Height Remote Control, 3 Cooling/Heating Modes, Overheat for Bedroom Office Use","cooling-floor-care","1","5","4","blocked_pending","Not requested after Best Buy edge denied further access."
"bbca-19694095","VEVOR 1500W Infrared Heater, Electric Space Heater with Remote Control, LED Screen w/ 3 Speeds & Timer, Outdoor/Outdoor for Patio,Porch,Dining Room,Studio","cooling-floor-care","1","5","4","blocked_pending","Not requested after Best Buy edge denied further access."
"bbca-20166937","Space Heater, Programmable Wall Outlet Space Heater with Adjustable Thermostat & Timer & LED Display, 450W for Office Dorm Room, Black","cooling-floor-care","1","5","4","blocked_pending","Not requested after Best Buy edge denied further access."
"bbca-17684099","Warrmth Portable Mini Electric Fireplace Heater - 1800W Desktop Space Heater with Realistic Flame Effect, PTC Fast Heating & Overheat Protection - EFA-01TB","cooling-floor-care","1","5","4","blocked_pending","Not requested after Best Buy edge denied further access."
"bbca-19648032","Heat Storm 1000W Infrared Wall-Mounted Electric Space Heater (HS-1000-WX) - White","cooling-floor-care","1","5","4","blocked_pending","Not requested after Best Buy edge denied further access."
"bbca-19694092","VEVOR 1500W Infrared Heater, Electric Space Heater with Remote Control & 3 Speeds & 24H Timer & Multiple Security Protections, Indoor/Outdoor for Bedroom,Studio,Porch,Dining Room","cooling-floor-care","1","5","4","blocked_pending","Not requested after Best Buy edge denied further access."
"bbca-19585770","Space heater, 1000W small heater, ceramic space heater with overheating protection","cooling-floor-care","1","5","4","blocked_pending","Not requested after Best Buy edge denied further access."
"bbca-17183829","Dyson V11 Cordless Bagless Stick Vacuum for Multi-Surface with Motorbar Detangling, LCD, Up to 60 min - Nickel/Blue","cooling-floor-care","1","5","4","blocked_pending","Not requested after Best Buy edge denied further access."
"bbca-19788687","Dyson V8 Cyclone Cordless Stick Vacuum - Army Green/Black","cooling-floor-care","1","5","4","blocked_pending","Not requested after Best Buy edge denied further access."
"bbca-19282725","Shark IZ362H Cordless Bagless Stick Vacuum for Multi-Surface with Self-Cleaning Brushroll, HEPA, Converts to Handheld - Red","cooling-floor-care","1","5","4","blocked_pending","Not requested after Best Buy edge denied further access."
"bbca-18387271","Samsung Jet60 Pet Cordless Bagless Stick Vacuum for Pet Hair with Jet Fit Brush, 150W Suction, 40 min Runtime - Rose Gold","cooling-floor-care","3","5","2","verified_multiple","3 suitable source photographs have been verified; five distinct exact-product images are required."
"bbca-19471936","Dreame U20 Cordless Bagless Stick Vacuum for Multi-Surface with 120AW, 60min Runtime, Blue LED Brush - White","cooling-floor-care","1","5","4","blocked_pending","Not requested after Best Buy edge denied further access."
"bbca-19896897","Shark Pet Cordless Bagless, Stick Vacuum with 40 min Runtime, Light - Moonlight Blue","cooling-floor-care","1","5","4","blocked_pending","Not requested after Best Buy edge denied further access."
"bbca-19471935","Dreame CleanX W15 Cordless Bagless Stick Vacuum for Multi-Surface with 90 min Runtime, LED Lights, 99.9% Filtration - Black","cooling-floor-care","1","5","4","blocked_pending","Not requested after Best Buy edge denied further access."
"bbca-19725893","TIDEA X5 Cordless Bagless Stick Vacuum for Hardwood Floors, Carpet & Pet Hair with 300W Brushless Motor, 40min Runtime, LED Display","cooling-floor-care","1","5","4","blocked_pending","Not requested after Best Buy edge denied further access."
"bbca-18471630","Samsung Jet75 Pet Cordless Bagless Stick Vacuum for Pet Hair with 200W Suction, 60 min Runtime, Pet Tool, Turbo Action Brush - Black","cooling-floor-care","3","5","2","verified_multiple","3 suitable source photographs have been verified; five distinct exact-product images are required."
"bbca-19366670","Tineco GO 150 Slim Cordless Bagless Stick Vacuum for Multi-Surface with HEPA, 40 min Runtime, 0-Tangle Brush, 2-in-1 Dusting Brush","cooling-floor-care","1","5","4","blocked_pending","Not requested after Best Buy edge denied further access."
"bbca-18246427","Tineco GO PET 302 Cordless Bagless Stick Vacuum for Pet Hair with 0-Tangle Brush, 60 min Runtime, iLOOP Smart Sensor","cooling-floor-care","1","5","4","blocked_pending","Not requested after Best Buy edge denied further access."
"bbca-18246428","Tineco GO PET PRO 503 Cordless Bagless Stick Vacuum for Pet Hair with 0-Tangle Brush, iLOOP Smart Sensor, 60min Runtime","cooling-floor-care","1","5","4","blocked_pending","Not requested after Best Buy edge denied further access."
"bbca-19707711","bObsweep Maxim Robot Vacuum & Mop for Hard Floors with Wi-Fi, Auto-Emptying Dock, LiDAR - Titanium","cooling-floor-care","1","5","4","blocked_pending","Not requested after Best Buy edge denied further access."
"bbca-18925740","bObsweep UltraVision Robot Vacuum & Mop for Multi-Surface with Self-Emptying Dock, LiDAR, Wi-Fi, 8000Pa - Carbon Steel","cooling-floor-care","1","5","4","blocked_pending","Not requested after Best Buy edge denied further access."
"bbca-19202890","iRobot Roomba Plus 405 Combo Robot Vacuum & Mop for Multi-Surface with AutoWash Dock, Self-Emptying, LiDAR, Wi-Fi - Black","cooling-floor-care","1","5","4","blocked_pending","Not requested after Best Buy edge denied further access."
"bbca-19633882","bObsweep Bio Robot Vacuum & Mop for Multi-Surface with Self-Emptying Dock, LiDAR Smart Mapping, Wi-Fi, 5000Pa - Riverstone","cooling-floor-care","1","5","4","blocked_pending","Not requested after Best Buy edge denied further access."
"bbca-19471942","Dreame GoVac 500 Robot Vacuum & Mop for Multi-Surface with Self-Cleaning, Auto-Emptying Dock, 19,000Pa - White","cooling-floor-care","1","5","4","blocked_pending","Not requested after Best Buy edge denied further access."
"bbca-19202887","iRobot Roomba 105 Combo Robot Vacuum & Mop for Multi-Surface with 70X Suction, Wi-Fi, ClearView LiDAR - Black","cooling-floor-care","1","5","4","blocked_pending","Not requested after Best Buy edge denied further access."
"bbca-19815215","Roborock Q7 M5+ Robot Vacuum & Mop for Pet Hair & Carpet with Self-Empty Dock, 10000Pa Suction, Dual Anti-Tangle, LiDAR, App Control","cooling-floor-care","1","5","4","blocked_pending","Not requested after Best Buy edge denied further access."
"bbca-20077065","ECOVACS DEEBOT N10 MAX+ Robot Vacuum & Mop for Multi-Surface with Auto-Emptying Dock, 4,300Pa Suction, TrueMapping 2.0 LiDAR, 200-Min Runtime, App & Voice Control - Black","cooling-floor-care","1","5","4","blocked_pending","Not requested after Best Buy edge denied further access."
"bbca-18925739","bObsweep UltraVision Robot Vacuum & Mop for Pet Hair with Self-Emptying Dock, LiDAR Mapping, Wi-Fi, 8000Pa - Stainless Steel","cooling-floor-care","1","5","4","blocked_pending","Not requested after Best Buy edge denied further access."
"bbca-17247105","bObsweep Dustin Robot Vacuum & Mop for Pet Hair with Self-Emptying Dock, Wi-Fi, LiDAR - Navy","cooling-floor-care","1","5","4","blocked_pending","Not requested after Best Buy edge denied further access."
"bbca-19925624","iRobot Roomba Plus 515 Combo Robot Vacuum & Mop for Multi-Surface with AutoWash Auto-Empty Dock, LiDAR, 202 min - Black","cooling-floor-care","1","5","4","blocked_pending","Not requested after Best Buy edge denied further access."
"bbca-19925629","iRobot Roomba Max 775 Combo Robot Vacuum & Mop for Multi-Surface with Auto Wash Self-Emptying Dock, Wi-Fi - Black","cooling-floor-care","1","5","4","blocked_pending","Not requested after Best Buy edge denied further access."
"bbca-18472104","Chamberlain myQ Smart Wired Indoor Security Camera - 1080p Full HD, 130° View, Night Vision - White","smart-home","1","5","4","blocked_pending","Not requested after Best Buy edge denied further access."
"bbca-19941022","eufy Cam C31 Wired Indoor/Outdoor 1080p PTZ Camera - 360° View, Full-Color Night Vision, 24/7 Recording, No Fees - White","smart-home","1","5","4","blocked_pending","Not requested after Best Buy edge denied further access."
"bbca-14581247","Blink Mini 1080p Full HD Indoor Wi-Fi Security Camera - Night Vision, Two-Way Audio, Alexa - White","smart-home","1","5","4","blocked_pending","Not requested after Best Buy edge denied further access."
"bbca-19296871","TP-Link Tapo C220P2 2K QHD AI Semi-Wireless Indoor Security Camera - 360° Pan/Tilt, Night Vision (2-Pack) - White","smart-home","1","5","4","blocked_pending","Not requested after Best Buy edge denied further access."
"bbca-19763659","eufy Security eufyCam C35 Wireless Indoor/Outdoor Camera - PureColor Night Vision, AI Detection, Local microSD - White","smart-home","1","5","4","blocked_pending","Not requested after Best Buy edge denied further access."
"bbca-19909243","i Dual-Lens Indoor Smart Security Camera & Light - 10x Optical Zoom, Motorized Pan/Tilt, AI Person Tracking, Two-Way Audio","smart-home","1","5","4","blocked_pending","Not requested after Best Buy edge denied further access."
"bbca-19296872","TP-Link Tapo C425 KIT 2K Solar Wire-Free Indoor/Outdoor Security Camera - 150° View, Full-Color Night Vision, AI Detection","smart-home","1","5","4","blocked_pending","Not requested after Best Buy edge denied further access."
"bbca-16581643","SpotCam Mibo 2K Wireless Indoor Pan-Tilt Pet Camera - Pet & Human Tracking, Night Vision, Two-Way Talk","smart-home","1","5","4","blocked_pending","Not requested after Best Buy edge denied further access."
"bbca-19334133","Google Nest Cam 3rd Gen Wired Indoor Security Camera - 2K HDR, Gemini AI, Wide Field of View (Snow)","smart-home","1","5","4","blocked_pending","Not requested after Best Buy edge denied further access."
"bbca-15723632","Elder Wired 4-Channel DVR Security System with 4 4K Cameras and 1TB Hard Drive","smart-home","1","5","4","blocked_pending","Not requested after Best Buy edge denied further access."
"bbca-16663677","Elder Wired 8-Channel DVR Security System with 8 4K Cameras and 2TB Hard Drive","smart-home","1","5","4","blocked_pending","Not requested after Best Buy edge denied further access."
"bbca-16345928","Elder Wi-Fi 8-Channel NVR PTZ Security System with 4 4K Cameras and 1TB Hard Drive","smart-home","1","5","4","blocked_pending","Not requested after Best Buy edge denied further access."
"bbca-16663655","Elder Wired 8-Channel DVR Security System with 6 4K Cameras and 1TB Hard Drive","smart-home","1","5","4","blocked_pending","Not requested after Best Buy edge denied further access."
"bbca-16342866","Elder PoE 8-Channel NVR Security System with 4 4K Cameras, Deterrence Spotlight and 2TB Hard Drive","smart-home","1","5","4","blocked_pending","Not requested after Best Buy edge denied further access."
"bbca-16020187","Elder PoE 8-Channel NVR Security System with 4 12MP 4K Cameras, Face/Plate Detection and 2TB Hard Drive","smart-home","1","5","4","blocked_pending","Not requested after Best Buy edge denied further access."
"bbca-19941783","Elder Wired DVR Security System with 4 3K Cameras and 500GB Hard Drive","smart-home","1","5","4","blocked_pending","Not requested after Best Buy edge denied further access."
"bbca-16449154","Elder PoE 8-Channel NVR Security System with 6 4K Cameras and 2TB Hard Drive","smart-home","1","5","4","blocked_pending","Not requested after Best Buy edge denied further access."
"bbca-16642031","Elder PoE 8-Channel NVR PTZ Security System with 5 12MP 4K Cameras and 2TB Hard Drive","smart-home","1","5","4","blocked_pending","Not requested after Best Buy edge denied further access."
"bbca-17980275","Blink Outdoor 4 Wire-Free 1080p Full HD IP Security Camera System - 3 Pack - Black","smart-home","1","5","4","blocked_pending","Not requested after Best Buy edge denied further access."
"bbca-19586148","Reolink 12MP PoE Security System - 8 Dome Cameras, 16-Channel NVR, 4TB HDD, Color Night Vision","smart-home","1","5","4","blocked_pending","Not requested after Best Buy edge denied further access."
"bbca-19390287","eufy FamiLock E35 Palm-Vein Keyless Entry Wi-Fi Smart Lock with Keypad & Key - Black","smart-home","1","5","4","blocked_pending","Not requested after Best Buy edge denied further access."
"bbca-19916037","Veno Plus Dual Batteries- All-in-One Smart Lock for Front Door - Palm Vein & Fingerprint Keyless Entry - 2K 180° Ultra-Wide Camera, Built-In WiFi & 8GB Storage","smart-home","1","5","4","blocked_pending","Not requested after Best Buy edge denied further access."
"bbca-19787365","Lockin Veno Go Palm Vein Smart Lock with Built-in Wi-Fi & Matter, Keyless Entry Smart Deadbolt Door Lock, 5 Unlock Methods, ANSI Grade 3 Security, 7-Month Rechargeable Battery","smart-home","1","5","4","blocked_pending","Not requested after Best Buy edge denied further access."
"bbca-19669504","Lockin Veno Smart Deadbolt Lock with Palm Vein, Keyless Entry Smart Lock for Front Door with Doorbell, Fingerprint Lock with Built-in WiFi, App Remote Control, Black","smart-home","1","5","4","blocked_pending","Not requested after Best Buy edge denied further access."
"bbca-19869226","VEVOR Keyless Entry Door Lock with Handle Set, Electronic Keypad Deadbolt with Lever Handles, Pioneering Easy-Grip Design, Customizable User Codes, Keyed Entry, Auto Lock, Silver","smart-home","1","5","4","blocked_pending","Not requested after Best Buy edge denied further access."
"bbca-19963886","eufy C220 Fingerprint Keyless Entry Wi-Fi Bluetooth Smart Lock with Keypad & Key - Black","smart-home","1","5","4","blocked_pending","Not requested after Best Buy edge denied further access."
"bbca-19457333","Yale Black Code Keypad Deadbolt Front Door Lock for Keyless Entry, YED210-NR-BSP","smart-home","1","5","4","blocked_pending","Not requested after Best Buy edge denied further access."
"bbca-19579913","eufy Smart Lock C30, Keyless Entry Door Lock, Built-in WiFi Deadbolt, Smart Lock for Front Door, No Bridge Required, Easy Installation, App Remote Control, Auto Lock","smart-home","1","5","4","blocked_pending","Not requested after Best Buy edge denied further access."
"bbca-19915515","Veno Pro - All-in-One Smart Lock for Front Door - Palm Vein & Fingerprint Keyless Entry - 2K 180° Video, WiFi, Motion Sensor, 32GB Storage - No Monthly Fee - Dual Batteries","smart-home","1","5","4","blocked_pending","Not requested after Best Buy edge denied further access."
"bbca-19763331","VEVOR Fingerprint Door Lock Set, Electronic Biometric Knob Keyless Entry Door Lock with Handle, Auto Locking, One-Time Code, Anti-Peeking Password, Easy Installation,Matte Black","smart-home","1","5","4","blocked_pending","Not requested after Best Buy edge denied further access."
"bbca-19615009","ULTRALOQ U-Bolt Smart Lock, 5-in-1 Keyless Entry Door Lock with App and Keypad","smart-home","1","5","4","blocked_pending","Not requested after Best Buy edge denied further access."
"bbca-13500066","Digital Electronic Backlit Keypad Door Lock with Backup Keys, Keyless Entry by Password Code Combination","smart-home","1","5","4","blocked_pending","Not requested after Best Buy edge denied further access."
"bbca-17974285","SwitchBot Smart Lock Pro | Keyless Entry Door Lock, Smart Door Lock Front Door, Electronic Smart Deadbolt","smart-home","1","5","4","blocked_pending","Not requested after Best Buy edge denied further access."
"bbca-17242172","eufy E340 Wi-Fi 2K Dual Camera Video Doorbell with Chime - Black/White","smart-home","1","5","4","blocked_pending","Not requested after Best Buy edge denied further access."
"bbca-17278920","Arlo Battery Operated/Wired 2K Wi-Fi Video Doorbell (2nd Generation) - White","smart-home","1","5","4","blocked_pending","Not requested after Best Buy edge denied further access."
"bbca-17732723","SMART WIRELESS VIDEO DOORBELL","smart-home","1","5","4","blocked_pending","Not requested after Best Buy edge denied further access."
"bbca-19334130","Google Nest (Wired) Wi-Fi Video Doorbell (3rd Gen) with Gemini - Hazel","smart-home","1","5","4","blocked_pending","Not requested after Best Buy edge denied further access."
"bbca-19360382","Chamberlain myQ Wi-Fi Video Doorbell - Black","smart-home","1","5","4","blocked_pending","Not requested after Best Buy edge denied further access."
"bbca-19292978","Video Doorbell with Display, Wireless Intercom Camera, Two-Way Audio, TF Slot, Night Vision, Local Storage, Button Control, Wall Mount, Not Waterproof - Black","smart-home","1","5","4","blocked_pending","Not requested after Best Buy edge denied further access."
"bbca-16604682","Elder Alarm System Security Wireless 13-Piece WiFi & 4G Smart Home Alarm System DIY, Touch Panel, Siren, Doorbell, Leak, Door & Motion Alarm Sensors, Works with Hey Google & Alexa","smart-home","1","5","4","blocked_pending","Not requested after Best Buy edge denied further access."
"bbca-20086089","Siren Alarm System White","smart-home","1","5","4","blocked_pending","Not requested after Best Buy edge denied further access."
"bbca-19703180","Alarm System, DIY 4G WiFi Wireless Burglar Alarm Security Kit with GSM and Free APP","smart-home","1","5","4","blocked_pending","Not requested after Best Buy edge denied further access."
"bbca-16671018","Elder Alarm System & Security Camera Wireless 15-Piece WiFi & 4G Smart Home Alarm Kit DIY, Keypad, Outdoor Siren, Doorbell, Leak, Motion Sensors, Works with Hey Google & Alexa","smart-home","1","5","4","blocked_pending","Not requested after Best Buy edge denied further access."
"bbca-16604675","Elder Alarm System Security Wireless 8-Piece WiFi & 4G Smart Home Alarm System DIY Kit, Color Touch Panel, Doorbell, Door & Motion Alarm Sensors, Works with Hey Google & Alexa","smart-home","1","5","4","blocked_pending","Not requested after Best Buy edge denied further access."
"bbca-19703179","Security 5-Piece Home Alarm Kit, Home Security System, Keypad, Motion Sensor, 2 Entry Sensors, Home Alarm System, Control from The App, Links with eufyCam","smart-home","1","5","4","blocked_pending","Not requested after Best Buy edge denied further access."
"bbca-19801265","Solar Outdoor Motion Sensor Alarm-13 Sounds Including Dog Barking&Gunshot, 2 * 130db Loud Noise Maker,4 Modes,Red&Blue Motion Activated Strobe Light","smart-home","1","5","4","blocked_pending","Not requested after Best Buy edge denied further access."
"bbca-16604728","Elder Alarm System Security Wireless 14-Piece WiFi & 4G Smart Home Alarm System DIY Kit, Keypad, Outdoor Siren, Doorbell, Leak, Motion Sensors, Works with Hey Google & Alexa","smart-home","1","5","4","blocked_pending","Not requested after Best Buy edge denied further access."
"bbca-18467979","OSI Alarm System Gen 2 (4G), 11pc, DIY, Motion & Entry Sensors, Wireless Siren, Remotes, Google, Alexa, Self Monitor (No Monthly Fees) or 24/7 Pro Monitoring (from $15/mo.)","smart-home","1","5","4","blocked_pending","Not requested after Best Buy edge denied further access."
"bbca-19448424","WiZ A19 Smart LED Light Bulb - White Ambiance","smart-home","1","5","4","blocked_pending","Not requested after Best Buy edge denied further access."
"bbca-19448417","Philips Hue Essential A19 Smart LED Light Bulbs - 4 Pack - White & Colour Ambiance","smart-home","1","5","4","blocked_pending","Not requested after Best Buy edge denied further access."
"bbca-19448419","Philips Hue A19 Smart LED Light Bulb - Full - White & Colour Ambiance","smart-home","1","5","4","blocked_pending","Not requested after Best Buy edge denied further access."
"bbca-15668024","Smart LED Bulb - Bluetooth","smart-home","1","5","4","blocked_pending","Not requested after Best Buy edge denied further access."
"bbca-17851874","BR30 - E26 smart bulb","smart-home","1","5","4","blocked_pending","Not requested after Best Buy edge denied further access."
"bbca-16679154","Bright Smart WI-FI LED Bulb (pack of 3)","smart-home","1","5","4","blocked_pending","Not requested after Best Buy edge denied further access."
"bbca-16236008","GE Cync Full Colour Outdoor PAR38 Smart LED Light Bulb","smart-home","1","5","4","blocked_pending","Not requested after Best Buy edge denied further access."
"bbca-17729257","ST19 Edison - E26 smart bulb","smart-home","1","5","4","blocked_pending","Not requested after Best Buy edge denied further access."
"bbca-16373837","GE Cync 100W A21 Smart LED Light Bulb - Colour","smart-home","1","5","4","blocked_pending","Not requested after Best Buy edge denied further access."
"bbca-19989061","Smart Light Bulb E27 9W WiFi RGB LED Alexa Google Home Compatible 16 Million Colors","smart-home","1","5","4","blocked_pending","Not requested after Best Buy edge denied further access."
"bbca-19497989","Globe Electric White 15-Amp Square Residential Outlet with Night Light - Smart Wi-Fi Plug (1-Pack) 50157","smart-home","1","5","4","blocked_pending","Not requested after Best Buy edge denied further access."
"bbca-19312142","TP-Link Tapo 2-Outlet Smart Wi-Fi Outdoor Plug - Black","smart-home","1","5","4","blocked_pending","Not requested after Best Buy edge denied further access."
"bbca-15745687","GE Cync On/Off Outdoor Smart Plug","smart-home","1","5","4","blocked_pending","Not requested after Best Buy edge denied further access."
"bbca-17976426","Emporia Smart Plug (2-pack)","smart-home","1","5","4","blocked_pending","Not requested after Best Buy edge denied further access."
"bbca-18141586","Smart Plug Power Strip (KP303) | Surge Protector with 3 Smart Outlets & 2 USB Ports | Works with Alexa & Google Home | No Hub Required | 2.4 GHz WiFi""","smart-home","1","5","4","blocked_pending","Not requested after Best Buy edge denied further access."
"bbca-19294190","Kasa Matter Smart Plug w/ Energy Monitoring, Compact Design, 15A/1800W Max, Super Easy Setup(2-Pack), White","smart-home","1","5","4","blocked_pending","Not requested after Best Buy edge denied further access."
"bbca-13888866","Philips Hue Smart Bluetooth Plug","smart-home","1","5","4","blocked_pending","Not requested after Best Buy edge denied further access."
"bbca-12540335","SmartPlug 30 Amp Non Metalic Grey Inlet","smart-home","1","5","4","blocked_pending","Not requested after Best Buy edge denied further access."
"bbca-19915163","4PACK 20A Smart Plug Zigbee Socket With Power Monitor Timing Function Voice Control Works US Plug","smart-home","1","5","4","blocked_pending","Not requested after Best Buy edge denied further access."
"bbca-16644561","Smart Multi-color Plug,work with Alex &google home, time function,easy control","smart-home","1","5","4","blocked_pending","Not requested after Best Buy edge denied further access."
"bbca-19580247","Plug Mini by TP-Link (HS103P2) - Smart Home WiFi Outlet Works with Alexa, Echo and Google Home, No Hub Required, Remote Control, 2.4GHz WiFi Required, 15 Amp, 2-Pack, White","smart-home","1","5","4","blocked_pending","Not requested after Best Buy edge denied further access."
"bbca-16538040","Amazon Echo Dot (5th Gen) Smart Speaker with Alexa, Charcoal - Designed for Alexa+","smart-home","1","5","4","blocked_pending","Not requested after Best Buy edge denied further access."
"bbca-19399725","Google Home Speaker - Smart Speaker with 360-Degree Sound and Gemini For Home Voice Assistant - Porcelain","smart-home","1","5","4","blocked_pending","Not requested after Best Buy edge denied further access."
"bbca-16538042","Amazon Echo Dot (5th Gen) Smart Speaker with Alexa, Glacier White - Designed for Alexa+","smart-home","1","5","4","blocked_pending","Not requested after Best Buy edge denied further access."
"bbca-16538039","Amazon Echo Dot (5th Gen) Smart Speaker with Alexa, Deep Sea Blue - Designed for Alexa+","smart-home","1","5","4","blocked_pending","Not requested after Best Buy edge denied further access."
"bbca-16688948","Sonos Era 100 Wi-Fi / Bluetooth Smart Speaker - Black","smart-home","1","5","4","blocked_pending","Not requested after Best Buy edge denied further access."
"bbca-19481650","Amazon Echo Dot Max Smart Speaker with Alexa, Graphite - Designed for Alexa+","smart-home","1","5","4","blocked_pending","Not requested after Best Buy edge denied further access."
"bbca-19399724","Google Home Speaker - Smart Speaker with 360-Degree Sound and Gemini For Home Voice Assistant - Hazel","smart-home","1","5","4","blocked_pending","Not requested after Best Buy edge denied further access."
"bbca-19481652","Amazon Echo Dot Max Smart Speaker with Alexa, Amethyst - Designed for Alexa+","smart-home","1","5","4","blocked_pending","Not requested after Best Buy edge denied further access."
"bbca-16688928","Sonos Era 300 Smart Speaker with Spatial Audio - Black","smart-home","1","5","4","blocked_pending","Not requested after Best Buy edge denied further access."
"bbca-19481653","Amazon Echo Studio Smart Speaker with Alexa, Graphite - Designed for Alexa+","smart-home","1","5","4","blocked_pending","Not requested after Best Buy edge denied further access."
"bbca-19481658","Amazon Echo Dot Kids Smart Speaker with Alexa — for Kids, Stardust - Designed for Alexa+","smart-home","1","5","4","blocked_pending","Not requested after Best Buy edge denied further access."
"bbca-19840610","Costway 110.5"" Modular Sectional Sofa with Deep Seats & Comfy Backrests, Comfy Armrests Beige, Gray, Green, Black","furniture","1","5","4","blocked_pending","Not requested after Best Buy edge denied further access."
"bbca-19745294","HOMCOM 73"" Sectional Sofa, L Shaped Couch with Changeable Chaise or Ottoman, Corduroy 3 Seat Sectional Couch for Living Room, Bedroom, Apartment, 2200lb Capacity, Dark Grey","furniture","4","5","1","verified_multiple","4 suitable source photographs have been verified; five distinct exact-product images are required."
"bbca-13493984","Canadian Sofa Distributions 'Grayson' Silver Fabric Chair","furniture","1","5","4","blocked_pending","Not requested after Best Buy edge denied further access."
"bbca-16657185","HOMCOM Sectional Sofa with Changeable Chaise, 3 Seater Corner Sofa with Ottoman, L Shape Couch with Thick Padded Cushion for Living Room, Office, Dark Grey","furniture","4","5","1","verified_multiple","4 suitable source photographs have been verified; five distinct exact-product images are required."
"bbca-19580781","HOMCOM 3 Seater Sofa, 80"" Corduroy Boneless Couch with Deep Seat, Wide Armrests, 2 Pillows, High-Density Foam, Modern Upholstered Cloud Sofa for Living Room, Beige","furniture","4","5","1","verified_multiple","4 suitable source photographs have been verified; five distinct exact-product images are required."
"bbca-19417427","EVA Corduroy Upholstered Reversible Sectional Sofa/Couch Fabric with Storage Ottoman Beige","furniture","1","5","4","blocked_pending","Not requested after Best Buy edge denied further access."
"bbca-19965216","HOMCOM 89"" Corduroy Couch, Modern 3 Seater Sofa with Wide Deep Seat, Wide Armrests, Spring Cushion, Thick Padded, Solid Wood Legs, Fabric Sofa for Living Room, Dark Grey","furniture","4","5","1","verified_multiple","4 suitable source photographs have been verified; five distinct exact-product images are required."
"bbca-17629411","Queensons Uptown Reversible Sectional Sofa Grey","furniture","1","5","4","blocked_pending","Not requested after Best Buy edge denied further access."
"bbca-19958053","Beige 80"" L-Shaped Chenille Sleeper Sofa with Pull Out Bed & Storage Chaise","furniture","1","5","4","blocked_pending","Not requested after Best Buy edge denied further access."
"bbca-19749721","HOMCOM 106"" Sectional Sofa, U Shaped Couch with Double Chaise, Pillow-top Armrests and Spring Cushions, Corduroy 4 Seat Sectional Couch for Living Room, 2200lb Capacity, Dark Grey","furniture","4","5","1","verified_multiple","4 suitable source photographs have been verified; five distinct exact-product images are required."
"bbca-16048421","Valencia Artisan Modern Top Grain Leather Sofa with Wooden Base, Cognac","furniture","1","5","4","blocked_pending","Not requested after Best Buy edge denied further access."
"bbca-17167785","Costway Full/Queen Size Upholstered Bed Frame with Elastic Pockets Mattress Foundation Beige","furniture","1","5","4","blocked_pending","Not requested after Best Buy edge denied further access."
"bbca-19731179","Bed Frame with LED Lights, Upholstered Platform Bedframe with Charging Station,Upholstered Platform Bed with Shelf Headboard, No Box Spring Needed, Easy Assembly, Wood Slat Support","furniture","1","5","4","blocked_pending","Not requested after Best Buy edge denied further access."
"bbca-19465383","Bestier Black/Gray Full Bed Frame with LED Headboard, Upholstered PU Leather Platform Design","furniture","1","5","4","blocked_pending","Not requested after Best Buy edge denied further access."
"bbca-17186148","Costway Full/Queen Industrial Platform Bed Frame with Drawer Storage Headboard Charging Station","furniture","1","5","4","blocked_pending","Not requested after Best Buy edge denied further access."
"bbca-17167322","Gymax Portable Foldable Guest Bed w/ Solid Wood Slats & Metal Frame Rollaway Bed for Adults w/ Wheel","furniture","1","5","4","blocked_pending","Not requested after Best Buy edge denied further access."
"bbca-18150135","Bed Frame Queen Size with USB Charging Station, LED Bed Frame with Wood Storage Headboard, Black Metal Platform Bed with Under Bed Storage, No Box Spring Needed, Noise Free","furniture","1","5","4","blocked_pending","Not requested after Best Buy edge denied further access."
"bbca-19264187","Costway Twin/Full/Queen/King Size Bed Frame with Wooden Headboard Under-Bed Storage No Box Spring Needed","furniture","1","5","4","blocked_pending","Not requested after Best Buy edge denied further access."
"bbca-19869736","Matrix Lunaro LED Upholstered Bed Frame, Modern Tufted Headboard with Integrated LED Lighting, Contemporary Platform Bed with Ambient Glow Design - Queen White","furniture","1","5","4","blocked_pending","Not requested after Best Buy edge denied further access."
"bbca-19756960","Gymax Queen Size Lift-up Storage Bed w/Tufted Wingback Headboard Hydraulic Lifts","furniture","1","5","4","blocked_pending","Not requested after Best Buy edge denied further access."
"bbca-20013920","Costway Wooden Bed Frame Twin/Full/Queen Size with Wooden Slat Support, No Box Spring Needed, Brown","furniture","1","5","4","blocked_pending","Not requested after Best Buy edge denied further access."
"bbca-11582406","Night and Day Murphy Cube Cabinet Bed with Queen Size Gel Memory Foam Mattress (Cherry)","furniture","1","5","4","blocked_pending","Not requested after Best Buy edge denied further access."
"bbca-19751731","IMHome Standing Electric Adjustable Desk | 40'' x 24'' Large Workspace with 2 hooks | Ergonomic Sit-Stand Desk | 3-Memory Settings | Height Adjustable Desk for Work and Home","furniture","1","5","4","blocked_pending","Not requested after Best Buy edge denied further access."
"bbca-18927718","IMHome Standing Electric Adjustable Desk | 55'' x 24'' Large Workspace with 2 hooks | Ergonomic Sit-Stand Desk | 3-Memory Settings | Height Adjustable Desk for Work and Home","furniture","1","5","4","blocked_pending","Not requested after Best Buy edge denied further access."
"bbca-18171477","MotionGrey Ergo2 Adjustable Electric Standing Desk 4 Memory Settings 55"" x 24"" White Top White Frame - Ergonomic Desk for Home and Office - With Cup Holder, Hook & Mousepad","furniture","1","5","4","blocked_pending","Not requested after Best Buy edge denied further access."
"bbca-19202300","MotionGrey Ergo 2 - Adjustable Electric Standing Desk with Memory Settings - 43"" x 24"" SOLID Black Top Black Frame - Ergonomic Desk for Home and Office - With Cup Holder and Hook","furniture","1","5","4","blocked_pending","Not requested after Best Buy edge denied further access."
"bbca-17728689","MotionGrey Ergo2 - Adjustable Right L-Shaped Electric Standing Desk with Memory Settings - 63"" x 24"" Black Top Black Frame - Ergonomic Desk for Home and Office - With Cup Holder","furniture","1","5","4","blocked_pending","Not requested after Best Buy edge denied further access."
"bbca-14738121","MotionGrey 2026 Ergo2 - Adjustable Electric Standing Desk, Memory Settings, 43”x 24”, Ergonomic Home Office Desk, Cup Holder & Hook - White Top White Frame","furniture","1","5","4","blocked_pending","Not requested after Best Buy edge denied further access."
"bbca-16568024","MotionGrey Ergo Pro Reversible L Shape Electric Standing Desk, 4 Memory Settings, 59"" x 39"" Black Top Black Frame, Ergonomic Home Office Desk, Mousepad, Cup Holder, Hook & Mousepad","furniture","1","5","4","blocked_pending","Not requested after Best Buy edge denied further access."
"bbca-19339761","axGear Kids Study Desk & Chair Height Adjustable with Drawer School Table","furniture","1","5","4","blocked_pending","Not requested after Best Buy edge denied further access."
"bbca-19465007","Bestier 59"" Executive Desk with File and Storage Drawers and Cabinet, Computer Writing Desk with Keyboard Tray and 2 Open Compartments for Home Office","furniture","1","5","4","blocked_pending","Not requested after Best Buy edge denied further access."
"bbca-20088052","Gymax 5PCS Wooden Dining Table Set for 4 w/Padded Seat for Living Room Breakfast Nook","furniture","1","5","4","blocked_pending","Not requested after Best Buy edge denied further access."
"bbca-20080965","HOMCOM Adjustable Bar Stools Set of 2, Modern Swivel Counter Height Barstools with Back, Footrest, PU Leather Upholstered Bar Chairs for Kitchen Island Counter Dining Room, Brown","furniture","4","5","1","verified_multiple","4 suitable source photographs have been verified; five distinct exact-product images are required."
"bbca-17450184","Zenith Gold with Ice Black Dining Set","furniture","1","5","4","blocked_pending","Not requested after Best Buy edge denied further access."
"bbca-19822285","HOMCOM Bar Stools Set of 2, Swivel Counter Height Barstools, Height Adjustable Velvet-Feel Fabric Breakfast Bar Chairs with Footrest for Kitchen Island, Dining Room, Cream White","furniture","4","5","1","verified_multiple","4 suitable source photographs have been verified; five distinct exact-product images are required."
"bbca-19442259","Costway Mid-Century Modern Dining Chairs Set of 2/4 Upholstered Accent Chairs Armchairs","furniture","1","5","4","blocked_pending","Not requested after Best Buy edge denied further access."
"bbca-16608533","Dining Table with 2 Benches Dining Room Sets for Kitchen, Brown","furniture","1","5","4","blocked_pending","Not requested after Best Buy edge denied further access."
"bbca-19975207","GARVEE Folding Dining Table With 2 Tier Storage, Extendable Kitchen Table, Drop Leaf Table, Rectangle Dining Room Tables Set For 4, Space Saving Collapsible Expandable Dinner","furniture","1","5","4","blocked_pending","Not requested after Best Buy edge denied further access."
"bbca-19970803","Costway Modern Dining Chair Set of 2/4 Weave Kitchen Armchairs with Y-Shaped Curved Backrest Beige, Black, Natural","furniture","1","5","4","blocked_pending","Not requested after Best Buy edge denied further access."
"bbca-16374626","HOMCOM Modern Bar Stools Set of 2, 38"" Upholstered Kitchen Island Stool with Solid Wood Legs, Backrest and Steel Footrest for Dining Room, Kitchen, Grey","furniture","4","5","1","verified_multiple","4 suitable source photographs have been verified; five distinct exact-product images are required."
"bbca-19693855","VEVOR Shoe Cabinet with 2 Flip Drawers, Farmhouse Shoes Storage Cabinet with 2 Drawers and Anti-Tipping Device, Freestanding Shoe Organizer Ideal for Entryway, Bedroom, White","furniture","1","5","4","blocked_pending","Not requested after Best Buy edge denied further access."
"bbca-19944883","HOMCOM Modern Shoe Cabinet with 2 Flip Drawers, Narrow Shoe Storage Cabinet with Side Compartments and Adjustable Shelves, 8-12 Pairs, for Entryway Hallway, Natural and White","furniture","4","5","1","verified_multiple","4 suitable source photographs have been verified; five distinct exact-product images are required."
"bbca-19480456","Shoe storage cabinet with 2 doors, drawer, and 6 adjustable shelves for home organization","furniture","1","5","4","blocked_pending","Not requested after Best Buy edge denied further access."
"bbca-19904703","GARVEE Large Shoe Cabinet with 3 Doors, 6-Tier Modern Shoe Storage Organizer, Space Saving Entryway Cabinet","furniture","1","5","4","blocked_pending","Not requested after Best Buy edge denied further access."
"bbca-18245344","HOMCOM Shoe Cabinet with 4 Flip Drawers and Adjustable Shelf, Shoe Storage Cabinet for Entryway, Hallway, Holds 8-16 Pairs of Shoes, Black","furniture","4","5","1","verified_multiple","4 suitable source photographs have been verified; five distinct exact-product images are required."
"bbca-19480455","Shoe storage cabinet with faux marble top and 5 tilting shelves for organized entryway","furniture","1","5","4","blocked_pending","Not requested after Best Buy edge denied further access."
"bbca-19199037","Tribesigns Shoe Cabinet, 5-Tier Shoe Storage Cabinet with Louvered Doors and Drawer, Freestanding Wooden Shoe Rack Organizer with Adjustable Shelves for Entryway, Hallway, Closet","furniture","1","5","4","blocked_pending","Not requested after Best Buy edge denied further access."
"bbca-20156937","GARVEE Shoe Rack, Shoe Storage Cabinet, Plastic Shoe Shelves Organizer for Hallway Closet Bedroom Entryway","furniture","1","5","4","blocked_pending","Not requested after Best Buy edge denied further access."
"bbca-18620162","HOMCOM Narrow Shoe Cabinet with 4 Flip Drawers, Modern Shoe Storage Cabinet with Adjustable Shelves for Entryway, Hallway, Holds 16 Pairs of Shoes, Black","furniture","4","5","1","verified_multiple","4 suitable source photographs have been verified; five distinct exact-product images are required."
"bbca-17234575","HOMCOM Shoe Cabinet, Rustic Shoe Storage Cabinet with 3 Flip Drawers and Adjustable Shelves for 18 Pairs for Entryway, Hallway, Walnut","furniture","4","5","1","verified_multiple","4 suitable source photographs have been verified; five distinct exact-product images are required."
"bbca-16423852","3-Tier Wood Shoe Rack Shoe Bench Freestanding Boots Storage Organizer","furniture","1","5","4","blocked_pending","Not requested after Best Buy edge denied further access."
"bbca-19905872","GARVEE Shoe Cabinet Hidden Shoe Storage with 3 Flip Rattan Flip-Drawer and Anti-Tip Design","furniture","1","5","4","blocked_pending","Not requested after Best Buy edge denied further access."
"bbca-15833808","WINGOMART Ergonomic High-Back PU Faux Leather Gaming Chair With RGB LED light, Lumbar Massage & Footrest High Back Adjustable Swivel - Black","furniture","1","5","4","blocked_pending","Not requested after Best Buy edge denied further access."
"bbca-17703114","Naz Tachi Ergonomic High-Back Faux Leather Gaming Chair - Red","furniture","1","5","4","blocked_pending","Not requested after Best Buy edge denied further access."
"bbca-19218349","Razer Enki Ergonomic Fabric PC Gaming Chair - Black","furniture","1","5","4","blocked_pending","Not requested after Best Buy edge denied further access."
"bbca-17063610","Corsair TC100 RELAXED Ergonomic Leatherette Gaming Chair (2023) - Black - Only at Best Buy","furniture","1","5","4","blocked_pending","Not requested after Best Buy edge denied further access."
"bbca-14310014","MotionGrey ENFORCER PRO Gaming Chair - Premium EPU Leather, Adjustable Height Ergonomic Desk Chair for Office and Home - Black","furniture","1","5","4","blocked_pending","Not requested after Best Buy edge denied further access."
"bbca-17196327","BestOffice Ergonomic Office Chair High-Back White Gaming Chair with Lumbar Support PC Computer Chair Racing Chair PU Task Desk Chair Executive Swivel Rolling Chair, White","furniture","1","5","4","blocked_pending","Not requested after Best Buy edge denied further access."
"bbca-19752153","Gaming Chair for Adult Computer Chair with Adjustable Lumbar Support Headrest and Footrest Large Size Reclining Gaming Chair Big and Tall Linkage Armrest (Gray)","furniture","1","5","4","blocked_pending","Not requested after Best Buy edge denied further access."
"bbca-17196289","BestOffice PC Gaming Chair Ergonomic Office Chair Desk Chair with Lumbar Support Flip Up Arms Headrest PU Leather Executive High Back Computer Chair for Adults Women Men (White)","furniture","1","5","4","blocked_pending","Not requested after Best Buy edge denied further access."
"bbca-17063609","Corsair TC100 RELAXED Ergonomic Fabric Gaming Chair (2023) - Black","furniture","1","5","4","blocked_pending","Not requested after Best Buy edge denied further access."
"bbca-17977811","Corsair T3 Rush Fabric Ergonomic Gaming Chair (2023) - Charcoal","furniture","1","5","4","blocked_pending","Not requested after Best Buy edge denied further access."
"bbca-19728057","Razer Iskur V2 X NewGen Ergonomic EPU Leather Gaming Chair - Quartz","furniture","1","5","4","blocked_pending","Not requested after Best Buy edge denied further access."
"bbca-17651376","WINGOMART Ergonomic High-Back PU Faux Leather Gaming Chair W/ built in RGB LED light, Office chair with Lumbar Massage & Footrest High Back Adjustable Swivel","furniture","1","5","4","blocked_pending","Not requested after Best Buy edge denied further access."
"bbca-19728058","Razer Iskur V2 X NewGen Ergonomic EPU Leather Gaming Chair - Black/Green","furniture","1","5","4","blocked_pending","Not requested after Best Buy edge denied further access."
"bbca-19832648","Gymax Gaming Chair w/ Headrest Reclining Backrest Lumber Support Linkage Armrests","furniture","1","5","4","blocked_pending","Not requested after Best Buy edge denied further access."
"bbca-17854646","Graco Benton 5-in-1 Convertible Crib - White","furniture","1","5","4","blocked_pending","Not requested after Best Buy edge denied further access."
"bbca-19443045","Storkcraft Pasadena 3-In-1 Convertible Crib - Driftwood","furniture","1","5","4","blocked_pending","Not requested after Best Buy edge denied further access."
"bbca-19334791","4 in 1 Baby Playard, Foldable Baby Playpen Large Baby Bassinet Beside Crib Sleeper with Diaper Changing Table and Side Door Design for Home Travel Outdoor","furniture","1","5","4","blocked_pending","Not requested after Best Buy edge denied further access."
"bbca-19508252","MotionGrey Blessy 5-in-1 Baby Bassinet with Wheels & Lock 2-Height Adjustable Foldable Co-Sleeper Crib, Rocking & Incline Modes, Baby Chair Storage, Mosquito Net & Washable Cover","furniture","1","5","4","blocked_pending","Not requested after Best Buy edge denied further access."
"bbca-13797201","Graco Remi 4-in-1 Convertible Crib with Changing Table - Grey","furniture","1","5","4","blocked_pending","Not requested after Best Buy edge denied further access."
"bbca-20132156","Baby Bassinet, Mesh Bedside Bassinet Sleeper with Lockable Wheels, Portable Crib with Mattress and Storage Tray Basket, Grey","furniture","1","5","4","blocked_pending","Not requested after Best Buy edge denied further access."
"bbca-19884390","Baby Bassinet Bedside Crib, 3-in-1 Baby Bassinet Bedside Sleeper, Full-Mesh Sides, 6-Height Adjustable, Stable and Secure Crib for Newborns (Beige)","furniture","1","5","4","blocked_pending","Not requested after Best Buy edge denied further access."
"bbca-19385670","Maxxus Baby Bassinet Bedside Sleeper with Cradle Function and Lockable Wheels, Storage Tray, Breathable Mesh Sides and Cover, 7-Height Adjustable, Easy-Fold Crib for Newborns","furniture","1","5","4","blocked_pending","Not requested after Best Buy edge denied further access."
"bbca-10441955","Graco Remi 4-in-1 Convertible Crib & Changer - White","furniture","1","5","4","blocked_pending","Not requested after Best Buy edge denied further access."
"bbca-19884416","Baby Bassinet Bedside Crib, 4-in-1 Baby Bassinet Bedside Sleeper for Newborn with Mesh & Mattress, Easy Move Crib for Newborns with Lockable Wheels & Storage Basket, 4-Adjustable H","furniture","1","5","4","blocked_pending","Not requested after Best Buy edge denied further access."
"bbca-19594937","Portable Baby Playard, Infant Travel Play Yard Baby Playpen Crib Bed with Removable Bassinet and Changing Station, Grey","furniture","1","5","4","blocked_pending","Not requested after Best Buy edge denied further access."
"bbca-19884414","3-in-1 Baby Bassinet Bedside Crib, 6-Height Adjustable Bedside Sleeper with Airflow Mesh, Storage Basket & Lockable Castors, Upgraded Trapezoidal Cradle for Newborns","furniture","1","5","4","blocked_pending","Not requested after Best Buy edge denied further access."
"bbca-13243548","Turbo Race Car Kids Bed - Twin - Red","furniture","1","5","4","blocked_pending","Not requested after Best Buy edge denied further access."
"bbca-10441956","Graco Premium Foam Anti-Microbial Crib & Toddler Bed Mattress","furniture","1","5","4","blocked_pending","Not requested after Best Buy edge denied further access."
"bbca-15387579","Delta Children Frozen II Kids Bed - Ice","furniture","1","5","4","blocked_pending","Not requested after Best Buy edge denied further access."
"bbca-16573295","CaKidsRoom' GTX Race Car Bed w/LED Lights & Sound Effects (White)","furniture","1","5","4","blocked_pending","Not requested after Best Buy edge denied further access."
"bbca-19421793","Gymax Twin Size House Bed Kids Bed Frame w/ 2 Storage Drawers & Fence Guardrails","furniture","1","5","4","blocked_pending","Not requested after Best Buy edge denied further access."
"bbca-19911899","Metal Twin Bunk Bed with Roof Style Frame and Built In Ladder for Children","furniture","1","5","4","blocked_pending","Not requested after Best Buy edge denied further access."
"bbca-15061996","Delta Children Sesame Street Toddler Bed - Blue/Red","furniture","1","5","4","blocked_pending","Not requested after Best Buy edge denied further access."
"bbca-18479892","Costway Twin Bed Frame for Kids, Modern Fabric Upholstered Platform Bed with Wingback Button Tufted Headboard, Solid Wooden Slats Support Mattress Foundation, Grey","furniture","1","5","4","blocked_pending","Not requested after Best Buy edge denied further access."
"bbca-20160615","Qaba Twin Bed Frame, Solid Wood Montessori House Bed with Roof, Full Safety Guardrail for Kids Teens Girls Boys, No Box Spring Needed, White","furniture","1","5","4","blocked_pending","Not requested after Best Buy edge denied further access."
"bbca-16099694","Man Nude Metal Wall Art","home-living","1","5","4","blocked_pending","Not requested after Best Buy edge denied further access."
"bbca-19695326","VEVOR 17.7x393.7 inch Peel and Stick Wallpaper, Contact Paper White Line Art Botanical Floral Waterpoof Self Adhesive, Easy to Clean Wall Decorative Vinyl Roll for Bedroom Kitchen","home-living","1","5","4","blocked_pending","Not requested after Best Buy edge denied further access."
"bbca-19366603","Crushed Diamond Wall Mirror, 40 x 28 Inch Rectangular Glass Silver Vanity with Decorative Glam Bling Crystal Frame Edge, Luxury Home Art Decor for Living Room Dining Room Bathroom","home-living","1","5","4","blocked_pending","Not requested after Best Buy edge denied further access."
"bbca-16099819","Bales of Hay Metal Wall Art","home-living","1","5","4","blocked_pending","Not requested after Best Buy edge denied further access."
"bbca-19735798","Rechargeable Picture Light with Remote, Wireless 16 Inch Black Art Light, Battery Operated Photo Light with 3 CCT, Dimmable and Timer Wall Sconce for Painting, Wall, Gallery,Frame","home-living","1","5","4","blocked_pending","Not requested after Best Buy edge denied further access."
"bbca-16099777","Sailboats Metal Wall Art","home-living","1","5","4","blocked_pending","Not requested after Best Buy edge denied further access."
"bbca-19897519","Rechargeable Picture Light - 30CM Wall Art Lamp - 3 Color Modes - Black","home-living","1","5","4","blocked_pending","Not requested after Best Buy edge denied further access."
"bbca-19863658","Cordless Picture Light with Remote, Rechargeable Wall Sconce for Artwork, 3 Colors Painting Light Dimmable and Timer, Wireless Art Light for Display（15.7Inch)","home-living","1","5","4","blocked_pending","Not requested after Best Buy edge denied further access."
"bbca-16099701","Railway Tracks Metal Wall Art","home-living","1","5","4","blocked_pending","Not requested after Best Buy edge denied further access."
"bbca-20130245","4-Piece Wooden Quilt Clamps for Wall Hanging, Hanging Up and Displaying Quilts, Tapestries, Rugs, Fiber Art, and More","home-living","1","5","4","blocked_pending","Not requested after Best Buy edge denied further access."
"bbca-16099745","The Antique Car Metal Wall Art","home-living","1","5","4","blocked_pending","Not requested after Best Buy edge denied further access."
"bbca-20016216","GARVEE 5X7FT Washable Solid Color Textured Thin Indoor Rug, Low Pile Area Rug with Soft Surface, Non Slip Backing, Easy Clean Design","home-living","1","5","4","blocked_pending","Not requested after Best Buy edge denied further access."
"bbca-16021774","Rug Branch Transitional Moroccan Indoor Rug","home-living","1","5","4","blocked_pending","Not requested after Best Buy edge denied further access."
"bbca-19635209","VEVOR 36 x 48-inch Chair Mat with Lip, Office Chair Mat for Low Pile Carpeted Floors, Clear Floor Protector Rug with Studded, Non-Slip & Easy to Clean, Smooth Glide Under Desk Rug","home-living","1","5","4","blocked_pending","Not requested after Best Buy edge denied further access."
"bbca-16538793","Rug Branch Traditional Persian Indoor Rug","home-living","1","5","4","blocked_pending","Not requested after Best Buy edge denied further access."
"bbca-19417368","HOMCOM 6x9 Area Rug, Luxurious Faux Fur Rug, Non-Slip Floor Carpet for Living Room, Bedroom, Dining Room, Home Office, Tan","home-living","4","5","1","verified_multiple","4 suitable source photographs have been verified; five distinct exact-product images are required."
"bbca-19487431","VEVOR 36 x 48-inch Chair Mat,Office Chair Mat for Hard Floors,Floor Protector for Rolling Chairs, Corduroy Surface,Non-Slip & Easy to Clean,Smooth Glide Under Desk Rug(Grey)","home-living","1","5","4","blocked_pending","Not requested after Best Buy edge denied further access."
"bbca-17631563","Dusk 8' x 11' Area Rug - Grey/Cream/Beige","home-living","1","5","4","blocked_pending","Not requested after Best Buy edge denied further access."
"bbca-19360321","HOMCOM Area Rug for Living Room 8x10, Modern Abstract Machine Washable Rug, Non-Slip Low-Pile Carpet for Bedroom, Dining Room, Office, Grey","home-living","4","5","1","verified_multiple","4 suitable source photographs have been verified; five distinct exact-product images are required."
"bbca-19909623","BAMPURE 100% Organic Bamboo Sheets Queen Set 4PC - Ultra Soft & Breathable Cooling Sheets for Hot Sleepers - Hotel Luxury Queen Sheets - Deep Pocket Queen Bed Sheets - Draps Queen","home-living","1","5","4","blocked_pending","Not requested after Best Buy edge denied further access."
"bbca-19865943","Extra Deep Pocket Bamboo Queen Sheet Set, 3/4 Piece Cooling Breathable Bed Sheets, 1660TC Ultra Soft Hotel Luxury Fitted Sheet and Pillowcase Set","home-living","1","5","4","blocked_pending","Not requested after Best Buy edge denied further access."
"bbca-12600108","EGYPTIAN COMFORT - Silky Smooth Lightweight Bed Sheet Set - Brushed Micro - Deep Pocket - 4 Piece Set","home-living","1","5","4","blocked_pending","Not requested after Best Buy edge denied further access."
"bbca-19871501","100% Organic Cotton Queen Sheet Set, 4-Piece Percale Bed Sheets for Queen Bed - Soft, Breathable, Hypoallergenic, Deep Pocket Fits Mattress Up to 15"" Deep, Hotel Quality Sheets - W","home-living","1","5","4","blocked_pending","Not requested after Best Buy edge denied further access."
"bbca-17729629","6 PC Queen Sheet Set | Bamboo Bed Sheets | Deep Pockets 18"" | Eco Friendly Cooling | Wrinkle Free | Machine Washable | Silky Soft - White Queen","home-living","1","5","4","blocked_pending","Not requested after Best Buy edge denied further access."
"bbca-19798035","CoComelon 5-Piece Full Bed in a Bag Set -Comforter, Sheets & 2 Reversible Pillow","home-living","1","5","4","blocked_pending","Not requested after Best Buy edge denied further access."
"bbca-19871500","4 Piece Sheet Set - Comfy Breathable & Cooling Sheets - Hotel Luxury Bed Sheets for Women & Men - Deep Pockets, Easy-Fit, Extra Soft & Wrinkle Free Sheets","home-living","1","5","4","blocked_pending","Not requested after Best Buy edge denied further access."
"bbca-20179721","Stokke Sleepi V3 Bed Fitted Sheet - Birch Beige","home-living","1","5","4","blocked_pending","Not requested after Best Buy edge denied further access."
"bbca-20144069","Fitted Bed Sheet Solid Color Mattress Cover 120x200cm Single Bed Gray","home-living","1","5","4","blocked_pending","Not requested after Best Buy edge denied further access."
"bbca-17230061","Costway 23L Bathroom Towel Warmer Bucket 4 Timer with Fragrance Holder & 3-Level Heating","home-living","1","5","4","blocked_pending","Not requested after Best Buy edge denied further access."
"bbca-19199295","Cabana Stripe Beach Towels Set, 2 Pack, 30""x60"" Soft Absorbent Lightweight Quick Dry Cotton Pool Towels for Resorts, Gym, Beige & Grey","home-living","1","5","4","blocked_pending","Not requested after Best Buy edge denied further access."
"bbca-18926254","1PCS Towels for Outdoor Sports, Wiping with Sweat Towels, and Cooling Towels for Hot Weather Can Be Used for Sports and Travel","home-living","1","5","4","blocked_pending","Not requested after Best Buy edge denied further access."
"bbca-20101495","VEVOR Towel Warmers for Bathroom, Towel Warmer Bucket Auto Shut Off for Spa Fits up to 3 Oversized Bath Towels, Blankets, Clothes, Bathrobes, PJ's and More","home-living","1","5","4","blocked_pending","Not requested after Best Buy edge denied further access."
"bbca-19376302","VEVOR 2-in-1 Hot Towel Warmer, 8L Spa Hot Towel Warmer Cabinet,Towel Warmer with Stainless Steel Rack, Holds up to 16 Towels, Quick All-round Heating for Facials,SPA,Massage,Salon","home-living","1","5","4","blocked_pending","Not requested after Best Buy edge denied further access."
"bbca-17974022","Northern Mills Imperial Large Bath Towels Set, 27”x54”, 4 Pack, Lightweight Quick Dry Soft Absorbent Cotton Towel for Home Decor Spa Pool Barber,Black","home-living","1","5","4","blocked_pending","Not requested after Best Buy edge denied further access."
"bbca-14442484","Tork Universal Hand Roll Towel (290088)","home-living","1","5","4","blocked_pending","Not requested after Best Buy edge denied further access."
"bbca-19598163","Costway 18 L Towel Warmer for Bathroom Luxury Towel Heater with LED Display & Auto Shut off Pihnk","home-living","1","5","4","blocked_pending","Not requested after Best Buy edge denied further access."
"bbca-17159097","Organic Hand Towel - Certified Fairtrade and GOTS Organic Cotton","home-living","1","5","4","blocked_pending","Not requested after Best Buy edge denied further access."
"bbca-16486914","HOMCOM 8-Bar Heated Towel Warmer Rack with Built-in Timer and LED Indicators, Wall Mounted & Free Standing Carbon Steel Electric Towel Bar with Adjustable Temperature, White","home-living","4","5","1","verified_multiple","4 suitable source photographs have been verified; five distinct exact-product images are required."
"bbca-19308784","Terry Cloth Bathrobes for Women 100% Cotton Robes Soft Women Bathrobe Towel Spa Robe adult Hotel Robe Warm Bathrobe (CA/US, Alpha, Large, Regular, Regular, Navy Blue)","home-living","1","5","4","blocked_pending","Not requested after Best Buy edge denied further access."
"bbca-19952536","LED Desk Lamp with Pen and Phone Holder, Dimmable LED Table Lamp with Usb Port, 3 Modes, Touch Control, for Study, Reading, Office","home-living","1","5","4","blocked_pending","Not requested after Best Buy edge denied further access."
"bbca-19513312","Adjustable Wooden LED Table Lamp, Industrial Modern Desk Lamp for Bedroom or Study","home-living","1","5","4","blocked_pending","Not requested after Best Buy edge denied further access."
"bbca-18585446","YOULIGHTS Desk Lamp for Office Home - Eye-Caring Architect Task Lamp 25 Lighting Modes Adjustable LED Desk Lamp Flexible Gooseneck Clamp Light for Workbench Drafting Reading Study","home-living","1","5","4","blocked_pending","Not requested after Best Buy edge denied further access."
"bbca-20105699","Dual-Head LED Clip-On Desk Lamp, Eye-Caring Study Light with 4000mAh Rechargeable Battery, 3 Lighting Modes, Dimmable Brightness, for Students, Home & Office","home-living","1","5","4","blocked_pending","Not requested after Best Buy edge denied further access."
"bbca-19513342","LED Desk Lamp with Clamp, 360° Flexible Arm, Eye-Caring Adjustable Brightness for Office or Home","home-living","1","5","4","blocked_pending","Not requested after Best Buy edge denied further access."
"bbca-19656923","NumberX LED Desk Lamp USB Dimmable Touch Foldable Table Lamp with Calendar Temperature Clock Night Light for Study Reading Lamp with 5V1A USB charger","home-living","1","5","4","blocked_pending","Not requested after Best Buy edge denied further access."
"bbca-19255696","2 in 1 Small Desk Lamp, Bird Cordless Table Lamp with 3 Color Temperature Dimmer and Touch Sensor - Rechargeable Battery Night Light(Maple)","home-living","1","5","4","blocked_pending","Not requested after Best Buy edge denied further access."
"bbca-19992974","BenQ ScreenBar Max Dual Monitor Desk Lamp","home-living","1","5","4","blocked_pending","Not requested after Best Buy edge denied further access."
"bbca-20086186","Multifunctional Desk Lamp","home-living","1","5","4","blocked_pending","Not requested after Best Buy edge denied further access."
"bbca-19252794","LED Desk Lamp for Home Office,Dual Head Task Lamp with Clamp,Desktop PC Monitor Light Bar,Adjustable Gooseneck Desk Light for Work Study","home-living","1","5","4","blocked_pending","Not requested after Best Buy edge denied further access."
"bbca-19713948","Dragon Ball Z Goku Kamehameha Snap-on Mag. Touch Control Desk Night Lamp","home-living","1","5","4","blocked_pending","Not requested after Best Buy edge denied further access."
"bbca-19780710","Cordless desk lamp, dimmable, metal construction, USB rechargeable, desk lamp - 1 piece - gold","home-living","1","5","4","blocked_pending","Not requested after Best Buy edge denied further access."
"bbca-14800729","MotionGrey LED Desk Lamp Eye Caring Table Lamp with Touch-Sensitive Control, Home Office Multi Lighting Mode Light for Office Home - White","home-living","1","5","4","blocked_pending","Not requested after Best Buy edge denied further access."
"bbca-18600387","Cuisinart Classic Collection 10-Piece Cookware Set - Stainless Steel","home-living","1","5","4","blocked_pending","Not requested after Best Buy edge denied further access."
"bbca-19712726","CookCraft Original Premium Tri-Ply Stainless Steel Cookware Set (10-Piece) with Latch Vented Lids","home-living","1","5","4","blocked_pending","Not requested after Best Buy edge denied further access."
"bbca-19860595","Tramontina Tempo 14 Piece Tri-Ply Base Stainless Steel Cookware Set","home-living","1","5","4","blocked_pending","Not requested after Best Buy edge denied further access."
"bbca-19764931","CookCraft Stainless Steel 3-Ply Bonded Cookware Set – 10-Piece, Silver with Clad Aluminum Core & Vented Latch Lids","home-living","1","5","4","blocked_pending","Not requested after Best Buy edge denied further access."
"bbca-12469173","Cuisinart 10-Piece Stainless Steel Cookware Set - Stainless Steel/Red","home-living","1","5","4","blocked_pending","Not requested after Best Buy edge denied further access."
"bbca-17978441","12pc Meyer CopperClad 5-Ply Copper Core Stainless Steel Cookware Set, Made in Canada","home-living","1","5","4","blocked_pending","Not requested after Best Buy edge denied further access."
"bbca-19385676","Cuisinart 3-Piece Stainless Steel Cookware Set - Silver","home-living","1","5","4","blocked_pending","Not requested after Best Buy edge denied further access."
"bbca-15316206","Meyer Nouvelle 6-Piece Cookware Set - Stainless Steel","home-living","1","5","4","blocked_pending","Not requested after Best Buy edge denied further access."
"bbca-16620931","12-Piece Stainless Steel Cookware Set with Glass Lid, Silver","home-living","1","5","4","blocked_pending","Not requested after Best Buy edge denied further access."
"bbca-18896797","Cuisinart 8-Piece Stainless Steel Cookware Set - Silver","home-living","1","5","4","blocked_pending","Not requested after Best Buy edge denied further access."
"bbca-19726097","Kitchen Star Clad Series 5-Piece Stainless Steel Cookware Set (20 cm Sauce Pan with Lid , 24 cm Open Deep Fry Pan, 24 cm Dutch Pan with Lid)","home-living","1","5","4","blocked_pending","Not requested after Best Buy edge denied further access."
"bbca-19803766","Enamel Baking- Pan Oven- Tray Bread Containe","home-living","1","5","4","blocked_pending","Not requested after Best Buy edge denied further access."
"bbca-20005135","Round Baking Tray for Churrasco, Kitchen Utensils, Pastry Mold, Table Accessory, Preto","home-living","1","5","4","blocked_pending","Not requested after Best Buy edge denied further access."
"bbca-19995917","Rectangular Toast Pan 450g Non Stick Bread Baking Mold Oven Tray","home-living","1","5","4","blocked_pending","Not requested after Best Buy edge denied further access."
"bbca-20126589","Disposable Air Fryer Liners 150 Pieces Square Non Stick Baking Tray Inserts","home-living","1","5","4","blocked_pending","Not requested after Best Buy edge denied further access."
"bbca-20130502","20cm Air Fryers Oven Baking Tray Fried Chicken Basket Mat Brown","home-living","1","5","4","blocked_pending","Not requested after Best Buy edge denied further access."
"bbca-20130092","Air fryer silicone mat oven insulation silicone tray baking tray insulation tray silicone hand clamp","home-living","1","5","4","blocked_pending","Not requested after Best Buy edge denied further access."
"bbca-19995897","10 Inch Round Pizza Pan Carbon Steel Non Stick Pizza Baking Tray Set","home-living","1","5","4","blocked_pending","Not requested after Best Buy edge denied further access."
"bbca-20123907","35-cup round non-stick cake pan, mini muffin cake tray, baking utensils, accessories","home-living","1","5","4","blocked_pending","Not requested after Best Buy edge denied further access."
"bbca-20124233","Round cake pan with 9-inch tray, 3D printed cake cutter and pusher baking molds, birthday","home-living","1","5","4","blocked_pending","Not requested after Best Buy edge denied further access."
"bbca-19381303","Bakken 8-Piece Stackable Bakeware Set – Non-Toxic Ceramic Coating, PFOA/PTFE-Free, Oven-Safe, Ergonomic Handles, Includes Cooling Rack","home-living","1","5","4","blocked_pending","Not requested after Best Buy edge denied further access."
"bbca-19932202","TIBO Titanium Cutting Board Double Sided Wheat Straw PP | Food grade titanium & wheat straw PP tibo cutting board with knife sharpener, garlic grinder & juice groove for kitchens","home-living","1","5","4","blocked_pending","Not requested after Best Buy edge denied further access."
"bbca-19352110","ZWILLING Spectrum 8 inch, Chef's Knife","home-living","1","5","4","blocked_pending","Not requested after Best Buy edge denied further access."
"bbca-19824647","3PCS Kitchen Knife Set,Chef Knife Set in Powder Steel, Ultra Sharp Japanese Knife Set High Carbon Steel Knives Sets, Cooking Knives Set with Ergonomic Pakkawood Handle","home-living","1","5","4","blocked_pending","Not requested after Best Buy edge denied further access."
"bbca-19640705","6-Piece Kitchen Knife Set with Ceramic Peeler & Scissors Ultra-Sharp Stainless Steel Blades, Non-Stick Corrugated Design, Ergonomic Handles Chef, Cleaver, Carving & Paring Knives","home-living","1","5","4","blocked_pending","Not requested after Best Buy edge denied further access."
"bbca-19296404","ZWILLING TWIN Chef 2 8 inch Chef's Knife","home-living","1","5","4","blocked_pending","Not requested after Best Buy edge denied further access."
"bbca-19379767","Fresh Meat Slicer, Adjustable Thickness Food Slicer with Kitchen Knife Set for Home Cooking and Grilling","home-living","1","5","4","blocked_pending","Not requested after Best Buy edge denied further access."
"bbca-15324028","ZWILLING Gourmet 8 inch Chef's Knife","home-living","1","5","4","blocked_pending","Not requested after Best Buy edge denied further access."
"bbca-20172194","NutriChef 13-Piece Kitchen Knife Set with Wooden Block - Precision Crafted Stainless Steel Knives with Scissors & Built-In Sharpener - Lightweight, Durable, & Razor Sharp","home-living","1","5","4","blocked_pending","Not requested after Best Buy edge denied further access."
"bbca-19352107","ZWILLING Spectrum 5.5 inch, Chef's Knife Compact","home-living","1","5","4","blocked_pending","Not requested after Best Buy edge denied further access."
"bbca-20172163","NutriChef Kids Cooking & Baking Set - Complete Cooking Set for Girls & Boys, Includes Little Chef's Apron. Kitchen Supplies, Nylon Knives, Utensils, & Baking Tools","home-living","1","5","4","blocked_pending","Not requested after Best Buy edge denied further access."
"bbca-20157577","OXO Good Grips Non-Slip Knife Sharpener, Kitchen Tool for Maintaining Sharp Edges, Comfortable Grip, Compact Design","home-living","1","5","4","blocked_pending","Not requested after Best Buy edge denied further access."
"bbca-15265486","ZWILLING Pro 8 inch Chef's Knife","home-living","1","5","4","blocked_pending","Not requested after Best Buy edge denied further access."
"bbca-20157319","HENCKELS International Knife Sharpener, 7.7 x 8.5 x 2 Inch, Kitchen Tool for Maintaining Knife Edges, Multicolor","home-living","1","5","4","blocked_pending","Not requested after Best Buy edge denied further access."
"bbca-19851770","7-Piece Patio Furniture Set, Outdoor Sectional Sofa Couch Conversation Set, Garden Patio Seating Set for Backyard and Balcony","outdoor-tools","1","5","4","blocked_pending","Not requested after Best Buy edge denied further access."
"bbca-19851802","7-Piece Patio Furniture Set, Outdoor Sectional Sofa Couch Conversation Set, Rattan Style Patio Seating Set for Garden and Backyard","outdoor-tools","1","5","4","blocked_pending","Not requested after Best Buy edge denied further access."
"bbca-19716034","Outsunny Patio Chairs Set of 4, Stackable Outdoor Dining Chairs with Deep Seat, All Weather Breathable Mesh Fabric, Armrests, Steel Frame for Garden, Porch, Deck, Balcony, Black","outdoor-tools","4","5","1","verified_multiple","4 suitable source photographs have been verified; five distinct exact-product images are required."
"bbca-17195187","Costway Patio Rattan Daybed Outdoor Sectional Seating with Side Table & Retractable Canopy","outdoor-tools","1","5","4","blocked_pending","Not requested after Best Buy edge denied further access."
"bbca-19716031","Outsunny Patio Chairs Set of 4, Stackable Outdoor Dining Chairs with Breathable Mesh Fabric, Armrests, Metal Outdoor Chair Set for Garden, Backyard, Deck, Grey","outdoor-tools","4","5","1","verified_multiple","4 suitable source photographs have been verified; five distinct exact-product images are required."
"bbca-20085598","Costway Outdoor Rattan Loveseat, Patio 2-Person Bench with Seat Cushion, Metal Frame, Backrest & Armrests, Wicker Seating Furniture for Backyard, Porch, Garden, Poolside","outdoor-tools","1","5","4","blocked_pending","Not requested after Best Buy edge denied further access."
"bbca-20015116","Costway 22"" x44"" Indoor Outdoor Back Chair Cushion Tufted Pillow Patio Seating Pad","outdoor-tools","1","5","4","blocked_pending","Not requested after Best Buy edge denied further access."
"bbca-19202514","Outsunny 2 Pcs Aluminum Outdoor Dining Chairs, Patio Stackable Chairs with Soft Cushion, for Deck, Garden, Balcony, Poolside, Grey","outdoor-tools","4","5","1","verified_multiple","4 suitable source photographs have been verified; five distinct exact-product images are required."
"bbca-19858540","Outsunny Stackable Outdoor Dining Chairs Set of 2 with Armrests and High Back, Patio Garden Chairs, Black","outdoor-tools","1","5","4","blocked_pending","Not requested after Best Buy edge denied further access."
"bbca-19856875","Outsunny Stackable Patio Chairs Set of 4 Outdoor Dining Chairs with Armrests and Breathable Mesh Seat, Grey","outdoor-tools","1","5","4","blocked_pending","Not requested after Best Buy edge denied further access."
"bbca-19442366","Costway 12 X 10/12 X 12 FT Hardtop Gazebo with Netting Heavy-Duty Double-Roof Galvanized Metal Top","outdoor-tools","1","5","4","blocked_pending","Not requested after Best Buy edge denied further access."
"bbca-19815334","SUNJOY 11 x13 Ft Extra Tall & Extra Wide Hardtop Gazebo, Sturdy Galvanized‑Steel Roof with 4 Large‑Size PC Skylight Panels, Spacious Interior for Patio & Backyard","outdoor-tools","1","5","4","blocked_pending","Not requested after Best Buy edge denied further access."
"bbca-19660667","Outsunny 12' x 14' Hardtop Gazebo Canopy with Galvanized Steel and PC Roof, Wood Frame, Double Roof Permanent Outdoor Gazebo with Ceiling Hook for Patio, Garden, Light Walnut","outdoor-tools","4","5","1","verified_multiple","4 suitable source photographs have been verified; five distinct exact-product images are required."
"bbca-19752807","Outsunny 8' x 5' Hardtop Grill Gazebo, Outdoor BBQ Gazebo with Double Metal Roof, 2 Side Shelves and 10 Hooks, Grill Canopy for Patio Backyard Lawn Deck","outdoor-tools","4","5","1","verified_multiple","4 suitable source photographs have been verified; five distinct exact-product images are required."
"bbca-19586077","Sunjoy 12 ft. x 20 ft. Cedar Framed Gazebo with Brown Steel Hardtop","outdoor-tools","1","5","4","blocked_pending","Not requested after Best Buy edge denied further access."
"bbca-16671060","Outsunny 10' x 20' Patio Gazebo, Outdoor Gazebo Canopy Shelter with Netting, Vented Roof, Steel Frame for Garden, Lawn, Backyard and Deck, Dark Gray","outdoor-tools","4","5","1","verified_multiple","4 suitable source photographs have been verified; five distinct exact-product images are required."
"bbca-19516151","VEVOR 12 x 16 ft Winter Gazebo Cover Fits Hardtop Gazebos, All-Weather Double-Tiered Gazebo Cover with Sidewalls & Mesh Windows, High-Density PE Enclosed Storage Shelter Covers","outdoor-tools","1","5","4","blocked_pending","Not requested after Best Buy edge denied further access."
"bbca-19819804","Outsunny 10' x 12' Outdoor Gazebo Canopy,Double Roof Hardtop Gazebo with Polycarbonate Roof,Steel Frame,Nettings and Curtains,for Garden,Lawn,Backyard and Deck,Black","outdoor-tools","4","5","1","verified_multiple","4 suitable source photographs have been verified; five distinct exact-product images are required."
"bbca-19813501","Outsunny Louvered Pergola with Solar LED Lights, 10' x 10' Outdoor Pergola Metal Patio Hardtop Gazebo with Adjustable Metal Louvered Roof, Drainage System, Handle for Deck, Black","outdoor-tools","4","5","1","verified_multiple","4 suitable source photographs have been verified; five distinct exact-product images are required."
"bbca-19905215","GARVEE Premium Outdoor Grill Gazebo With Side Awning, 8x5 Ft Heavy‑Duty Steel Structure Equipped With LED Lights, Organizer Hooks And Convenient Shelves","outdoor-tools","1","5","4","blocked_pending","Not requested after Best Buy edge denied further access."
"bbca-18141643","Erommy 10' x 13' Outdoor Double Roof Permanent Hardtop Gazebo Pergola with Prime Netting and Curtains- Brown","outdoor-tools","1","5","4","blocked_pending","Not requested after Best Buy edge denied further access."
"bbca-19504604","SUNJOY 8x12 ft Extra-Tall Cedar Grill Gazebo with Ventilated Roof & AC Power Port, Black","outdoor-tools","1","5","4","blocked_pending","Not requested after Best Buy edge denied further access."
"bbca-16698347","Outsunny 7' x 5' BBQ Grill Gazebo Tent, Garden Grill Canopy with Steel Frame and Hooks, Outdoor Sun Shade, Beige","outdoor-tools","1","5","4","blocked_pending","Not requested after Best Buy edge denied further access."
"bbca-19914941","Blackstone 28"" XL Outdoor BBQ Griddle with Hood","outdoor-tools","1","5","4","blocked_pending","Not requested after Best Buy edge denied further access."
"bbca-19592815","Sunjoy Kamado Charcoal Grill, 20-Inch, Red Outdoor BBQ Grill with Thermometer, Side Shelves, Pizza Stone, Stainless Steel Cooking Grates, Wheels","outdoor-tools","1","5","4","blocked_pending","Not requested after Best Buy edge denied further access."
"bbca-16540350","Better BBQ - Set of 2 Reusable Non-Stick Grill Mats, Black","outdoor-tools","1","5","4","blocked_pending","Not requested after Best Buy edge denied further access."
"bbca-18931927","Outsunny 3 Burner Gas Grill, Outdoor Portable Propane Grill with Wheels, Carbon Steel Barbecue Trolley with Warming Rack, Side Shelves, Storage Cabinet, Thermometer, Black","outdoor-tools","4","5","1","verified_multiple","4 suitable source photographs have been verified; five distinct exact-product images are required."
"bbca-15251484","Replacement Heat Plate For BBQTEK GSC3219TA, & Presidents Choice 09011010PC, 09011042PC, 09011044PC Models-3PK","outdoor-tools","1","5","4","blocked_pending","Not requested after Best Buy edge denied further access."
"bbca-18393568","Costway 35"" Electric Griddle Teppanyaki Grill, Nonstick Extra Large Cooking Plate for Pancake Barbecue, Indoor Outdoor Table Top Grill with Adjustable Temperature & Drip Tray","outdoor-tools","1","5","4","blocked_pending","Not requested after Best Buy edge denied further access."
"bbca-15948465","Costway Foldable Camping Table Outdoor BBQ Portable Grilling Stand w/Windscreen Bag","outdoor-tools","1","5","4","blocked_pending","Not requested after Best Buy edge denied further access."
"bbca-14496686","Grill Burner For Uniflame GBC850W, GBC983W-C, GBC1134W & Brinkmann 810-8445-F, 810-8446-N Gas Models - 4PK","outdoor-tools","1","5","4","blocked_pending","Not requested after Best Buy edge denied further access."
"bbca-19812839","NXR 3 Burner 24,000 BTU Portable Propane Gas BBQ","outdoor-tools","1","5","4","blocked_pending","Not requested after Best Buy edge denied further access."
"bbca-15310769","Premium Kettle Charcoal Barbecue (29 Diameter x 34 H) BBQ Cover for Any Outdoor Grill.","outdoor-tools","1","5","4","blocked_pending","Not requested after Best Buy edge denied further access."
"bbca-19775684","VEVOR 31.0 x 17.0 inch Outdoor Grill Cart, Tabletop Size Grilling Table, Foldable Outdoor Cooking Table with Tissue Holder, Wheels, Magnetic Tool Rack, BBQ Prep Tables for Picnic","outdoor-tools","1","5","4","blocked_pending","Not requested after Best Buy edge denied further access."
"bbca-17204343","Costway 5-Burner Propane Gas BBQ Grill with Side Burner,Thermometer,Prep Table 50000 BTU","outdoor-tools","1","5","4","blocked_pending","Not requested after Best Buy edge denied further access."
"bbca-19684277","Outsunny 9' x 6' Garden Storage Shed with Foundation Kit, Metal Tool Storage House with Double Doors for Outdoor Patio Yard, Teak Wood Effect","outdoor-tools","4","5","1","verified_multiple","4 suitable source photographs have been verified; five distinct exact-product images are required."
"bbca-16334668","3PCS Garden Planting Tool Set Bonsai Succulent Transplanting Iron Rake Shovel Trowel Garden Planting Hand Tools for Home Garden","outdoor-tools","1","5","4","blocked_pending","Not requested after Best Buy edge denied further access."
"bbca-19855234","8x10 FT Metal Storage Shed Wind/Snow Resistance,Secure Lock,for Backyard/Garden,Stores Tools & Materials,Brown","outdoor-tools","1","5","4","blocked_pending","Not requested after Best Buy edge denied further access."
"bbca-19693237","21V Cordless Mini Chainsaw One-Handed Lightweight Pruning Saw Tool-Free Chain Tension 6-Inch Cutting Tree Trimming, Garden & Yard Cutting","outdoor-tools","1","5","4","blocked_pending","Not requested after Best Buy edge denied further access."
"bbca-17761845","Outsunny 8 x 4FT Outdoor Storage Shed, Easy to Assemble Galvanized Metal Garden Shed, Waterproof Tool Shed with Lockable Door and 2 Vents for Backyard, Lawn, Patio, Grey","outdoor-tools","4","5","1","verified_multiple","4 suitable source photographs have been verified; five distinct exact-product images are required."
"bbca-17981788","Outsunny 4 x 6ft Portable Shed, Outdoor Storage Shed Tent with Galvanised Steel Frame and Roll-up Door for Motorcycle, Bike, Garden Tools, Dark Grey","outdoor-tools","4","5","1","verified_multiple","4 suitable source photographs have been verified; five distinct exact-product images are required."
"bbca-19433910","Outsunny 5 x 3 FT Outdoor Storage Shed with Sliding Door and Sloped Roof, Steel Frame Garden Shed Tool Equipment, Green","outdoor-tools","4","5","1","verified_multiple","4 suitable source photographs have been verified; five distinct exact-product images are required."
"bbca-19881968","Hand Garden Cultivator Tool - Soil Aerator Rake","outdoor-tools","1","5","4","blocked_pending","Not requested after Best Buy edge denied further access."
"bbca-19487797","High-Quality Japanese Steel Growtech TAMI Nejiri Gama Weeding Hoe, 16""","outdoor-tools","1","5","4","blocked_pending","Not requested after Best Buy edge denied further access."
"bbca-14358886","Outsunny 9' x 6' Garden Storage Shed with Foundation Kit, Metal Tool Storage House with Double Doors for Outdoor Patio Yard, Brown","outdoor-tools","4","5","1","verified_multiple","4 suitable source photographs have been verified; five distinct exact-product images are required."
"bbca-19385234","6 Piece Garden Tool Sets - Including Trowel,5-Teeth rake,9-Teeth Leaf rake,Double Hoe 3 prongs, Cultivator, Weeder, Gardening Hand Tools","outdoor-tools","1","5","4","blocked_pending","Not requested after Best Buy edge denied further access."
"bbca-19656260","Outsunny 8' x 4' Outdoor Storage Shed, Easy to Assemble Galvanized Metal Garden Shed, Waterproof Tool Shed with Lockable Door and 2 Vents for Backyard, Lawn, Patio, Oak","outdoor-tools","4","5","1","verified_multiple","4 suitable source photographs have been verified; five distinct exact-product images are required."
"bbca-19656271","Outsunny 4 x 1.5ft Wooden Garden Shed with Two Windows, Outdoor Tool Storage Cabinet Organizer, Double Door, Dark Grey","outdoor-tools","4","5","1","verified_multiple","4 suitable source photographs have been verified; five distinct exact-product images are required."
"bbca-17906441","WYBOT A1 Cordless Pool Vacuum Robot for Above Ground Pool, Grey | Dual-Layer Filtration, Strong Suction, 130 Mins Runtime, Cleaning up to 1,100 Sq. Ft., 4 Cleaning Modes","outdoor-tools","1","5","4","blocked_pending","Not requested after Best Buy edge denied further access."
"bbca-19293030","Aiper Scuba X1 Pro - Adaptive Robotic Pool Cleaner, Max Coverage Ultra-Fine Filtration, Works with HydroComm Pure, 6,600 GPH","outdoor-tools","1","5","4","blocked_pending","Not requested after Best Buy edge denied further access."
"bbca-16928969","pH Down by Pool Supplies Canada","outdoor-tools","1","5","4","blocked_pending","Not requested after Best Buy edge denied further access."
"bbca-19801093","WYBOT A1 Robotic Pool Cleaner – Dual-Layer Filtration, 120-Min Runtime, Powerful Cordless Pool Vacuum for Above-Ground & Flat Pools, Efficient Debris Removal & Auto-Parking Design","outdoor-tools","1","5","4","blocked_pending","Not requested after Best Buy edge denied further access."
"bbca-19312445","Aqua Greyland Pool Lounger, 2 pk","outdoor-tools","1","5","4","blocked_pending","Not requested after Best Buy edge denied further access."
"bbca-19911074","WYBOT (2026 NEW) Cordless Robotic Pool Vacuum for Inground Pools, Six-Roller Brush 4-in-1 Smart Pool Cleaner, Edge Cleaning High Obstacle Crossing, Lightweight, App","outdoor-tools","1","5","4","blocked_pending","Not requested after Best Buy edge denied further access."
"bbca-19871382","Chlorine Pucks for Pool 12 Kg 3 Inch Stabilized Trichloro Tablets UV Protected Slow Dissolving Pool Sanitizer","outdoor-tools","1","5","4","blocked_pending","Not requested after Best Buy edge denied further access."
"bbca-19787640","Aiper Scuba N1 Max Automatic Pool Cleaner, Cordless Robotic Pool Cleaner w/ 6600 GPH Dual-Jet Suction, Smart Parking & App Control","outdoor-tools","1","5","4","blocked_pending","Not requested after Best Buy edge denied further access."
"bbca-19787642","Aiper EcoSurfer M2 Automatic Pool Skimmer, Solar-Powered Robotic Surface Cleaner with 24/7 Cleaning, App Control & 150μm Ultra-Fine Filter","outdoor-tools","1","5","4","blocked_pending","Not requested after Best Buy edge denied further access."
"bbca-19295954","Beatbot A100 - Cordless Robotic Pool Cleaner, Intelligent Path Optimization, Cleans Floor, Walls and Waterline, for In-Ground Pools up to 2,260 sq.ft","outdoor-tools","1","5","4","blocked_pending","Not requested after Best Buy edge denied further access."
"bbca-19782088","Betta SE Plus - Solar-Powered Robotic Pool Skimmer with 24/7 Continuous Cleaning Power, Dual Charging Options, Twin Salt Chlorine Tolerant Motors, and Shallow Water Safeguard","outdoor-tools","1","5","4","blocked_pending","Not requested after Best Buy edge denied further access."
"bbca-19886652","Swimline PCO81928 Winter Cover for 16 x 25 Ft Above-Ground Swimming Pools, Blue","outdoor-tools","1","5","4","blocked_pending","Not requested after Best Buy edge denied further access."
"bbca-17209868","Aiper SG Pro - Cordless Robotic Pool Cleaner for In-ground Pools up to 1600sq.ft, Automatic Pool Vacuum","outdoor-tools","1","5","4","blocked_pending","Not requested after Best Buy edge denied further access."
"bbca-19293031","Aiper Scuba X1 Pro Max - All-in-One Robotic Pool Cleaner with FlexiPath™ 2.0, OmniSense+™ 2.0, TVC Engine, and App Control","outdoor-tools","1","5","4","blocked_pending","Not requested after Best Buy edge denied further access."
"bbca-20064283","Costway 45000 BTU Pyramid Patio Heater with Zippered Cover,Triple Safety Protection,Wheels Silver + Black, Gray + Silver, Black","outdoor-tools","1","5","4","blocked_pending","Not requested after Best Buy edge denied further access."
"bbca-17211604","Costway 35"" Portable Tabletop Pyramid Patio Heater Steel Propane gas 9500 BTU","outdoor-tools","1","5","4","blocked_pending","Not requested after Best Buy edge denied further access."
"bbca-20125172","Outsunny 1500 W Electric Patio Heater, Wall Mounted IP65 Waterproof Outdoor Infrared Heater with Touch/Remote Control, Indoor & Outdoor Use for Backyard, Garden, Garage, Black","outdoor-tools","4","5","1","verified_multiple","4 suitable source photographs have been verified; five distinct exact-product images are required."
"bbca-19409333","VEVOR 6000 to 18000 BTU Propane Heater, Propane Cabinet Heater with 3 Modes Temp Settings & Tip-over Protection, Garage Radiator Heat up to 450 Sq.Ft, for Camping,Garage, Patio","outdoor-tools","1","5","4","blocked_pending","Not requested after Best Buy edge denied further access."
"bbca-17054075","Tabletop Patio Heater","outdoor-tools","1","5","4","blocked_pending","Not requested after Best Buy edge denied further access."
"bbca-19189199","Martin CHS10T Portable Infrared Heater, 10000 BTU Propane Gas Radiant Heater with Thermostat, Outdoor Use, Works with 1lb Tanks; Heating for Camping, Fishing, Hiking, Patios & More","outdoor-tools","1","5","4","blocked_pending","Not requested after Best Buy edge denied further access."
"bbca-15934646","Topbuy 11,000BTU Portable Patio Tabletop Heater Outdoor Propane Gas Heater W/ Weighted Base","outdoor-tools","1","5","4","blocked_pending","Not requested after Best Buy edge denied further access."
"bbca-13444448","Costway 48000 BTU Propane Patio Heater Standing LP Gas Steel W/ Wheels Black","outdoor-tools","1","5","4","blocked_pending","Not requested after Best Buy edge denied further access."
"bbca-17211816","Corsair Computer DIY Precision Toolkit","outdoor-tools","1","5","4","blocked_pending","Not requested after Best Buy edge denied further access."
"bbca-20016505","Fanttik Z100 Apex Cordless Brushless Electric Drill USB-C Rechargeable with 20 Drill & Screwdriver Bits","outdoor-tools","1","5","4","blocked_pending","Not requested after Best Buy edge denied further access."
"bbca-16551415","Screwdriver Set, 42 Piece","outdoor-tools","1","5","4","blocked_pending","Not requested after Best Buy edge denied further access."
"bbca-19726934","MasterSpec 12V Cordless Drill Driver Kit with Screwdriver Accessories, 1 Rechargeable Battery and Charger for Home DIY","outdoor-tools","1","5","4","blocked_pending","Not requested after Best Buy edge denied further access."
"bbca-19650929","Precision Screwdriver Set 124-Piece Small Screwdriver Set Magnetic Repair Tool Kit for Laptop, iPhone, Cell Phone, PC, MacBook, Tablet, Computer, PS5, PS4, Xbox, Electronic","outdoor-tools","1","5","4","blocked_pending","Not requested after Best Buy edge denied further access."
"bbca-20116298","47-Piece Cordless Screwdriver Set, USB Rechargeable, Black","outdoor-tools","1","5","4","blocked_pending","Not requested after Best Buy edge denied further access."
"bbca-17925278","Worx WX240L 4V 3-Speed Screwdriver","outdoor-tools","1","5","4","blocked_pending","Not requested after Best Buy edge denied further access."
"bbca-19771563","FIXTEC 4V Rechargeable Screwdriver","outdoor-tools","1","5","4","blocked_pending","Not requested after Best Buy edge denied further access."
"bbca-15689898","ISTAR 1.2mm/P5/TS4/PL4 Precision Pentalobe Screwdriver High Alloy Steel Head, Magnetic Tip, Rotating Cap, 5 point Star Screwdriver Repair Tool for MacBook Air MacBook Pro Retina","outdoor-tools","1","5","4","blocked_pending","Not requested after Best Buy edge denied further access."
"bbca-16615629","Shank Drill Bit Angle Driver Adjustable Angle Driver Screwdriver","outdoor-tools","1","5","4","blocked_pending","Not requested after Best Buy edge denied further access."
"bbca-16205098","Cleaning Repair Tool Kit for PS4, TECKMAN TR9 Torx Security Screwdriver with PH00 PH0 PH1 Phillips Screwdriver Set for Sony","outdoor-tools","1","5","4","blocked_pending","Not requested after Best Buy edge denied further access."
"bbca-16615615","105 Degree Screw Tool Angle 1/4 6mm Extension Hex Drill Bit Screwdriver Socket Adaptor","outdoor-tools","1","5","4","blocked_pending","Not requested after Best Buy edge denied further access."
"bbca-17929562","140 Pcs of Precision Computer Screwdriver Set Repair Tool Kit for Small Electronics Computers, PC, Laptop iPhone Phone MacBook","outdoor-tools","1","5","4","blocked_pending","Not requested after Best Buy edge denied further access."
"bbca-14953946","Maxtech 12 in 1 Stubby Screwdriver","outdoor-tools","1","5","4","blocked_pending","Not requested after Best Buy edge denied further access."
"bbca-19385396","VEVOR 52CC Post Hole Digger Gas Powered, 1450W Earth Auger, with 8"" Auger Drill Action Design Bit & 1 Extension Rod, Post Fence Hole Digger for Farmland Garden Plant, Orange+Black","outdoor-tools","1","5","4","blocked_pending","Not requested after Best Buy edge denied further access."
"bbca-19430206","VEVOR 0.06-1 in Manual Wire Stripping Machine, Copper Stripper with Hand Crank or Drill Powered, 64Mn Quenched Blades, 45# Steel Rollers, Aluminum Alloy Frame Wire Peeler","outdoor-tools","1","5","4","blocked_pending","Not requested after Best Buy edge denied further access."
"bbca-16566314","Straight Step Drill Bit-Straight Drill Set","outdoor-tools","1","5","4","blocked_pending","Not requested after Best Buy edge denied further access."
"bbca-19697081","Denali by SKIL 20V Drill Driver Kit, Includes Two 2.0Ah Lithium Batteries & 2.4A Charger","outdoor-tools","1","5","4","blocked_pending","Not requested after Best Buy edge denied further access."
"bbca-19730849","MasterSpec 47Pcs 12V Cordless Drill Driver & Hand Tool Kit, 1500mAh Battery, 3/8"" Chuck, 18+1 Torque, 2-Speed, LED Light for Home DIY","outdoor-tools","1","5","4","blocked_pending","Not requested after Best Buy edge denied further access."
"bbca-17945005","DEWALT 20V MAX* Cordless Drill and Impact Driver, Power Tool Combo Kit , Brushless, with 2 Batteries and Charger (DCK2..","outdoor-tools","1","5","4","blocked_pending","Not requested after Best Buy edge denied further access."
"bbca-19266891","Anker SOLIX C300X Portable Power Station - 600 Watts","power-solar","1","5","4","blocked_pending","Not requested after Best Buy edge denied further access."
"bbca-19499159","Anker SOLIX C1000 Gen 2 2000W/ 1024Wh Portable Power Station - 49 Min UltraFast Recharging","power-solar","1","5","4","blocked_pending","Not requested after Best Buy edge denied further access."
"bbca-19284709","EcoFlow River 3 Plus Portable Power Station - 600 Watts / 286 Wh","power-solar","1","5","4","blocked_pending","Not requested after Best Buy edge denied further access."
"bbca-19284708","EcoFlow River 3 Portable Power Station - 300 Watts / 245Wh","power-solar","1","5","4","blocked_pending","Not requested after Best Buy edge denied further access."
"bbca-18661152","Jackery Explorer 1000 v2 Portable Power Station (2024 New Version), 1 Hr Fast Charge, Solar Generator for Outdoor","power-solar","1","5","4","blocked_pending","Not requested after Best Buy edge denied further access."
"bbca-19952453","Anker SOLIX S2000 Portable Power Station, 1,500W (3,000W Peak), 2,010Wh LFP Battery Generator for Home Backup, and Camping","power-solar","1","5","4","blocked_pending","Not requested after Best Buy edge denied further access."
"bbca-19660612","Anker SOLIX C2000 Gen 2 Portable Power Station - 2,400W, 2,048Wh Solar Generator - 58 Minutes Fast Recharging","power-solar","1","5","4","blocked_pending","Not requested after Best Buy edge denied further access."
"bbca-19694270","Anker SOLIX C2000 Gen 2 Portable Power Station with 400W Solar Panel, 2,400W, 2,048Wh Solar Generator, LiFePO4 Battery for Home Backup, Power Outages, and Camping","power-solar","1","5","4","blocked_pending","Not requested after Best Buy edge denied further access."
"bbca-17544623","Anker SOLIX F1500 Portable Power Station-1536Wh｜1800W","power-solar","1","5","4","blocked_pending","Not requested after Best Buy edge denied further access."
"bbca-19694131","Anker SOLIX C1000 Gen 2 2000W/ 1024Wh Portable Power Station with 1x 200W Solar Panel","power-solar","1","5","4","blocked_pending","Not requested after Best Buy edge denied further access."
"bbca-19694135","Anker SOLIX C2000 Gen 2 Portable Power Station with BP2000 Expansion Battery Gen 2- 4,096Wh Solar Generator, LiFePO4 Battery for Home Backup, Power Outages, and Camping","power-solar","1","5","4","blocked_pending","Not requested after Best Buy edge denied further access."
"bbca-19996103","Anker SOLIX S2000 Portable Power Station with 200W Bifacial Solar Panel, 1,500W Solar Generator, 2,010Wh for Camping, RV Life, and Home Backup","power-solar","1","5","4","blocked_pending","Not requested after Best Buy edge denied further access."
"bbca-19371319","Anker SOLIX F3000 Portable Power Station 3,072Wh/3,600W Essential Home Backup - Black","power-solar","1","5","4","blocked_pending","Not requested after Best Buy edge denied further access."
"bbca-19826325","Jackery HomePower 3600 Plus Portable Power Station (3584Wh) with a 340W Solar Panel for Essential Home Backup – Black","power-solar","1","5","4","blocked_pending","Not requested after Best Buy edge denied further access."
"bbca-19646745","Blutron SP100 Portable Solar Panel - 100 Watts","power-solar","1","5","4","blocked_pending","Not requested after Best Buy edge denied further access."
"bbca-17211469","EcoFlow 110W Solar Panel","power-solar","1","5","4","blocked_pending","Not requested after Best Buy edge denied further access."
"bbca-15833245","CLEARANCE - ROCKSOLAR Power Station with Solar Panel - RS81 80W Weekender Portable Power Generator Kit and 30W 12V Foldable Solar Panel","power-solar","1","5","4","blocked_pending","Not requested after Best Buy edge denied further access."
"bbca-19952518","Anker SOLIX S2000 Portable Power Station with 400W Bifacial Solar Panel, 1,500W Solar Generator, 2,010Wh for Camping, RV Life, and Home Backup","power-solar","1","5","4","blocked_pending","Not requested after Best Buy edge denied further access."
"bbca-19600859","Jackery Explorer 2000 v2 Portable Power Station (2042Wh) with 340W Solar Panel for Home Backup, Power Outages, and Outdoor Use – Black","power-solar","1","5","4","blocked_pending","Not requested after Best Buy edge denied further access."
"bbca-19860123","VEVOR 2500W Sump Pump Battery Backup System, LCD Display, Auto Switches to Battery Inverter Power for Sump Pump, Pure Sine Wave, for Basement Protection Emergency Power Outage","power-solar","1","5","4","blocked_pending","Not requested after Best Buy edge denied further access."
"bbca-19315611","VEVOR 2500W Power Inverter, Modified Sine Wave Inverter, DC 12V to AC 120V Car Converter, with LCD Display, Remote Controller, LED Indicator, AC Outlets Inverter for Truck RV Car","power-solar","1","5","4","blocked_pending","Not requested after Best Buy edge denied further access."
"bbca-19283515","VEVOR 3500 Watt Pure Sine Wave Inverter Power Inverter, DC 12V to AC 120V Car Inverter, with USB Port LCD Display Remote Controller and AC Outlets (GFCI), for RV Truck Car","power-solar","1","5","4","blocked_pending","Not requested after Best Buy edge denied further access."
"bbca-19860114","VEVOR 3000W Sump Pump Battery Backup System, LCD Display, Auto Switches to Battery Inverter Power for Sump Pump, Pure Sine Wave, for Basement Protection Emergency Power Outage","power-solar","1","5","4","blocked_pending","Not requested after Best Buy edge denied further access."
"bbca-19294289","VEVOR 2000 Watt Pure Sine Wave Inverter, DC 12V to AC 110V Power Inverter with 2 AC Outlets 2 USB Port 1 Type-C Port, LCD Display and Remote Controller for Medium-Sized Household","power-solar","1","5","4","blocked_pending","Not requested after Best Buy edge denied further access."
"bbca-19860125","VEVOR 2000W Sump Pump Battery Backup System, LCD Display, Auto Switches to Battery Inverter Power for Sump Pump, Pure Sine Wave, for Basement Protection Emergency Power Outage","power-solar","1","5","4","blocked_pending","Not requested after Best Buy edge denied further access."
"bbca-19294290","VEVOR 5000W Modified Sine Wave Inverter, DC 12V to AC 120V Power Inverter with 6 AC Outlets 2 USB Port 1 Type-C Port, LCD Display and Remote Controller, CE FCC Certified","power-solar","1","5","4","blocked_pending","Not requested after Best Buy edge denied further access."
"bbca-19294287","VEVOR 2500 Watt Pure Sine Wave Inverter, DC 12V to AC 120V Car Inverter, with USB Port, LCD Display, and Remote Controller Power Converter, for RV Truck Car Solar System Travel","power-solar","1","5","4","blocked_pending","Not requested after Best Buy edge denied further access."
"bbca-19315613","VEVOR 3000 Watt Pure Sine Wave Inverter, DC 12V to AC 120V Power Inverter with 2 AC Outlets 2 USB Port 1 Type-C Port, LCD Display and Remote Controller , CE FCC Certified","power-solar","1","5","4","blocked_pending","Not requested after Best Buy edge denied further access."
"bbca-19294294","VEVOR 2000W Power Inverter, Modified Sine Wave Inverter, DC 12V to AC 120V Car Converter, with LCD Display, Remote Controller, LED Indicator, AC Outlets Inverter for Truck RV Car","power-solar","1","5","4","blocked_pending","Not requested after Best Buy edge denied further access."
"bbca-17156846","Greenworks 80V 300W Power Inverter, Tool Only (Battery and Charger Not Included)","power-solar","1","5","4","blocked_pending","Not requested after Best Buy edge denied further access."
"bbca-19860127","VEVOR 1500W Sump Pump Battery Backup System, LCD Display, Auto Switches to Battery Inverter Power for Sump Pump, Pure Sine Wave, for Basement Protection Emergency Power Outage","power-solar","1","5","4","blocked_pending","Not requested after Best Buy edge denied further access."
"bbca-19996414","MotionGrey 4-Wheel Baby Stroller with Bassinet-Style Seat, Adjustable Canopy, Front Swivel Wheels, Large Under-Seat Storage Basket, Pram Design for Baby & Toddler – Black/Rose Gold","baby-maternity","1","5","4","blocked_pending","Not requested after Best Buy edge denied further access."
"bbca-19856021","MotionGrey Jogger Baby Stroller – Foldable 3-Wheel Stroller with Canopy, 5-Point Harness, Adjustable Backrest & Suspension, 0–4 Years, 30kg Capacity","baby-maternity","1","5","4","blocked_pending","Not requested after Best Buy edge denied further access."
"bbca-20016006","Babyjoy Foldable Baby Stroller with Reversible Handle Adjustable Backrest Canopy Cup Holder Black, Gray","baby-maternity","1","5","4","blocked_pending","Not requested after Best Buy edge denied further access."
"bbca-20066903","Babyjoy 2-in-1 Convertible Baby Stroller with Car Seat Adapters Reversible Seat Cup Holder Black, Green, Gray","baby-maternity","1","5","4","blocked_pending","Not requested after Best Buy edge denied further access."
"bbca-19416890","Babyjoy 2 In 1 Foldable Baby Stroller Kids Travel Newborn Infant Buggy Pushchair Gray/Black/Coffee/Pink","baby-maternity","1","5","4","blocked_pending","Not requested after Best Buy edge denied further access."
"bbca-13412816","Foldable Twin Baby Double Stroller Kids Ultralight Umbrella Stroller Pushchair","baby-maternity","1","5","4","blocked_pending","Not requested after Best Buy edge denied further access."
"bbca-19643651","Lightweight Portable Baby Stroller, Compact Fold Travel Stroller with Adjustable Backrest, Large Canopy & 360° Swivel Wheels, Holds up to 33 lbs","baby-maternity","1","5","4","blocked_pending","Not requested after Best Buy edge denied further access."
"bbca-19939193","Garvee 2-in-1 Convertible Baby Stroller/Bassinet – Lightweight, Removable Seat, Shock-Absorbing Wheels, Large Basket&Cup Holder","baby-maternity","1","5","4","blocked_pending","Not requested after Best Buy edge denied further access."
"bbca-19861155","Costway Foldable Double Baby Stroller Lightweight Front & Back Seats Pushchair","baby-maternity","1","5","4","blocked_pending","Not requested after Best Buy edge denied further access."
"bbca-20016010","Costway Lightweight Baby Stroller with One-Hand Folding, Extendable Canopy, Storage Baske Black, Gray, Pink","baby-maternity","1","5","4","blocked_pending","Not requested after Best Buy edge denied further access."
"bbca-18924295","Evenflo Pivot Modular Travel System with LiteMax Infant Car Seat - Casual Grey","baby-maternity","1","5","4","blocked_pending","Not requested after Best Buy edge denied further access."
"bbca-16661593","Evenflo Pivot Xpand Modular Stroller with LiteMax Infant Car Seat - Ayrshire Black","baby-maternity","1","5","4","blocked_pending","Not requested after Best Buy edge denied further access."
"bbca-16023308","Evenflo Omni Plus Modular Travel System with LiteMax Sport Infant Car Seat - Grey","baby-maternity","1","5","4","blocked_pending","Not requested after Best Buy edge denied further access."
"bbca-19741451","Evenflo Shyft DualRide with Carryall Storage Infant Car Seat & Extended Canopy - Onyx Black","baby-maternity","1","5","4","blocked_pending","Not requested after Best Buy edge denied further access."
"bbca-19270578","Evenflo Revolve180 LiteMax NXT Rotational Infant Car Seat with SensorSafe - Cinder","baby-maternity","1","5","4","blocked_pending","Not requested after Best Buy edge denied further access."
"bbca-19433636","Evenflo Revolve360 Slim Rear-facing Infant Car Seat - Black/Grey","baby-maternity","1","5","4","blocked_pending","Not requested after Best Buy edge denied further access."
"bbca-18934018","Evenflo Shyft Intuiti Travel System with Revolve180 LiteMax NXT Infant Car Seat - Black","baby-maternity","1","5","4","blocked_pending","Not requested after Best Buy edge denied further access."
"bbca-15454081","VTech 5"" Video Baby Monitor with 2 Cameras, Night Light, Night Vison & Two-Way Audio (RM5754-2HD)","baby-maternity","1","5","4","blocked_pending","Not requested after Best Buy edge denied further access."
"bbca-15454080","VTech 5"" Video Baby Monitor with Night Light, Night Vison & Two-Way Audio (VM5254)","baby-maternity","1","5","4","blocked_pending","Not requested after Best Buy edge denied further access."
"bbca-16923661","Nanit Pro Wi-Fi Baby Monitor with Floor Stand, Night Vision, Zoom, & Two-Way Communication","baby-maternity","1","5","4","blocked_pending","Not requested after Best Buy edge denied further access."
"bbca-17186426","VTech 2.8"" Wi-Fi HD Video Baby Monitor w/ Night Vision & Two-Way Audio (RM2751)","baby-maternity","1","5","4","blocked_pending","Not requested after Best Buy edge denied further access."
"bbca-15454082","VTech 5"" Video Baby Monitor with Night Light, Night Vison & Two-Way Audio (RM5754HD)","baby-maternity","1","5","4","blocked_pending","Not requested after Best Buy edge denied further access."
"bbca-17701605","LeapFrog 5.5"" Video Wi-Fi Baby Monitor w/ Colour Night Vision, Zoom/Pan/Tilt & 2-Way Audio (LF2936FHD)","baby-maternity","1","5","4","blocked_pending","Not requested after Best Buy edge denied further access."
"bbca-16686672","VTech 5"" Wi-Fi HD Video Baby Monitor w/ Night Vision & Pan/Tilt (RM5766HD)","baby-maternity","1","5","4","blocked_pending","Not requested after Best Buy edge denied further access."
"bbca-19334253","Anker EUFY E21 5” Video Wi-Fi Baby Monitor with Night Vision & Pan/Tilt/Zoom","baby-maternity","1","5","4","blocked_pending","Not requested after Best Buy edge denied further access."
"bbca-16686673","VTech 5"" Wi-Fi HD Video Baby Monitor w/ 2 Cameras, Night Vision & Pan/Tilt (RM5766-2HD)","baby-maternity","1","5","4","blocked_pending","Not requested after Best Buy edge denied further access."
"bbca-19680123","eufy Baby S320 Smart Sock Baby Monitor with 2.4 GHz Wi-Fi, Track Sleep Patterns, Naps, Heart Rate, and Blood Oxygen Levels, Soft and Comfortable, for Babies 0-18 Months","baby-maternity","1","5","4","blocked_pending","Not requested after Best Buy edge denied further access."
"bbca-17186425","VTech 7"" Video Baby Monitor with 2 Cameras, Night Light, Night Vision & Two-Way Audio (RM7766-2HD)","baby-maternity","1","5","4","blocked_pending","Not requested after Best Buy edge denied further access."
"bbca-17186424","VTech 7"" Video Baby Monitor with Night Light, Night Vision & Two-Way Audio (RM7766HD)","baby-maternity","1","5","4","blocked_pending","Not requested after Best Buy edge denied further access."
"bbca-17244615","Momcozy S12 Pinky Pro Hands Free Breast Pump, Electric Wearable Breast Pump, 3 Modes & 9 Levels Electric Pump Portable, Smart Display, 24mm","baby-maternity","1","5","4","blocked_pending","Not requested after Best Buy edge denied further access."
"bbca-19308968","Eufy Wearable Breast Pump E10 Hands-Free Electric Breast Pump with App Control","baby-maternity","1","5","4","blocked_pending","Not requested after Best Buy edge denied further access."
"bbca-19625119","Momcozy M5 Smart App Control Hands Free Breast Pump, Double Wearable Breast Pump with 3 Modes & 9 Levels, Electric Pump Portable - 24mm, 2 Pack, Cozy Red","baby-maternity","1","5","4","blocked_pending","Not requested after Best Buy edge denied further access."
"bbca-19336094","Anker EUFY S1 Pro Wearable Double Electric Breast Pump with Charging Case","baby-maternity","1","5","4","blocked_pending","Not requested after Best Buy edge denied further access."
"bbca-19336093","Anker EUFY S1 Wearable Double Electric Breast Pump","baby-maternity","1","5","4","blocked_pending","Not requested after Best Buy edge denied further access."
"bbca-16575987","Medela Freestyle Hands-Free Double Electric Breast Pump","baby-maternity","1","5","4","blocked_pending","Not requested after Best Buy edge denied further access."
"bbca-20086020","Automatic Electric Breast Pump Pink","baby-maternity","1","5","4","blocked_pending","Not requested after Best Buy edge denied further access."
"bbca-17145426","Medela Hands-free Collection Cups for Freestyle Flex, Pump in Style & Swing Maxi Electric Breast Pumps","baby-maternity","1","5","4","blocked_pending","Not requested after Best Buy edge denied further access."
"bbca-20086040","Breast Pump Massage 9 Suction Levels Pink","baby-maternity","1","5","4","blocked_pending","Not requested after Best Buy edge denied further access."
"bbca-15000027","Medela Harmony Single Manual Breast Pump","baby-maternity","1","5","4","blocked_pending","Not requested after Best Buy edge denied further access."
"bbca-19508265","Medela Motion InBra Wearable Electric Breast Pump","baby-maternity","1","5","4","blocked_pending","Not requested after Best Buy edge denied further access."
"bbca-19772495","Philips Avent Hands-Free Double Electric Breast Pump","baby-maternity","1","5","4","blocked_pending","Not requested after Best Buy edge denied further access."
"bbca-17984453","Babyjoy Baby Changing Table with Bathtub Folding & Portable Diaper Station with Wheels","baby-maternity","1","5","4","blocked_pending","Not requested after Best Buy edge denied further access."
"bbca-19939783","Garvee Modern 6-Drawer Baby Changing Table Dresser – LED Light, Power Outlet, Removable Top, Metal Feet, Nursery Organizer","baby-maternity","1","5","4","blocked_pending","Not requested after Best Buy edge denied further access."
"bbca-19415444","VEVOR Baby Changing Table, Foldable Diaper Change Station with Side Basket, Adjustable Height Portable Changing Table with Lockable Wheels, Multi-Functional Storage, Light Gray","baby-maternity","1","5","4","blocked_pending","Not requested after Best Buy edge denied further access."
"bbca-19905958","Costway Infant Baby Changing Table Folding Diaper Station Organizer with Storage","baby-maternity","1","5","4","blocked_pending","Not requested after Best Buy edge denied further access."
"bbca-19480616","Babyjoy Portable Baby Diaper Changing Table with Storage Water Basin 3-Level Adjustable Height Gray","baby-maternity","1","5","4","blocked_pending","Not requested after Best Buy edge denied further access."
"bbca-19611786","SafePlus Infant Baby Changing Table Folding Diaper Station Nursery Organizer w/ Storage","baby-maternity","1","5","4","blocked_pending","Not requested after Best Buy edge denied further access."
"bbca-19429405","4 in 1 Baby Playard, Foldable Baby Playpen Portable Crib with Removable Cradle and Changing Table, Nursery Center with Bassinet for Home Travel Outdoor","baby-maternity","1","5","4","blocked_pending","Not requested after Best Buy edge denied further access."
"bbca-18467873","Babyjoy Infant Baby Changing Table Folding Diaper Station Organizer w/ Storage","baby-maternity","1","5","4","blocked_pending","Not requested after Best Buy edge denied further access."
"bbca-19913981","Qaba Baby Changing Table, Diaper Changing Station with Waterproof Pad, 3 Drawers and Large Basket, Nursery Organizer for Newborn and Infant, White","baby-maternity","1","5","4","blocked_pending","Not requested after Best Buy edge denied further access."
"bbca-18467872","Babyjoy Baby Infant Changing Table Folding Diaper Station Nursery w/ Storage","baby-maternity","1","5","4","blocked_pending","Not requested after Best Buy edge denied further access."
"bbca-13798918","Ergobaby Omni 360 Four Position Baby Carrier - Pure Black","baby-maternity","1","5","4","blocked_pending","Not requested after Best Buy edge denied further access."
"bbca-19940610","Ergobaby Omni Classic Mesh Four Position Baby Carrier - Camel","baby-maternity","1","5","4","blocked_pending","Not requested after Best Buy edge denied further access."
"bbca-15723779","Ergobaby Omni 360 Cool Air Mesh Four Position Baby Carrier - Onyx Black","baby-maternity","1","5","4","blocked_pending","Not requested after Best Buy edge denied further access."
"bbca-14898549","Ergobaby Omni 360 Four Position Baby Carrier - Pearl Grey","baby-maternity","1","5","4","blocked_pending","Not requested after Best Buy edge denied further access."
"bbca-19273124","Momcozy Baby Carrier - Ergonomic, Cozy and Lightweight Carrier for 7-44lbs, Effortless to Put On, Ideal for Hands-Free Parenting, Enhanced Lumbar Support","baby-maternity","1","5","4","blocked_pending","Not requested after Best Buy edge denied further access."
"bbca-14586029","Ergobaby Embrace Three Position Baby Carrier - Solid Grey","baby-maternity","1","5","4","blocked_pending","Not requested after Best Buy edge denied further access."
"bbca-15723777","Ergobaby Embrace Three Position Baby Carrier - Cream","baby-maternity","1","5","4","blocked_pending","Not requested after Best Buy edge denied further access."
"bbca-14898547","Ergobaby Omni 360 Cool Air Mesh Four Position Baby Carrier - Indigo","baby-maternity","1","5","4","blocked_pending","Not requested after Best Buy edge denied further access."
"bbca-19610312","14-Panel Foldable Baby Playpen, Kids Activity Center Playard Baby Gates Infant Safety Fence","baby-maternity","1","5","4","blocked_pending","Not requested after Best Buy edge denied further access."
"bbca-19282146","VEVOR 29.5""-46.4"" Baby Gate, 30"" High, Dog Gate for Stairs Doorways and House, Easy Step Walk Thru Auto Close Child Gate Pet Security Gate with Pressure Mount Kit, White","baby-maternity","1","5","4","blocked_pending","Not requested after Best Buy edge denied further access."
"bbca-17986491","Extra Large Baby Playpen, 186x156x65cm Baby Playard Kids Activity Center Infant Playing Game Fence Baby Gates with Door","baby-maternity","1","5","4","blocked_pending","Not requested after Best Buy edge denied further access."
"bbca-19282145","VEVOR 29.5""-37"" Wide Baby Gate, 30"" High, Dog Gate for Stairs Doorways, Easy Step Walk Thru Auto Close Child Gate Pet Security Gate with Pressure Mount and Wall Mount Kit, White","baby-maternity","1","5","4","blocked_pending","Not requested after Best Buy edge denied further access."
"bbca-19947322","PawHut 55"" Extra Tall Pet Gate for Cats and Dogs, 30-41"" Wide Adjustable Pressure Mounted Baby Gate for Doorways, Hallways, Stairs, Includes 2 Extensions, No Drilling, Auto Close","baby-maternity","4","5","1","verified_multiple","4 suitable source photographs have been verified; five distinct exact-product images are required."
"bbca-20169872","4 Pack Baby Gate Wall Protector, Extend And Shield Walls from Pet And Dog Gates, Pressure Mounted Safety","baby-maternity","1","5","4","blocked_pending","Not requested after Best Buy edge denied further access."
"bbca-20170435","4-Pack Baby Gate Banister Adapter Y Spindle Rods M10 (10mm), Threaded For Pressure Mounted Baby And Pet Safety Gates","baby-maternity","1","5","4","blocked_pending","Not requested after Best Buy edge denied further access."
"bbca-19276430","VEVOR 29.5""-37"" Baby Gate, 30"" High, Dog Gate for Stairs Doorways and House, Easy Step Walk Thru Auto Close Child Gate Pet Gate with Pressure Mount Kit and Wall Mount Kit, Black","baby-maternity","1","5","4","blocked_pending","Not requested after Best Buy edge denied further access."
"bbca-19633313","VEVOR 34 inch Retractable Baby Gate, Extends up to 110 inch Wide, Retractable Gate for Kids or Pets, Mesh Material, Easy to Install for Indoor Stairs, Doorways, Hallways, Gray","baby-maternity","1","5","4","blocked_pending","Not requested after Best Buy edge denied further access."
"bbca-19961415","VEVOR 31-48 in Adjustable Width, Baby Gate for Stairs, 36 in High Dog Gate, No Bottom Bar, One-Handed Operation, Easy Drilling Installation with Hardware Kit, for Stairs, Black","baby-maternity","1","5","4","blocked_pending","Not requested after Best Buy edge denied further access."
"bbca-20129240","PawHut Baby Gate, 30""-32""W Pet Gate with Auto-Close, Two-Way Open, Pressure Mounted for Stair, Doorways and Hallways, 30""H, White","baby-maternity","4","5","1","verified_multiple","4 suitable source photographs have been verified; five distinct exact-product images are required."
"bbca-19372896","VEVOR 34 inch Tall Retractable Baby Gate, Extends up to 55 inch Wide, for Kids or Pets, Mesh Material, Easy to Install for Indoor Stairs, Doorways, Hallways, Playrooms, White","baby-maternity","1","5","4","blocked_pending","Not requested after Best Buy edge denied further access."
"bbca-20169705","6Pcs Plastic Triangle Support Feet For Pet And Baby Gates, Fences-Reinforcement Fittings For Free Standing Dog Gates","baby-maternity","1","5","4","blocked_pending","Not requested after Best Buy edge denied further access."
"bbca-18928143","Momcozy Elite Baby Kit, Superior Gift Set, Include Electric Nail File&Nasal Aspirator, Heated Tummy Wrap,Thermometer,Bath Brush,Teether,Medicine Pacifier,Storage Case","baby-maternity","1","5","4","blocked_pending","Not requested after Best Buy edge denied further access."
"bbca-17698721","Frida Baby 4-in-1 Grow-With-Me Bath Tub","baby-maternity","1","5","4","blocked_pending","Not requested after Best Buy edge denied further access."
"bbca-17698733","Angelcare Baby Bath Support - Pink","baby-maternity","1","5","4","blocked_pending","Not requested after Best Buy edge denied further access."
"bbca-18474238","Folding Baby Bath Tub with Soft Support Cushion and Temperature Sensor, Anti-Slip Portable Travel Shower Basin","baby-maternity","1","5","4","blocked_pending","Not requested after Best Buy edge denied further access."
"bbca-17698728","Angelcare Baby Bath Support - White/Aqua","baby-maternity","1","5","4","blocked_pending","Not requested after Best Buy edge denied further access."
"bbca-19654419","OXO Tot Splash & Store Collapsible Baby Bath Tub (0–18 Months) - Grey","baby-maternity","1","5","4","blocked_pending","Not requested after Best Buy edge denied further access."
"bbca-19610329","LIVINGbasics Foldable Baby Bath Tub, Large Size Bathtub with Temperature Display for aged 0-48 months, 27.5""L x 15.7""W x 8.5""H","baby-maternity","1","5","4","blocked_pending","Not requested after Best Buy edge denied further access."
"bbca-18928142","Momcozy Core Baby Kit, Baby Essential Kit for Grooming & Health & Cleansing Care, Includes Nail File Kits, Nasal Aspirator, Gas Relief Tubes, Bath Brushes, Toothbrush, Comb","baby-maternity","1","5","4","blocked_pending","Not requested after Best Buy edge denied further access."
"bbca-19496714","Stokke Flexi Bath Bundle with Heat-Sensitive Plug and Flexi Bath Newborn Support - Sandy Beige","baby-maternity","1","5","4","blocked_pending","Not requested after Best Buy edge denied further access."
"bbca-20170065","Innovative Design Infant Baby Sponge For Boy Girl Cute Cartoon Cat Claw Bear Born Bath Shower Sponge Baby Shower Tool","baby-maternity","1","5","4","blocked_pending","Not requested after Best Buy edge denied further access."
"bbca-19887720","Dolu Nuve 3-Piece Foldable Baby Bath Set, Infant Tub, Bucket & Rinse Cup, Beige","baby-maternity","1","5","4","blocked_pending","Not requested after Best Buy edge denied further access."
"bbca-19708520","Momcozy Glow Baby Kit, Baby Shower & Registry Essential Kit for Grooming & Cleansing Care, Includes Electric Nail File, Teether, Bath Brush, Cradle Cap Brush,Comb, Finger Toothbrus","baby-maternity","1","5","4","blocked_pending","Not requested after Best Buy edge denied further access."
"bbca-19496720","Stokke Flexi Bath Bundle with Heat-Sensitive Plug and Flexi Bath Newborn Support - White","baby-maternity","1","5","4","blocked_pending","Not requested after Best Buy edge denied further access."
"bbca-19307494","Baby bath toys, suitable for 1 year old kids, toddler toys, chain up swimming turtle toys, floating baby pool bathtub toys","baby-maternity","1","5","4","blocked_pending","Not requested after Best Buy edge denied further access."
"bbca-19446111","PlayStation 5 Slim 1TB Console","gaming","1","5","4","blocked_pending","Not requested after Best Buy edge denied further access."
"bbca-19446112","PlayStation 5 Slim Digital Edition 825GB Console","gaming","1","5","4","blocked_pending","Not requested after Best Buy edge denied further access."
"bbca-19427170","Call of Duty: Black Ops 7 (PS5)","gaming","1","5","4","blocked_pending","Not requested after Best Buy edge denied further access."
"bbca-19492009","PlayStation 5 Pro Console","gaming","1","5","4","blocked_pending","Not requested after Best Buy edge denied further access."
"bbca-20070010","PlayStation 5 Digital Edition 825GB Console Marvel’s Wolverine Battle Yellow Limited Edition Bundle","gaming","1","5","4","blocked_pending","Not requested after Best Buy edge denied further access."
"bbca-19422129","XBOX Series X 1TB Digital Console - Robot White","gaming","1","5","4","blocked_pending","Not requested after Best Buy edge denied further access."
"bbca-20001522","ASUS ROG Xbox Ally X20 7.4"" Touch Gaming Console (RC74XA) - Black (AMD Ryzen AI Z2 Extreme/24GB RAM/1TB SSD/Windows 11)","gaming","1","5","4","blocked_pending","Not requested after Best Buy edge denied further access."
"bbca-19422128","XBOX Series X 1TB Console","gaming","1","5","4","blocked_pending","Not requested after Best Buy edge denied further access."
"bbca-19296507","Nintendo Switch 2 Console","gaming","1","5","4","blocked_pending","Not requested after Best Buy edge denied further access."
"bbca-19446256","Nintendo Switch Console Bundle with Nintendo Switch Sports & Leg Strap","gaming","1","5","4","blocked_pending","Not requested after Best Buy edge denied further access."
"bbca-20149861","Nintendo Switch 2 Console - The Legend of Zelda 40th Anniversary Edition","gaming","1","5","4","blocked_pending","Not requested after Best Buy edge denied further access."
"bbca-18930250","Nintendo Switch (OLED Model) Console - White - 64GB","gaming","1","5","4","blocked_pending","Not requested after Best Buy edge denied further access."
"bbca-15598575","Nintendo Switch (OLED Model) Console - White","gaming","1","5","4","blocked_pending","Not requested after Best Buy edge denied further access."
"bbca-20122735","Nintendo Switch 2 Console Bundle with Mario Kart World Digital Download & 3-Month Nintendo Switch Online Individual Membership","gaming","1","5","4","blocked_pending","Not requested after Best Buy edge denied further access."
"bbca-19362186","Uniway Pulse Gaming PC - RTX 5060, AMD Ryzen 7 5700X, 32GB Memory, 1TB SSD, Win 11 Pro, White, Liquid Cooled","gaming","1","5","4","blocked_pending","Not requested after Best Buy edge denied further access."
"bbca-19594525","UNIWAY NOVA Gaming PC - RTX 5060, AMD Ryzen 5 5500, 16GB Memory, 1TB SSD, Win 11 Pro, White, 1-Year Warranty","gaming","1","5","4","blocked_pending","Not requested after Best Buy edge denied further access."
"bbca-19178686","TECHNOID Glass Black Gaming PC - RTX 5070, AMD Ryzen 7, 32GB Memory, 1TB SSD, Win 11 Home, AI-Ready","gaming","1","5","4","blocked_pending","Not requested after Best Buy edge denied further access."
"bbca-19618548","UNIWAY Pulse Gaming PC - RTX 5060, AMD Ryzen 7 5700X, 32GB Memory, 1TB SSD, Win 11 Pro, Black, Liquid Cooled, 1-Year Warranty","gaming","1","5","4","blocked_pending","Not requested after Best Buy edge denied further access."
"bbca-19824712","UNITECHX NOVA Series Gaming PC - RTX 5050, Intel Core i7-6700, 16GB Memory, 512GB SSD, Win 11 Pro, Black, 1-Year Warranty","gaming","1","5","4","blocked_pending","Not requested after Best Buy edge denied further access."
"bbca-19791639","STGAubron Gaming PC Desktop, Intel Core i7 up to 3.9G, Radeon RX 560 4G, 32GB RAM, 512GB SSD, WiFi 6, BT 5.0, RGB Fan x3, Windows 11 Home","gaming","1","5","4","blocked_pending","Not requested after Best Buy edge denied further access."
"bbca-19396815","MSI Codex R2 AI Gaming PC (Intel Core Ultra 7 - 265F/16GB RAM/1TB SSD/GeForce RTX 5060/Windows 11)","gaming","1","5","4","blocked_pending","Not requested after Best Buy edge denied further access."
"bbca-19277166","MSI Aegis Gaming PC - RTX 5070, AMD Ryzen 9 9900X, 32GB Memory, 2TB SSD, Win 11","gaming","1","5","4","blocked_pending","Not requested after Best Buy edge denied further access."
"bbca-19766903","ONEXPLAYER X1 PRO 2TB AMD Ryzen™ AI 9 HX 370, 10.95'' 3-In-1 Gaming Handheld PC","gaming","1","5","4","blocked_pending","Not requested after Best Buy edge denied further access."
"bbca-18171612","(2 Pack) Screen Protector for Lenovo Legion Go Handheld 2023, Tempered Glass, 8.8 inch Full Coverage, Transparent Ultra HD, Anti-Scratch, Anti-Fingerprint","gaming","1","5","4","blocked_pending","Not requested after Best Buy edge denied further access."
"bbca-19766902","ONEXPLAYER OneXFly F1 Pro 2TB OLED 144Hz Ultimate Gaming Handheld Console","gaming","1","5","4","blocked_pending","Not requested after Best Buy edge denied further access."
"bbca-18169012","Carrying Case Compitable for Asus Rog Ally Gaming Handheld with Screen Protector and Silicone Thumb Grip Caps,Hard Shell Travel Protective Storage Bag","gaming","1","5","4","blocked_pending","Not requested after Best Buy edge denied further access."
"bbca-19766832","ONEXPLAYER G1 2TB AMD Ryzen™ AI 9 HX 370 Ultimate Gaming Handheld Gaming Console Versatile Laptop","gaming","1","5","4","blocked_pending","Not requested after Best Buy edge denied further access."
"bbca-18171602","2-Pack Screen Protector Tempered Glass for Lenovo Legion Go Gaming Handheld 8.8 inch 2023 with Alignment Frame ,Transparent HD Clear Anti-Scratch for Lenovo Legion Go","gaming","1","5","4","blocked_pending","Not requested after Best Buy edge denied further access."
"bbca-18169041","Protective TPU Case with Kickstand for Rog Ally Game Handheld 2023 - Flexible,Shockproof, Non-Slip, Anti-Collision - Black Bracket - Two ROG Ally Screen Protectors","gaming","1","5","4","blocked_pending","Not requested after Best Buy edge denied further access."
"bbca-20148865","ApexGear 1080P WiFi Portable Law Enforcement Recorder Handheld Clip HD Conference Camera","gaming","1","5","4","blocked_pending","Not requested after Best Buy edge denied further access."
"bbca-17246836","Meta Quest 3 512GB VR Headset","gaming","1","5","4","blocked_pending","Not requested after Best Buy edge denied further access."
"bbca-19627562","Meta Quest 3S 256GB VR Headset","gaming","1","5","4","blocked_pending","Not requested after Best Buy edge denied further access."
"bbca-14435239","ONN White Virtual Reality VR Smartphone Headset for Apple or Android","gaming","1","5","4","blocked_pending","Not requested after Best Buy edge denied further access."
"bbca-15136798","Onn Virtual Reality VR Smartphone Headset for Apple and Android ( White )","gaming","1","5","4","blocked_pending","Not requested after Best Buy edge denied further access."
"bbca-17162202","Meta Quest 3 128GB VR Headset with Touch Plus Controllers & Batman: Arkham Shadow","gaming","1","5","4","blocked_pending","Not requested after Best Buy edge denied further access."
"bbca-15661055","NEW VR BOX Virtual Reality Glasses 3D VR Headset for Android IOS Iphone Samsung","gaming","1","5","4","blocked_pending","Not requested after Best Buy edge denied further access."
"bbca-18340582","Meta Quest 3S 256GB VR Headset with Batman: Arkham Shadow - 3-Month Trial of Meta Horizon+","gaming","1","5","4","blocked_pending","Not requested after Best Buy edge denied further access."
"bbca-20098923","Wireless Bluetooth Game Controller for PS4/PC - Dual Vibration Six-Axis Gyro Gamepad, Ergonomic Non-Slip Grip, Rechargeable Battery","gaming","1","5","4","blocked_pending","Not requested after Best Buy edge denied further access."
"bbca-18923884","GameSir X3 Type-C Gamepad, Mobile Game Controller for Android Phone with Cooler Fan","gaming","1","5","4","blocked_pending","Not requested after Best Buy edge denied further access."
"bbca-19789003","Wireless Controller for PS4/PC, Hall Joystick & Linear Trigger Gamepad with RGB Light, 1000mAh Battery for Gamers","gaming","1","5","4","blocked_pending","Not requested after Best Buy edge denied further access."
"bbca-20157960","Wireless Bluetooth Controller for PS4/PC - 6-Axis Gyro Motion Sensing Gamepad, Dual Vibration, Compatible Joystick for PS4 PC","gaming","1","5","4","blocked_pending","Not requested after Best Buy edge denied further access."
"bbca-10153594","Logitech Gamepad F310 Controller","gaming","1","5","4","blocked_pending","Not requested after Best Buy edge denied further access."
"bbca-20085651","Wireless Bluetooth Gaming Controller Gamepad, Rechargeable, Dual Vibration, Ergonomic Joystick for Nintendo Switch, Windows PC, Android, iOS Mobile Cloud Gaming","gaming","1","5","4","blocked_pending","Not requested after Best Buy edge denied further access."
"bbca-19835440","Bluetooth Mobile Game Controller for Nintendo Switch 2 & iOS & Android & Tablets, Wireless Gamepad Grip with Hall Effect Trigger Joystick, Ergonomic Phone Controller for iPhone","gaming","1","5","4","blocked_pending","Not requested after Best Buy edge denied further access."
"bbca-19935938","P07 Wireless Bluetooth 4.0 Game Controller with Programmable Rear Back Paddles, Cross-Platform Gamepad Compatible with PS3, PS4, PS5, Nintendo Switch, Windows PC, Android & iOS Mob","gaming","1","5","4","blocked_pending","Not requested after Best Buy edge denied further access."
"bbca-19736557","HOCO Wireless Controller for Nintendo Switch / Switch 2, GA2 Unicorn, Multi-Platform Compatible Gamepad with Vibration","gaming","1","5","4","blocked_pending","Not requested after Best Buy edge denied further access."
"bbca-18597171","EasySMX X05 Wireless Controller for Switch/PC/Android- Bluetooth Controller Gamepad with Hall Effect Joysticks and Trigger, Turbo, Rumble Vibration, RGB-B","gaming","1","5","4","blocked_pending","Not requested after Best Buy edge denied further access."
"bbca-19585308","EasySMX D10 PC Controller - Elite Wireless Bluetooth Gamepad- TMR Joystick, Dual-Mode Triggers & Full Mechanical Buttons, 1000Hz Polling Rate, for PC/Switch/Android/iOS-B","gaming","1","5","4","blocked_pending","Not requested after Best Buy edge denied further access."
"bbca-19442887","Thrustmaster T98 Ferrari 296 GTB Edition Racing Wheel & Magnetic Pedal Set for PS5/PS4/PC","gaming","1","5","4","blocked_pending","Not requested after Best Buy edge denied further access."
"bbca-19484080","MZA GM RS074 R3 Racing Wheel and Pedals for PC","gaming","1","5","4","blocked_pending","Not requested after Best Buy edge denied further access."
"bbca-10383067","Logitech G29 Driving Force Racing Wheel for PlayStation/PC - Dark","gaming","1","5","4","blocked_pending","Not requested after Best Buy edge denied further access."
"bbca-19464739","Logitech G923 Racing Wheel & Pedals with Driving Force Shifter for Xbox Series X|S and Xbox One","gaming","1","5","4","blocked_pending","Not requested after Best Buy edge denied further access."
"bbca-19464738","Logitech G923 Racing Wheel & Pedals with Driving Force Shifter for PS5/PS4/PC - Black","gaming","1","5","4","blocked_pending","Not requested after Best Buy edge denied further access."
"bbca-19463863","MOZA Racing RS053 R3 Racing Wheel and Pedals Black Retail","gaming","1","5","4","blocked_pending","Not requested after Best Buy edge denied further access."
"bbca-10383068","Logitech Driving Force Shifter for G923/G29/G920 Racing Wheels - Dark","gaming","1","5","4","blocked_pending","Not requested after Best Buy edge denied further access."
"bbca-19430931","Logitech G RS50 3-Piece Sim Racing Steering Wheel System for Xbox Series X|S/Xbox One/PC","gaming","1","5","4","blocked_pending","Not requested after Best Buy edge denied further access."
"bbca-19723132","MOZA KS Pro Steering Wheel RS095","gaming","1","5","4","blocked_pending","Not requested after Best Buy edge denied further access."
"bbca-19484084","MZA GM RS057 CS V2P Steering Wheel","gaming","1","5","4","blocked_pending","Not requested after Best Buy edge denied further access."
"bbca-19442886","Thrustmaster T98 Ferrari 296 GTS Edition Racing Wheel & Magnetic Pedal Set for XBOX Series X|S & XBOX One/PC","gaming","1","5","4","blocked_pending","Not requested after Best Buy edge denied further access."
"bbca-19597336","MZA GM RS053 R3 Racing Wheel and Pedals Black","gaming","1","5","4","blocked_pending","Not requested after Best Buy edge denied further access."
"bbca-19363198","Trak Racer - TR160 V5 Racing Simulator - Black","gaming","1","5","4","blocked_pending","Not requested after Best Buy edge denied further access."
"bbca-19484089","MZA GM RS081 R12 V2 Direct Drive Wheel Base","gaming","1","5","4","blocked_pending","Not requested after Best Buy edge denied further access."
"bbca-20001097","Xiaomi Redmi Watch 6 Lite Smart Watch, 1.96"" AMOLED Display, Built-in GPS with 9-Axis Sensor, 150+ Sports Modes, Bluetooth Calling, Heart Rate Blood Oxygen Sleep Tracker -Black","wearables","1","5","4","blocked_pending","Not requested after Best Buy edge denied further access."
"bbca-19220197","Xiaomi Redmi Watch 5 Active . LCD Smartwatch with Heart Rate Monitor, Sleep Tracking, 140+ Sport Modes, Silver","wearables","1","5","4","blocked_pending","Not requested after Best Buy edge denied further access."
"bbca-19361142","Samsung Galaxy Watch8 44mm GPS Smartwatch - Black","wearables","1","5","4","blocked_pending","Not requested after Best Buy edge denied further access."
"bbca-18929938","Garmin Instinct E 45mm Bluetooth Multisport Smartwatch - Black/Charcoal","wearables","1","5","4","blocked_pending","Not requested after Best Buy edge denied further access."
"bbca-17247081","Garmin vívoactive 5 Active AMOLED 42mm Bluetooth Fitness GPS Smartwatch - Ivory","wearables","1","5","4","blocked_pending","Not requested after Best Buy edge denied further access."
"bbca-15956052","Garmin Instinct 2 Solar 45mm Bluetooth Rugged GPS Smartwatch - Graphite","wearables","1","5","4","blocked_pending","Not requested after Best Buy edge denied further access."
"bbca-16390440","Google Fitbit Versa 4 AMOLED Smartwatch with Bluetooth Calling, Built-in GPS, Heart Rate Monitor, Black","wearables","1","5","4","blocked_pending","Not requested after Best Buy edge denied further access."
"bbca-18245807","Garmin fēnix 8 47mm AMOLED Bluetooth Multisport Smartwatch - Black/Slate Grey","wearables","1","5","4","blocked_pending","Not requested after Best Buy edge denied further access."
"bbca-17213160","Garmin Venu 3S 41mm Bluetooth Health and Fitness GPS Smartwatch - French Grey","wearables","1","5","4","blocked_pending","Not requested after Best Buy edge denied further access."
"bbca-18245818","Garmin fēnix E 47mm AMOLED Wi-Fi Multisport GPS Smartwatch - Black/Carbon Grey","wearables","1","5","4","blocked_pending","Not requested after Best Buy edge denied further access."
"bbca-18929940","Garmin Instinct 3 45mm AMOLED LTE Rugged GPS Smartwatch - Black","wearables","1","5","4","blocked_pending","Not requested after Best Buy edge denied further access."
"bbca-17213163","Garmin Venu 3 45mm Bluetooth Health and Fitness GPS Smartwatch - Black","wearables","1","5","4","blocked_pending","Not requested after Best Buy edge denied further access."
"bbca-20154597","Apple Watch Series 12 (GPS) 46mm Black Aluminum Case with Black Sport Band - Medium/Large","wearables","1","5","4","blocked_pending","Not requested after Best Buy edge denied further access."
"bbca-20154640","Apple Watch Series 12 (GPS + Cellular) 46mm Radiant Gold Titanium Case with Radiant Gold Milanese Loop - Medium/Large","wearables","1","5","4","blocked_pending","Not requested after Best Buy edge denied further access."
"bbca-20154690","Apple Watch Ultra 4 (GPS + Cellular) 49mm Black Titanium Case with Burgundy Trail Loop - Medium / Large","wearables","1","5","4","blocked_pending","Not requested after Best Buy edge denied further access."
"bbca-20154685","Apple Watch Ultra 4 (GPS + Cellular) 49mm Black Titanium Case with Translucent Black Ocean Band","wearables","1","5","4","blocked_pending","Not requested after Best Buy edge denied further access."
"bbca-19451595","Apple Watch Series 11 (GPS) 42mm Rose Gold Aluminum Case with Light Blush Sport Band - Small/Medium","wearables","1","5","4","blocked_pending","Not requested after Best Buy edge denied further access."
"bbca-19451674","Apple Watch SE 3 (GPS) 44mm Midnight Aluminum Case with Midnight Sport Band - Medium/Large","wearables","1","5","4","blocked_pending","Not requested after Best Buy edge denied further access."
"bbca-20154588","Apple Watch Series 12 (GPS) 42mm Black Aluminum Case with Black Sport Band - Small/Medium","wearables","1","5","4","blocked_pending","Not requested after Best Buy edge denied further access."
"bbca-20154570","Apple Watch SE 3 (GPS) 40mm Starlight Aluminum Case with Sand Sport Band - Small/Medium","wearables","1","5","4","blocked_pending","Not requested after Best Buy edge denied further access."
"bbca-16043474","Garmin vivosmart 5 Fitness Tracker with Heart Rate Monitor & Sleep Tracking – Connected GPS – Mint","wearables","1","5","4","blocked_pending","Not requested after Best Buy edge denied further access."
"bbca-19993447","Garmin CIRQA Screenless Fitness Tracker Band with Heart Rate Monitor & Sleep Tracking - Large / X-Large - French Grey","wearables","1","5","4","blocked_pending","Not requested after Best Buy edge denied further access."
"bbca-12309996","Garmin vivofit 4 Fitness Tracker with Sleep Tracking & Calorie Counter – Swim Friendly – Black","wearables","1","5","4","blocked_pending","Not requested after Best Buy edge denied further access."
"bbca-19993450","Garmin CIRQA Screenless Fitness Tracker Band with Heart Rate Monitor & Sleep Tracking - Small / Medium - Captain Blue","wearables","1","5","4","blocked_pending","Not requested after Best Buy edge denied further access."
"bbca-19994603","Garmin CIRQA Screenless Fitness Tracker Band with Heart Rate Monitor & Sleep Tracking - Small / Medium - French Grey","wearables","1","5","4","blocked_pending","Not requested after Best Buy edge denied further access."
"bbca-16435170","Google Fitbit Inspire 3 Fitness Tracker with Heart Rate Monitor & Sleep Tracking – Connected GPS – Midnight Zen","wearables","1","5","4","blocked_pending","Not requested after Best Buy edge denied further access."
"bbca-20002805","Xiaomi Smart Band 11 Active Fitness Tracker, 21-Day Battery Life, 1.47"" Display with 60Hz Refresh Rate, Heart Rate/Blood Oxygen SpO2/Sleep/Stress Monitor, 50 Sports Modes -Black","wearables","1","5","4","blocked_pending","Not requested after Best Buy edge denied further access."
"bbca-17257418","Google Fitbit Charge 6 Fitness Tracker with Heart Rate Monitor & Sleep Tracking – Built-in GPS – Obsidian/Black","wearables","1","5","4","blocked_pending","Not requested after Best Buy edge denied further access."
"bbca-19994602","Garmin CIRQA Screenless Fitness Tracker Band with Heart Rate Monitor & Sleep Tracking - Large / X-Large - Black","wearables","1","5","4","blocked_pending","Not requested after Best Buy edge denied further access."
"bbca-17257416","Google Fitbit Charge 6 Fitness Tracker with Heart Rate Monitor & Sleep Tracking – Built-in GPS – Silver/Porcelain","wearables","1","5","4","blocked_pending","Not requested after Best Buy edge denied further access."
"bbca-18909654","Samsung Fitness Tracker with Heart Rate Monitor & Sleep Tracking – Connected GPS – Pink Gold","wearables","1","5","4","blocked_pending","Not requested after Best Buy edge denied further access."
"bbca-19849005","Google Fitbit Air Screenless Fitness Tracker with Heart Rate Monitor - Fog","wearables","1","5","4","blocked_pending","Not requested after Best Buy edge denied further access."
"bbca-17257417","Google Fitbit Charge 6 Fitness Tracker with Heart Rate Monitor & Sleep Tracking – Built-in GPS – Coral/Gold","wearables","1","5","4","blocked_pending","Not requested after Best Buy edge denied further access."
"bbca-16435171","Google Fitbit Fitness Tracker with Heart Rate Monitor & Sleep Tracking – Connected GPS – Lilac Bliss","wearables","1","5","4","blocked_pending","Not requested after Best Buy edge denied further access."
"bbca-19430809","Xplora X6Play Kids 38.6mm Smartwatch with Calling, School Mode, Up to 3 Days Battery - GPS Tracker","wearables","1","5","4","blocked_pending","Not requested after Best Buy edge denied further access."
"bbca-17974989","myFirst Fone S3+ Kids Smartwatch Phone with GPS Tracker, Video & Voice Calling - eSIM","wearables","1","5","4","blocked_pending","Not requested after Best Buy edge denied further access."
"bbca-19462727","Garmin Bounce 2 43mm Kids GPS Watch with Up to 2 Days Battery, Activity & Sleep Tracking - GPS Tracker","wearables","1","5","4","blocked_pending","Not requested after Best Buy edge denied further access."
"bbca-17857972","VTech KidiZoom DX4 Kids Smartwatch with Dual Camera, Games & Learning","wearables","1","5","4","blocked_pending","Not requested after Best Buy edge denied further access."
"bbca-19897936","BIGGERFIVE Kids Smartwatch 1.8"" Fitness Tracker with Heart Rate & Sleep Monitor, Step & Calorie Counter, IP68 Waterproof, Puzzle Games, App Optional, Lilac","wearables","1","5","4","blocked_pending","Not requested after Best Buy edge denied further access."
"bbca-19725798","Smart Watch for Kids, Kids Watch with 16 Games Camera Music Alarm Flashlight Step Count","wearables","1","5","4","blocked_pending","Not requested after Best Buy edge denied further access."
"bbca-17741405","myFirst Fone R2 Kids Smartwatch Phone with GPS Tracker, Video & Voice Calling - eSIM","wearables","1","5","4","blocked_pending","Not requested after Best Buy edge denied further access."
"bbca-19725799","Cestlave Kids Smartwatch with Video & Voice Calling","wearables","1","5","4","blocked_pending","Not requested after Best Buy edge denied further access."
"bbca-19725810","Cestlave Kids Smartwatch with Video & Voice Calling, Dual Camera - GPS Tracker","wearables","1","5","4","blocked_pending","Not requested after Best Buy edge denied further access."
"bbca-19805228","Oura Ring 5 Smart Ring with Health, Sleep & Fitness Tracking - Black - Size 8","wearables","1","5","4","blocked_pending","Not requested after Best Buy edge denied further access."
"bbca-19427883","RingConn Gen 2 Air Smart Ring with Health, Sleep & Fitness - 10-Day Battery - Galaxy Silver - Size 8","wearables","1","5","4","blocked_pending","Not requested after Best Buy edge denied further access."
"bbca-19805268","Oura Ring 5 Sizing Kit","wearables","1","5","4","blocked_pending","Not requested after Best Buy edge denied further access."
"bbca-18588642","Samsung Galaxy Ring Smart Ring with Health, Sleep & Fitness Tracking - Titanium - Gold - Size 8","wearables","1","5","4","blocked_pending","Not requested after Best Buy edge denied further access."
"bbca-19884707","Smart glasses with AI assistant, Bluetooth calling, photo and video recording functions, suitable for travel and business wear (clear lenses).","wearables","1","5","4","blocked_pending","Not requested after Best Buy edge denied further access."
"bbca-20003804","AI Smart Glasses with 8MP Camera, 4K HD Video Recording Glasses, Real Time Translation, AI Voice Assistant, Object Recognition,Replaceable Sunglasses Lenses Photochromic","wearables","1","5","4","blocked_pending","Not requested after Best Buy edge denied further access."
"bbca-19660765","1080P AI Smart Glasses, 8MP Camera Video Recording & Real-Time Translation, Bluetooth 5.3 HD Audio Capture – Ideal for Business Travelers & Conference Meetings","wearables","1","5","4","blocked_pending","Not requested after Best Buy edge denied further access."
"bbca-19946299","AI Smart Glasses with 4K POV Camera,8MP Cam HD Video Recording Glasses with Translation,Voice Assistant,Built-in Storage,Wearable Bluetooth Sunglasses for Sports Cycling Skiing","wearables","1","5","4","blocked_pending","Not requested after Best Buy edge denied further access."
"bbca-20008347","KAIGEER | AI Smart Glasses (Gen 1) with 13MP Camera, Real-Time Translation, Bluetooth Calls & WiFi - Shiny Black","wearables","1","5","4","blocked_pending","Not requested after Best Buy edge denied further access."
"bbca-19834013","Oakley | Meta HSTN Smart Glasses with AI, Photo, Video, Audio & Voice Assistant - Light Curry/Clear to Brown Transitions","wearables","1","5","4","blocked_pending","Not requested after Best Buy edge denied further access."
"bbca-19834015","Ray-Ban | Meta Wayfarer (Gen 2) Glasses with AI, Photo, Video, Audio & Messaging - Shiny Black/Green - Large","wearables","1","5","4","blocked_pending","Not requested after Best Buy edge denied further access."
"bbca-19645757","TUTT AI Glasses | Smart Sunglasses HD Camera + AI Integration & Intelligent Object Recognition | Replaceable with Prescription Lenses GS10-V","wearables","1","5","4","blocked_pending","Not requested after Best Buy edge denied further access."
"bbca-19884719","Smart glasses with AI assistant, Bluetooth calling, photo and video recording functions, suitable for travel and business wear (Dark lenses).","wearables","1","5","4","blocked_pending","Not requested after Best Buy edge denied further access."
"bbca-19411623","TUTT AI Glasses with ChatGPT | 8MP Camera Photo & Video Smart Sunglasses | AI Translator, Music, Calls & Touch Control | Anti-Blue Light Lenses M1","wearables","1","5","4","blocked_pending","Not requested after Best Buy edge denied further access."
"bbca-19462576","Ray-Ban | Meta Wayfarer (Gen 2) Glasses with AI, Photo, Video, Audio & Messaging - Matte Black/Clear - Standard","wearables","1","5","4","blocked_pending","Not requested after Best Buy edge denied further access."
"bbca-19884712","Multifunctional AI smart glasses: real-time translation, image recognition, HD photography, UV protection, and audio-enabled glasses (white).","wearables","1","5","4","blocked_pending","Not requested after Best Buy edge denied further access."
"bbca-20075780","Camera Light Blocker for Meta Wayfarer/Skyler/Headliner AI Intelligent Glasses,Light Cover Sticker Smart Slide Shutter for Total Privacy & Physical Button Protection(4PCS)","wearables","1","5","4","blocked_pending","Not requested after Best Buy edge denied further access."
"bbca-16352737","Bandini Fine Metal Mesh Smart Watch Band Strap, Stainless Steel Mesh Milanese Band For Garmin Forerunner, Vivoactive 4 - 22mm, Silver","wearables","1","5","4","blocked_pending","Not requested after Best Buy edge denied further access."
"bbca-20003333","3-in-1 Folding Treadmill, 2.5 HP 6% Incline 12 km/h 120 kg Model T4226A","fitness","1","5","4","blocked_pending","Not requested after Best Buy edge denied further access."
"bbca-19920894","16% Treadmills for Home with Handle, 3 in 1 Portable Treadmill with Incline, Foldable Treadmill with Three Screen, 12 Preset Programs, 400Lbs","fitness","1","5","4","blocked_pending","Not requested after Best Buy edge denied further access."
"bbca-19196706","NordicTrack T Series 6.5 Folding Treadmill with 5” Display","fitness","1","5","4","blocked_pending","Not requested after Best Buy edge denied further access."
"bbca-19415001","CoolHut 4 in 1 Climbing Treadmill with Handrail, Low Noise Under Desk Walking Pad with 6% Incline, LED Display & Phone Holder, Portable Folding Jogging Treadmill, 7.6 MPH Top Speed","fitness","1","5","4","blocked_pending","Not requested after Best Buy edge denied further access."
"bbca-18472320","ProForm Carbon Pro 9000 Treadmill with 16"" Touchscreen Display","fitness","1","5","4","blocked_pending","Not requested after Best Buy edge denied further access."
"bbca-18480087","Yesoul T1M PLUS-T Treadmill with 21.5"" Smart Screen - Only at Best Buy","fitness","1","5","4","blocked_pending","Not requested after Best Buy edge denied further access."
"bbca-19497673","MERACH T12 Foldable Incline Treadmill 7.5MPH Quiet for Home Double Deck Technology","fitness","1","5","4","blocked_pending","Not requested after Best Buy edge denied further access."
"bbca-18472319","NordicTrack T Series 8 Treadmill","fitness","1","5","4","blocked_pending","Not requested after Best Buy edge denied further access."
"bbca-17742195","Folding Treadmill Motorized Running Machine - 12 Pre-set Program, 1.0 HP Power, Max Speed 6.0 MPH, 3'' LCD Display & Mobile Phone/Tablet for Indoor Exercise","fitness","1","5","4","blocked_pending","Not requested after Best Buy edge denied further access."
"bbca-15249948","IMFIT Walking Pad Pro Treadmill | 2.5 HP, Speed upto 10km/hr | 10% Manual Incline Compact Foldable Design, Handrail for Extra Support Tablet Mount | 265lb Capacity, For Home/Office","fitness","1","5","4","blocked_pending","Not requested after Best Buy edge denied further access."
"bbca-19458433","NordicTrack G LE Upright Bike","fitness","1","5","4","blocked_pending","Not requested after Best Buy edge denied further access."
"bbca-19597859","Sunny Health & Fitness Smart Upright Exercise Bike with Resistance Bands – 16‑Level Magnetic Resistance, 136 kg Capacity, 4‑Way Adjustable Seat, Bluetooth SunnyFit® App","fitness","1","5","4","blocked_pending","Not requested after Best Buy edge denied further access."
"bbca-19597778","Sunny Health & Fitness Smart Upright Magnetic Indoor Cycling Bike – Two‑Stage Transmission, Belt‑Drive, 7‑Level Resistance & Bluetooth SunnyFit App","fitness","1","5","4","blocked_pending","Not requested after Best Buy edge denied further access."
"bbca-19597710","Sunny Health & Fitness Smart Elite Upright Magnetic Exercise Bike – 12‑Level Resistance, Extra‑Large Seat, Bluetooth SunnyFit App","fitness","1","5","4","blocked_pending","Not requested after Best Buy edge denied further access."
"bbca-12874920","Soozier Adjustable Upright Exercise Bike","fitness","4","5","1","verified_multiple","4 suitable source photographs have been verified; five distinct exact-product images are required."
"bbca-19503758","MERACH Magnetic Rowing Machine 16 Levels of Quiet Resistance Dual Slide Rail 350lb Weight Capacity App Compatible","fitness","1","5","4","blocked_pending","Not requested after Best Buy edge denied further access."
"bbca-19645910","MERACH R28 Foldable Wood Water Rowing Machines for Home Gym with Free MERACH App for Immersive Water Rower","fitness","1","5","4","blocked_pending","Not requested after Best Buy edge denied further access."
"bbca-19803485","MERACH R50 Air Rowing Machine, Air Resistance & Magnetic, Ergonomic Seat, 350LBS, Performance Monitor, Device Holder","fitness","1","5","4","blocked_pending","Not requested after Best Buy edge denied further access."
"bbca-19803448","MERACH 950 Foldable Water Rowing Machine with Dual Water & Magnetic Resistance, Dedicated Monitor & Comfortable Seat","fitness","1","5","4","blocked_pending","Not requested after Best Buy edge denied further access."
"bbca-17856303","Aviron Strong Series Air/Magnetic Game-Based Rowing Machine with 22"" HD Touchscreen - Only at Best Buy","fitness","1","5","4","blocked_pending","Not requested after Best Buy edge denied further access."
"bbca-19646845","MERACH Electromagnetic Q1S Rowing Machine Quiet 16 Level Resistance for Home Gym","fitness","1","5","4","blocked_pending","Not requested after Best Buy edge denied further access."
"bbca-19771129","Echelon Row-S Indoor Rowing Machine with 22"" class Rotating HD Touchscreen and Magnetic Resistance","fitness","1","5","4","blocked_pending","Not requested after Best Buy edge denied further access."
"bbca-19595523","ProForm 550R Compact Rowing Machine, 16 Resistance Levels, Full-Body Home Workouts","fitness","1","5","4","blocked_pending","Not requested after Best Buy edge denied further access."
"bbca-19829775","Rowing Machine, Magnetic Rower Machine for Home,350 LB Weight Capacity, Smooth Whisper Quiet with LCD Monitor Tablet Holder & Comfortable Seat Cushion, Compact and Saves Space","fitness","1","5","4","blocked_pending","Not requested after Best Buy edge denied further access."
"bbca-16078245","Aviron Game-Based Smart Rowing Machine - Only at Best Buy","fitness","1","5","4","blocked_pending","Not requested after Best Buy edge denied further access."
"bbca-19407539","Sunny Health & Fitness Smart Magnetic Rowing Machine with 16 Resistance Levels, Performance Tracking & Trainer-Led Workouts via SunnyFit App","fitness","1","5","4","blocked_pending","Not requested after Best Buy edge denied further access."
"bbca-19817325","Sunny Health & Fitness MotionMax Smart Quiet Magnetic Rowing Machine with 51"" Rail & Bluetooth SunnyFit App","fitness","1","5","4","blocked_pending","Not requested after Best Buy edge denied further access."
"bbca-19512390","NordicTrack RW300 Rower + 1-Month iFIT Membership | Interactive Home Rowing Machine with 26 Resistance Levels & 5"" Display","fitness","1","5","4","blocked_pending","Not requested after Best Buy edge denied further access."
"bbca-18479867","ProForm Carbon EL Elliptical","fitness","1","5","4","blocked_pending","Not requested after Best Buy edge denied further access."
"bbca-19905792","MERACH Under Desk Elliptical Machine, Quiet Electric Ellipse Leg Exerciser with Remote, 12 Spee for Home & Office","fitness","1","5","4","blocked_pending","Not requested after Best Buy edge denied further access."
"bbca-19712306","Echelon Ellipse EL-5 Elliptical Machine with Quiet Magnetic Resistance and Power Incline","fitness","1","5","4","blocked_pending","Not requested after Best Buy edge denied further access."
"bbca-17668689","MotionGrey 1.5–5.7 km/h Electric Under Desk Elliptical Machine, Seated Leg Exerciser with Remote Control, Non-Slip Pedals Great for Rehab, Senior, and Speed Calorie Burn","fitness","1","5","4","blocked_pending","Not requested after Best Buy edge denied further access."
"bbca-19812268","Elliptical Machine, Elliptical Exercise Machine for Home with Hyper-Quiet Magnetic Driving System, Elliptical Trainer with 15.5IN-18IN Stride, 16 Resistance Levels, 400LBS Loading","fitness","1","5","4","blocked_pending","Not requested after Best Buy edge denied further access."
"bbca-19452642","Under Desk Elliptical Machine – Portable Electric Leg Exerciser for Seniors | Compact Seated Elliptical with Remote Control & LCD Display | No Battery Needed","fitness","1","5","4","blocked_pending","Not requested after Best Buy edge denied further access."
"bbca-18192862","Gazelle Tony Little Pacer Total Body Fitness Workout Exercise Elliptical Glider","fitness","1","5","4","blocked_pending","Not requested after Best Buy edge denied further access."
"bbca-19812267","Under Desk Elliptical Machine, Electric Seated Pedal Exerciser, Mini Elliptical Leg Exerciser with Remoter, 12 Level Speeds, Forward & Reverse Direction, Manual & Auto Mode for Hom","fitness","1","5","4","blocked_pending","Not requested after Best Buy edge denied further access."
"bbca-19186225","HARISON Elliptical Machine for Home 350 LBS Capacity, Elliptical Trainer with HARISON Bluetooth, Magnetic Elliptical Exercise Machine with 16-Level Resistance (BBCA-E1190 White)","fitness","1","5","4","blocked_pending","Not requested after Best Buy edge denied further access."
"bbca-19186226","HARISON Elliptical Machine for Home Fitness, 350 lb Capacity, 16-Level Magnetic Resistance, HARISON Bluetooth Enabled Elliptical Trainer (BBCAE1190Black)","fitness","1","5","4","blocked_pending","Not requested after Best Buy edge denied further access."
"bbca-19815126","Sunny Health & Fitness Smart Air Walker Elliptical with 30-Inch Stride, Performance Tracking & Trainer-Led Workouts via SunnyFit App","fitness","1","5","4","blocked_pending","Not requested after Best Buy edge denied further access."
"bbca-19512389","NordicTrack AirGlide 16 Elliptical | 16” HD Touchscreen, 15% Incline to -5% Decline, 26 Resistance Levels","fitness","1","5","4","blocked_pending","Not requested after Best Buy edge denied further access."
"bbca-17402433","Soozier All-In-One Home Gym System, Multi Gym Workout Station with 99lbs Weight Stack, Lat Pull Down, Sit up Bench, Push up Stand, Adjustable, for Full Body Training","fitness","4","5","1","verified_multiple","4 suitable source photographs have been verified; five distinct exact-product images are required."
"bbca-19304624","Soozier Home Gym Equipment Weight Training Machine, Multifunction Workout Machine with 143lbs Weight Stack for Full Body Workout and Strength Training, Red","fitness","4","5","1","verified_multiple","4 suitable source photographs have been verified; five distinct exact-product images are required."
"bbca-17970369","Soozier Home Gym Machine, Multifunctional Smith Equipment with 99lbs Weight Stack and Lat Pulldown Bar, Workout Equipment Station for Back, Chest, Arms, Full Body Strength Training","fitness","4","5","1","verified_multiple","4 suitable source photographs have been verified; five distinct exact-product images are required."
"bbca-17944148","Soozier Home Gym Machine, Multifunctional Gym Equipment with 99lbs Weight Stack, Strength Training Workout Station for Back, Chest, Arms, Legs and Full Body Workout","fitness","4","5","1","verified_multiple","4 suitable source photographs have been verified; five distinct exact-product images are required."
"bbca-19841407","Soozier Foldable Power Cage, Space-Saving Power Rack with Pull-Up Bar, Cable Pulley System, Multifunctional 14-level Height Adjustable Squat Rack for Home Gym, 1540 lbs Capacity","fitness","4","5","1","verified_multiple","4 suitable source photographs have been verified; five distinct exact-product images are required."
"bbca-16397600","Soozier Home Gym Equipment, Multifunction Workout Machine with 99lbs Weight Stack for Back, Chest, Arm, Legs, and Full Body Workout","fitness","4","5","1","verified_multiple","4 suitable source photographs have been verified; five distinct exact-product images are required."
"bbca-19713226","Soozier Home Gym Machine, Multi-Function Gym Equipment with Bench Press Rack, Squat Rack and Lat Pulldown System, Adjustable Barbell Stand with Weight Plate Holders, 440 lbs Load","fitness","4","5","1","verified_multiple","4 suitable source photographs have been verified; five distinct exact-product images are required."
"bbca-20125339","Soozier Home Gym Equipment, Multifunctional Weight Machine with Pulley System, 264lbs Workout Station for Full Body Strength Training, Fit 1"" & 2"" Weight Plates (Not Included)","fitness","4","5","1","verified_multiple","4 suitable source photographs have been verified; five distinct exact-product images are required."
"bbca-17853203","MotionGrey 5-52.5 lb Adjustable Dumbbells, 15 Weight Settings, Compact DumbBell Barbell, Storage for Home Gym Strength Weightlifting Training Anti Slip Handle (Set Of 2)","fitness","1","5","4","blocked_pending","Not requested after Best Buy edge denied further access."
"bbca-19972958","IMFit Adjustable Dumbbells Set 5-52.5 lbs | Everyday Workout Fitness Equipment for Full Body Workout, 15 Weights | Space Saver | 2 Dumbbells, 2 Free Hand Grips & 2 Free Ropes","fitness","1","5","4","blocked_pending","Not requested after Best Buy edge denied further access."
"bbca-19399696","NordicTrack Select-A-Weight Adjustable Dumbbell - 55 Lb","fitness","1","5","4","blocked_pending","Not requested after Best Buy edge denied further access."
"bbca-17980595","IMFit Dumbbell 5-52.5 lbs Adjustable | Fitness Equipment for Full Body Workout, 15 Weights | Space Saver Design | 1 Dumbbell with Gloves Pair, Free Hand Grip & Jump Rope","fitness","1","5","4","blocked_pending","Not requested after Best Buy edge denied further access."
"bbca-19906367","MotionGrey Adjustable Dumbbell Set of 2 – 26.5 lb (12 kg) Each, 6 Weight Settings, Quick-Adjust Dial, Anti-Slip Handles & Storage Trays for Home Gym Strength Training","fitness","1","5","4","blocked_pending","Not requested after Best Buy edge denied further access."
"bbca-17853201","MotionGrey 5-52.5 lb Adjustable Dumbbells, 15 Weight Settings, Compact DumbBell Barbell, Storage for Home Gym Strength Weightlifting Training Anti Slip Handle (Set Of 1)","fitness","1","5","4","blocked_pending","Not requested after Best Buy edge denied further access."
"bbca-19705573","IMFit Adjustable Dumbbells Set 5-52.5 lbs | Free Gloves Pair, 2 Free Grips & 2 Free Jump Ropes, Everyday Workout Fitness Equipment for Full Body Workout, 15 Weights, Space Saver","fitness","1","5","4","blocked_pending","Not requested after Best Buy edge denied further access."
"bbca-19821919","MotionGrey Adjustable Dumbbells 5-52.5LB – 3-in-1 Dumbbell, Barbell & Kettlebell with 15 Adjustable Weights & High-Strength Grip","fitness","1","5","4","blocked_pending","Not requested after Best Buy edge denied further access."
"bbca-19894861","CAP Barbell 25 lb Coated Dumbbell Weight | Multiple Options - Single - Black Handle","fitness","1","5","4","blocked_pending","Not requested after Best Buy edge denied further access."
"bbca-19276334","MotionGrey 10-90 lb Adjustable Dumbbells, 17 Weight Settings, Compact DumbBell Barbell, Storage for Home Gym Strength Weightlifting Training Anti Slip Metal Handle (Set Of 2)","fitness","1","5","4","blocked_pending","Not requested after Best Buy edge denied further access."
"bbca-19894864","CAP Barbell 30 lb Coated Dumbbell Weight | Multiple Options - Single - Black Handle","fitness","1","5","4","blocked_pending","Not requested after Best Buy edge denied further access."
"bbca-19891060","CAP Barbell 55 lb Pair of Adjustable Dumbbell with Contoured Full Rotation Handle - Pair - Honeycomb Chrome and Black Handle","fitness","1","5","4","blocked_pending","Not requested after Best Buy edge denied further access."
"bbca-19409211","MotionGrey Adjustable Dumbbells 10-90 LB with High Strength Hand Grip & Converter - Dumbbell Stand, Jump Rope and Anti-Slip Metal Hand Equipment","fitness","1","5","4","blocked_pending","Not requested after Best Buy edge denied further access."
"bbca-14931694","Soozier Foldable Adjustable Dumbbell Bench Press, Weight Lifting Sit Up Ab Workout Bench for Home Training Gym Incline Flat Multiuse Workout Exercise Fitness, Red","fitness","4","5","1","verified_multiple","4 suitable source photographs have been verified; five distinct exact-product images are required."
"bbca-15693109","Soozier Adjustable Weight Bench with Leg Extension, Barbell Rack, Preacher Curl Pad, Butterfly, Multi-Function Home Gym Bench for Strength Training, Red","fitness","4","5","1","verified_multiple","4 suitable source photographs have been verified; five distinct exact-product images are required."
"bbca-17373056","Soozier Adjustable Weight Bench, Foldable Bench Press with Barbell Rack and Dip Station for Home Gym, Strength Training Multiuse Workout Bench, Black","fitness","4","5","1","verified_multiple","4 suitable source photographs have been verified; five distinct exact-product images are required."
"bbca-19833259","MERACH Adjustable Weight Dumbbell Bench with Leg Extension, 990LBS Capacity Foldable Workout Bench for Home Gym","fitness","1","5","4","blocked_pending","Not requested after Best Buy edge denied further access."
"bbca-19516093","Soozier Adjustable Weight Bench with Squat Rack, Foldable Incline Flat Bench Press with Barbell Rack Stand, Resistance Bands for Home Gym Strength Training, 660LBS","fitness","4","5","1","verified_multiple","4 suitable source photographs have been verified; five distinct exact-product images are required."
"bbca-15301107","PRISP Adjustable Weight Bench with Resistance Bands for Home Gym","fitness","1","5","4","blocked_pending","Not requested after Best Buy edge denied further access."
"bbca-16557025","Soozier Squat Rack, Power Rack with Adjustable Height & Width, Strength Training Equipment with Barbell Storage Racks & J-Hooks for Bench Press, Squat, Weight Lifting","fitness","4","5","1","verified_multiple","4 suitable source photographs have been verified; five distinct exact-product images are required."
"bbca-16647169","Soozier Adjustable Weight Bench with Squat Rack, Preacher Curl Pad, Leg Developer, Butterfly, and Weight Storage, Multi-Function Bench Press Set for Full Body Workout, White","fitness","4","5","1","verified_multiple","4 suitable source photographs have been verified; five distinct exact-product images are required."
"bbca-18894634","Soozier Adjustable Weight Bench with Bench Press Rack, Preacher Curl Bench, Leg Extension and Lat Pull Down Machine, Incline or Flat Workout Bench for Home Gym Strength Training","fitness","4","5","1","verified_multiple","4 suitable source photographs have been verified; five distinct exact-product images are required."
"bbca-16695137","Iron Body Fitness PRCTZ Multi-Gym Doorway Pull-Up Bar - Red/Black","fitness","1","5","4","blocked_pending","Not requested after Best Buy edge denied further access."
"bbca-19686767","VEVOR 330LBS Capacity Pull Up Bar, Portable Pullup Bar Station, Pullup Bars Free Standing with H-Frame Structure & Heavy-Duty Steel Tube, 8 Level Height Adjustment Gravity Fitness","fitness","1","5","4","blocked_pending","Not requested after Best Buy edge denied further access."
"bbca-19686764","VEVOR 330 LBS Pull Up Bar, Power Tower Dip Station, Workout Dip Station with H-Shaped Stable Base & Back Pad, Adjustable 12 Level Height Free Standing Chin Up Bar,4-Level Back Pad","fitness","1","5","4","blocked_pending","Not requested after Best Buy edge denied further access."
"bbca-19686766","VEVOR 330LBS Capacity Pull Up Bar, Portable Pullup Bar Station, Pullup Bars Free Standing with Triangular Structure & Heavy-Duty Steel Tube, 9 Level Height Gravity Fitness, Back","fitness","1","5","4","blocked_pending","Not requested after Best Buy edge denied further access."
"bbca-19438835","VEVOR 50 in Width Pull Up Bar, Wall Mounted Pull Ups, Adjustable Depth 22"" or 30"" from Wall, Steel Upper Body Workout Bars, 440 lbs Weight Capacity Chin Up Training Station","fitness","1","5","4","blocked_pending","Not requested after Best Buy edge denied further access."
"bbca-19493367","Soozier Pull Up Bar Doorway No Screws, Door Frame Chin Up Bar with Level Metre, 27.6""-35.4"" (70-90 cm) Width Adjustable for Home Gym, Max Load 440lbs","fitness","4","5","1","verified_multiple","4 suitable source photographs have been verified; five distinct exact-product images are required."
"bbca-19686754","VEVOR 330 LBS Pull Up Bar, Power Tower Dip Station, Workout Dip Station with H-Shaped Stable Base & Assistance Platform, Adjustable 9 Level Height Pullup Stand, 3-Level Elbow Pads","fitness","1","5","4","blocked_pending","Not requested after Best Buy edge denied further access."
"bbca-20135232","GARVEE Wall Mounted Folding Squat Rack, 1000 LB Capacity Power Rack with Pull-Up Bar","fitness","1","5","4","blocked_pending","Not requested after Best Buy edge denied further access."
"bbca-19722618","Pull Up Station,Power Tower Portable Pullup Bar Station, Pull Up Bar for Home Gym, Pull Up Tower Station 330LBS，Red","fitness","1","5","4","blocked_pending","Not requested after Best Buy edge denied further access."
"bbca-19965228","Soozier Power Cage Squat Rack, 1100LB Capacity Power Rack with Pull-Up Bar, Adjustable J-Hooks, Safety Arms, Weight Plate and Barbell Storage for Home Gym Strength Training","fitness","4","5","1","verified_multiple","4 suitable source photographs have been verified; five distinct exact-product images are required."
"bbca-19254334","Soozier Push Up Bars, Adjustable Dip Station Parallel Bars with 4 Height Levels for Home Gym Fitness Workout","fitness","4","5","1","verified_multiple","4 suitable source photographs have been verified; five distinct exact-product images are required."
"bbca-19672153","2026 Gyrocopters Flash 6.0 Electric Scooter for Adults & Teens with SMART APP, Speed 30km/h, Upto 30km, 350W Motor | 8.5” Burst Proof Tire, UL 2272 Approved","sports-transport","1","5","4","blocked_pending","Not requested after Best Buy edge denied further access."
"bbca-19614766","Kukirin G4 Electric Scooter , 11'' Tubeless tire , Full Suspension , Up to 75 KM Range , 70KM/h Top Speed ,Foldable Electric Scooter for Adults","sports-transport","1","5","4","blocked_pending","Not requested after Best Buy edge denied further access."
"bbca-19217791","Segway F3 Pro Electric Scooter (1200 W Motor / 70km Range / 32km/h Top Speed) - Grey - Only at Best Buy","sports-transport","1","5","4","blocked_pending","Not requested after Best Buy edge denied further access."
"bbca-19697500","Gyrocopters FlashX 2026 Electric Scooter Adult & Teens with Bright LED Lights, Upgraded Design, Puncture-Proof Tires | Speed 32km/h, Upto 32km, 350W Motor","sports-transport","1","5","4","blocked_pending","Not requested after Best Buy edge denied further access."
"bbca-19205429","iScooter iX8 Dual Motor Off-Road Electric Scooter(Dual 1200W Motor , 70KM Range , 60KM/H Top Speed , 12""Off - Road Solid Tires , APP Controller) - Black","sports-transport","1","5","4","blocked_pending","Not requested after Best Buy edge denied further access."
"bbca-19217790","Segway E3 Electric Scooter (800W Motor/ 40km Range/ 25 km/h Top Speed) - Exclusive Retail Partner","sports-transport","1","5","4","blocked_pending","Not requested after Best Buy edge denied further access."
"bbca-19813431","ECOROAD ES6 Foldable Electric Scooter for Adults(1000W Motor , 50 KM/H Top Speed , 64 KM Range , 10"" Off-Road Pneumatic Tires) - Gunmetal Gray","sports-transport","1","5","4","blocked_pending","Not requested after Best Buy edge denied further access."
"bbca-19825121","Gyrocopters Vortex Electric Scooter with Seat | UL2272 Safe | 470W Peak Motor 16*3 Inch Wear Resistant Fat Tires | Speed Upto 32km/h | Range Upto 28km | Basket & GPS Tracker","sports-transport","1","5","4","blocked_pending","Not requested after Best Buy edge denied further access."
"bbca-18196821","Apollo Go Electric Scooter (1500W Motor / 58km Range / 44 km/h Top Speed) - Space Grey","sports-transport","1","5","4","blocked_pending","Not requested after Best Buy edge denied further access."
"bbca-19782417","Gyrocopters Plaid 3.0 Off Road Foldable Electric Scooter for Adults & Teens, 10” Fat Tires, Speed Upto 45kmph, 13Ah Battery Long Range Upto 45Km, 850W Power, with App","sports-transport","1","5","4","blocked_pending","Not requested after Best Buy edge denied further access."
"bbca-19732826","Blutron EB350F V2 Foldable Electric City Bike (350W Motor / 33km Battery Range / 32km/h Top Speed) - Black - Exclusive Retail Partner","sports-transport","1","5","4","blocked_pending","Not requested after Best Buy edge denied further access."
"bbca-19909172","Gyrocopters Zeil Fat Tire Mountain E-Bike for adults with 500 W Motor | 27.5* 3” tires | Speed up to 40 km/h | PAS Range up to 91 km | Anti-theft GPS Tracker","sports-transport","1","5","4","blocked_pending","Not requested after Best Buy edge denied further access."
"bbca-19900575","Bike Brake Caliper - Aluminum Bicycle Brake for MTB Cycling","sports-transport","1","5","4","blocked_pending","Not requested after Best Buy edge denied further access."
"bbca-19623964","5TH WHEEL BB29 All-Terrain Electric Bike - Snow Riding Expert | 750W Motor | 72-Mile Range | 26"" Anti-Slip Fat Tires","sports-transport","1","5","4","blocked_pending","Not requested after Best Buy edge denied further access."
"bbca-19879736","Kids Bicycle Rear Seat with Footrests Armrests and Safety Handle Black","sports-transport","1","5","4","blocked_pending","Not requested after Best Buy edge denied further access."
"bbca-19492836","5TH WHEEL Adult Electric Dirt Bike | 20x4"" Fat Tire E-Bike | Removable 48V Battery | Full Suspension | 62 Mile Range | Snow & Off-Road Electric Motorcycle","sports-transport","1","5","4","blocked_pending","Not requested after Best Buy edge denied further access."
"bbca-19001439","Blutron EB550 Electric Mountain Bike (500W Motor / Up to 60km Battery Range / 32km/h Top Speed) - Gilt Black - Only at Best Buy","sports-transport","1","5","4","blocked_pending","Not requested after Best Buy edge denied further access."
"bbca-19900490","Bicycle Rear View Mirrors - 360 Degree Rotating Handlebar Mirrors","sports-transport","1","5","4","blocked_pending","Not requested after Best Buy edge denied further access."
"bbca-19604681","Blutron EB880S Electric Fat Tire City Bike (500W Motor/up to 80km Range/32km/h Top Speed) - Interstellar Blue - Only at Best Buy","sports-transport","1","5","4","blocked_pending","Not requested after Best Buy edge denied further access."
"bbca-19294523","5TH WHEEL High-Speed Electric Bike – 700W Peak Motor, 72KM Range, Lightweight Frame, Front Suspension – Perfect for City Commutes & Mountain Trails","sports-transport","1","5","4","blocked_pending","Not requested after Best Buy edge denied further access."
"bbca-19900564","Bicycle Bottom Bracket Tool - Stainless Steel Bike Repair Wrench","sports-transport","1","5","4","blocked_pending","Not requested after Best Buy edge denied further access."
"bbca-19833267","5TH WHEEL PB11 All-Terrain Electric Bicycle-Snow Riding Expert | 500W Motor | 72KM Max Range | 48V 15.6Ah | 20×3.0 Wear-Resistant Tires","sports-transport","1","5","4","blocked_pending","Not requested after Best Buy edge denied further access."
"bbca-19814707","Gyrocopters PixAI Electric foldable cargo Bike for Adults/Teen, UL2849 Safe, PAS Range Upto 70km, Speed Upto 32km/h, Anti-Theft GPS, Dual Rider E-Bike, All-Terrain Riding","sports-transport","1","5","4","blocked_pending","Not requested after Best Buy edge denied further access."
"bbca-19310330","Electric Commuter Bike for Adults, 26-Inch 7-Speed E-Bike with 350W Motor & 36V Removable Battery, Electric Bicycle for City Riding","sports-transport","1","5","4","blocked_pending","Not requested after Best Buy edge denied further access."
"bbca-17716791","XNITO Electric Bike Helmet with LED Lights - CPSC & NTA-8776 Dual Certified - Class 3 E-Bikes, Bicycle, Scooters, Onewheel, Skateboard - LOGAN (Medium size)","sports-transport","1","5","4","blocked_pending","Not requested after Best Buy edge denied further access."
"bbca-18588824","Cipton LED Light Up Translucent 22.5"" Skateboard","sports-transport","1","5","4","blocked_pending","Not requested after Best Buy edge denied further access."
"bbca-20124829","Waterproof sandpaper sticker for skateboard and scooter deck, 84 x 23 cm, black","sports-transport","1","5","4","blocked_pending","Not requested after Best Buy edge denied further access."
"bbca-17716713","XNITO Electric Bike Helmet with LED Lights - CPSC & NTA-8776 Dual Certified - Class 3 E-Bikes, Bicycle, Scooters, Onewheel, Skateboard - HEMP (Large size)","sports-transport","1","5","4","blocked_pending","Not requested after Best Buy edge denied further access."
"bbca-20177128","For Ninebote ES1 ES2 ES3 ES4 E22 E25 Battery Protection Board BMS Battery Skateboard Controller Accessories","sports-transport","1","5","4","blocked_pending","Not requested after Best Buy edge denied further access."
"bbca-16580126","Inline Skates for Kids and Adults, Adjustable Size Roller Blades for Boys and Girls, Outdoor Roller Skates with Luminous Light Up Wheels for Beginner","sports-transport","1","5","4","blocked_pending","Not requested after Best Buy edge denied further access."
"bbca-20159692","Impact-Protection Edge Guards for Skateboard Deck and Snowboard","sports-transport","1","5","4","blocked_pending","Not requested after Best Buy edge denied further access."
"bbca-16580509","Premium Adjustable Performance Inline Skates with Front LED Flash Light up Wheels Aluminum Body Beginner Skates Fun Illuminating Roller Skates Best Gift for All Kids Boys (Blue)","sports-transport","1","5","4","blocked_pending","Not requested after Best Buy edge denied further access."
"bbca-19909464","Pokémon x Bear Walker Pikachu 25th Celebration Limited Edition Complete Skateboard","sports-transport","1","5","4","blocked_pending","Not requested after Best Buy edge denied further access."
"bbca-20146854","Wireless Bluetooth Module For And Skateboard For V6","sports-transport","1","5","4","blocked_pending","Not requested after Best Buy edge denied further access."
"bbca-16580396","Roller Skates Girls Kids, Adjustable Quad Skates with Light Up Wheels, Blades Rollerskates Shoes Size 5 of Shoe Boots, Gift Bag Pack for Youth Childrens Kids Junior Women Teens","sports-transport","1","5","4","blocked_pending","Not requested after Best Buy edge denied further access."
"bbca-19990064","VEVOR Full Face Motorcycle Helmets,Adult Motocross Dirt Bike Helmet with Clear Visor,Lightweight Comfortable Motorcycle Street Bike Helmet for Men and Women-DOT Approved (M Size)","sports-transport","1","5","4","blocked_pending","Not requested after Best Buy edge denied further access."
"bbca-19392081","Adjustable Kids Bike Helmet for Ages 3-14 | Boys & Girls Multi-Sport Safety Helmet for Cycling, Skating, Scooter & Extreme Activities | Fits Head Sizes 48–52 cm | Black","sports-transport","1","5","4","blocked_pending","Not requested after Best Buy edge denied further access."
"bbca-19898192","VEVOR Modular Motorcycle Helmet, Flip up Full Face Helmet with Dual Visor, Lightweight Comfortable Adult Motocross Street Bike Helmet for Men and Women-DOT & ECE Approved (XL Size)","sports-transport","1","5","4","blocked_pending","Not requested after Best Buy edge denied further access."
"bbca-19182480","CELOID Kids Bike Helmet, Small 18""-20.5"" Adjustable Multi-Sport Safety Helmet for Ages 3-8 Years","sports-transport","1","5","4","blocked_pending","Not requested after Best Buy edge denied further access."
"bbca-19990073","VEVOR XL Size Full Face Motorcycle Helmets, Adult Motocross Dirt Bike Helmet with Clear Visor, Lightweight Comfortable Motorcycle Street Bike Helmet for Men and Women-DOT Approved","sports-transport","1","5","4","blocked_pending","Not requested after Best Buy edge denied further access."
"bbca-20002795","Gymax 10 Person Instant Cabin Camping Tent w/ Rainfly Carry Bag 13 ft x 9 ft","sports-transport","1","5","4","blocked_pending","Not requested after Best Buy edge denied further access."
"bbca-19650702","VEVOR 50x50 in Pop up Sports Tent, Clear Bubble Tent for 1 Person, Waterproof Outdoor Pod with Floor Mat & Top Cover, Garden Igloo Dome Tents Camping Shelter for Events Fishing","sports-transport","1","5","4","blocked_pending","Not requested after Best Buy edge denied further access."
"bbca-20125308","Outsunny 4-5 Person Camping Tent with 2 Bedrooms and Spacious Living Area, Awning, Large Family Tent 3000mm Waterproof, Portable Bag Included for Hiking Fishing Festival, Blue","sports-transport","4","5","1","verified_multiple","4 suitable source photographs have been verified; five distinct exact-product images are required."
"bbca-19493711","Gymax 2-Person Camping Cot Combo Off-Ground Travel Cot Tent w/Pop-up Tent Shelter","sports-transport","1","5","4","blocked_pending","Not requested after Best Buy edge denied further access."
"bbca-20015993","Costway 6-Person Outdoor Camping Tent with Rainfly & Carrying Bag, 3000mm Water-Resistant Gray, Orange","sports-transport","1","5","4","blocked_pending","Not requested after Best Buy edge denied further access."
"bbca-19715473","Woods Vardo 6-Person Camping Tent – Family-Size Outdoor Backpacking Shelter with Easy Setup & Ventilation (Blue)","sports-transport","1","5","4","blocked_pending","Not requested after Best Buy edge denied further access."
"bbca-19841366","Outsunny 4-5 Person Camping Tent with 2 Bedrooms, Living Area and Awning, 3000mm Waterproof Large Family Tent, Portable with Bag, for Fishing Hiking Festival, Army Green","sports-transport","4","5","1","verified_multiple","4 suitable source photographs have been verified; five distinct exact-product images are required."
"bbca-19841356","Outsunny 3-4 Person Camping Tent, Large Family Tent with Bedroom and Living Room, 3000mm Waterproof, Portable with Bag for Fishing Hiking Festival, Sky Blue","sports-transport","4","5","1","verified_multiple","4 suitable source photographs have been verified; five distinct exact-product images are required."
"bbca-17943497","Costway Inflatable Camping Tent 2-6 People Cotton Glamping Tent for Family Camping","sports-transport","1","5","4","blocked_pending","Not requested after Best Buy edge denied further access."
"bbca-20125309","Outsunny 3 Person Dome Camping Tent, Automatic Pop Up Tent with Ground Sheet, Doors, Windows, Carry Bag, 8.6' x 7.2' x 4' Easy Setup Tent for Hiking, Travelling, Beach, Orange","sports-transport","4","5","1","verified_multiple","4 suitable source photographs have been verified; five distinct exact-product images are required."
"bbca-19203588","Outsunny Inflatable Camping Tent, 2 Min. Easy Setup Glamping Tent, Outdoor Shelter Portable Blow Up Tent with Hand Pump, Mesh Windows, Doors and Carry Bag, Khaki and Brown","sports-transport","4","5","1","verified_multiple","4 suitable source photographs have been verified; five distinct exact-product images are required."
"bbca-19856101","VEVOR 2-3 Person Rooftop Tent Hard Shell, Aluminum Roof Top Tent Hardshell with Tri-Color LED Light & Thick Mattress, Waterproof Windproof Overland Camping Car Roof Rack Suitable","sports-transport","1","5","4","blocked_pending","Not requested after Best Buy edge denied further access."
"bbca-19946955","adidas FIFA World Cup 26™ Trionda Club Soccer Ball Size 4, Black/Lucid Lemon/Lucid Pink Recreational Ball","sports-transport","1","5","4","blocked_pending","Not requested after Best Buy edge denied further access."
"bbca-20164887","FIFA World Cup '26 Host Cities 16 pieces Mini Soccer Ball Set, size 1","sports-transport","1","5","4","blocked_pending","Not requested after Best Buy edge denied further access."
"bbca-20103362","Outdoor Glow Reflective Football Soccer Ball Official No.5 Ball PU Match Training Football Futbol Topu for Adults","sports-transport","1","5","4","blocked_pending","Not requested after Best Buy edge denied further access."
"bbca-19876634","adidas Unisex-Adult World Cup Club Canada, White/Power Red/Red, 4","sports-transport","1","5","4","blocked_pending","Not requested after Best Buy edge denied further access."
"bbca-20103973","REGAIL Soccer Ball Standard Size 5 Football Machine-Stitched Thickened Football Goal League Ball Sport Training Outdoor","sports-transport","1","5","4","blocked_pending","Not requested after Best Buy edge denied further access."
"bbca-20104267","2 Pcs Hands-Free Football Kick Throw Solo Training Aid, Adjustable Waist Belt Soccer Ball Trainer Net","sports-transport","1","5","4","blocked_pending","Not requested after Best Buy edge denied further access."
"bbca-20105342","Football Kick Throw Solo Practice Adjustable Waist Belt Soccer Ball Control Training Equipment Children Training Belt, a","sports-transport","1","5","4","blocked_pending","Not requested after Best Buy edge denied further access."
"bbca-19924450","Black and White Size 5 Soccer Ball for Adults and Players Ages 12+, Regulation-Size Training and Recreational Football, 1-Pack","sports-transport","1","5","4","blocked_pending","Not requested after Best Buy edge denied further access."
"bbca-20130775","Set of 2 Foldable Ball Wall Mount Sports Ball Display Holder for Basketball Volleyball Rugby Soccer Football","sports-transport","1","5","4","blocked_pending","Not requested after Best Buy edge denied further access."
"bbca-20102740","2X Ball Holder, Ball Stand Basketball Football Soccer Rugby Plastic Display Holder, Black","sports-transport","1","5","4","blocked_pending","Not requested after Best Buy edge denied further access."
"bbca-17933870","GREEN EMERALD 11FT x 33"" Super Wide Inflatable Stand Up Paddle Board, Ultra Stable Wide SUP Up to 2 people/375LB Fully equipped w/ Premium SUP Accessories","sports-transport","1","5","4","blocked_pending","Not requested after Best Buy edge denied further access."
"bbca-19877350","Aqua Marina, Revolution, Inflatable Stand-Up Paddleboard , Blue","sports-transport","1","5","4","blocked_pending","Not requested after Best Buy edge denied further access."
"bbca-17864356","Rising Flow Inflatable Paddleboard iSUP - Stand Up Water Paddle-Board w/ Accessories (Wood)","sports-transport","1","5","4","blocked_pending","Not requested after Best Buy edge denied further access."
"bbca-15264324","Aqua Marina Drift 10 ft. 10 in. Inflatable Stand-Up Paddleboard w/ Fishing Rod Holders - Grey/White","sports-transport","1","5","4","blocked_pending","Not requested after Best Buy edge denied further access."
"bbca-19410245","Nautiqua | ARUBA | Deluxe Paddleboard Fishing Pedal Kayak | 1 Person | Red","sports-transport","1","5","4","blocked_pending","Not requested after Best Buy edge denied further access."
"bbca-19956352","Inflatable Paddle Board 10'6""/11' Stand Up Paddle Boards with Premium Accessories, SUP Paddleboard for Adults & Youth of All Skill Levels","sports-transport","1","5","4","blocked_pending","Not requested after Best Buy edge denied further access."
"bbca-19956351","10'6"" Inflatable Stand Up Paddle Board with Premium SUP Accessories, Anti-Slip EVA Deck for Adults of All Skill Levels, Paddleboard for Fishing, Yoga, Sunbathing, Gift Ideas","sports-transport","1","5","4","blocked_pending","Not requested after Best Buy edge denied further access."
"bbca-18189245","Aqua Marina - 2022 WAVE 8' 8"" Surf Inflatable Stand Up Paddle Board (iSup)","sports-transport","1","5","4","blocked_pending","Not requested after Best Buy edge denied further access."
"bbca-19326929","Goplus 11' Inflatable Stand Up Paddle Board whth Accessories Paddle Hand Pump Repair Kit, Blue/Gray/Yellow/Dark Blue/Turquoise","sports-transport","1","5","4","blocked_pending","Not requested after Best Buy edge denied further access."
"bbca-19371455","Free-Flow Welded Inflatable Stand-Up Paddle-Board with LED Light, Includes Double-Action Hand Pump, 3-Shaft Aluminum Paddle, Leash, Fin, Repair Kit and Backpack (Black)","sports-transport","1","5","4","blocked_pending","Not requested after Best Buy edge denied further access."
"bbca-19449195","VEVOR 11.6' x 35"" x 6"" Wide Inflatable Stand Up Paddle Board, Ultra-Light SUP Paddleboard, All Accessories Included, Pump, Paddle, Fin, Backpack, Ankle Leash, Strap, Non-slip Deck","sports-transport","1","5","4","blocked_pending","Not requested after Best Buy edge denied further access."
"bbca-19641552","VEVOR 230 lbs Load Kayak Cart, Canoe Cart Dolly with 10-inch Solid PU Tires & Kickstand, Assembles & Disassembles Within Seconds, Paddle Board Trolley for Kayaks, Paddleboards","sports-transport","1","5","4","blocked_pending","Not requested after Best Buy edge denied further access."
"bbca-19409794","Nautiqua | BELIZE | Premium Paddleboard Water Bike","sports-transport","1","5","4","blocked_pending","Not requested after Best Buy edge denied further access."
"bbca-18189116","Aqua Marina - 2022 BLADE 10' 6"" Windsurf Inflatable Stand Up Paddle Board (iSup)","sports-transport","1","5","4","blocked_pending","Not requested after Best Buy edge denied further access."
"bbca-19836465","48-Inch Foosball Table, Competition Soccer Game Table with Ergonomic Handles, Scoring Device, Steel Rods, 2 Foosballs, Arc Side Design for Family Game Room, Home, Office","sports-transport","1","5","4","blocked_pending","Not requested after Best Buy edge denied further access."
"bbca-13371641","Costway 54"" Foosball Soccer Table Competition Sized Football Arcade Indoor Game Room","sports-transport","1","5","4","blocked_pending","Not requested after Best Buy edge denied further access."
"bbca-19197543","VEVOR 55 inch Foosball Table, Standard Size Foosball Table, Indoor Full Size Foosball Table, Soccer with Foosball Table Set, Includes 4 Balls and 4 Cup Holders","sports-transport","1","5","4","blocked_pending","Not requested after Best Buy edge denied further access."
"bbca-17718061","Costway 4-in-1 Combo Game Table 49"" Foosball with Pool Billiards Air Hockey Table Tennis","sports-transport","1","5","4","blocked_pending","Not requested after Best Buy edge denied further access."
"bbca-20064197","Costway 54 Inch Full Size Foosball Table, Arcade Table Soccer with 2 Balls, 22 Players","sports-transport","1","5","4","blocked_pending","Not requested after Best Buy edge denied further access."
"bbca-19411462","VEVOR 3-in-1 Combo Game Table Set,54"" Air Hockey Table, Multi Combination Table with Air Hockey, Ping Pong,Foosball,Pushers & Pucks, Air Powered Arcade Hockey Table for Family Game","sports-transport","1","5","4","blocked_pending","Not requested after Best Buy edge denied further access."
"bbca-19637514","Costway 4 in 1 Multi Game Table with Stackable Tabletops of Billiards, Air Hockey, Foosball Natural","sports-transport","1","5","4","blocked_pending","Not requested after Best Buy edge denied further access."
"bbca-19843208","36-Inch 2-in-1 Multi Game Table, Mini Pool and Basketball Arcade Combo with Accessories, Compact Space-Saving Indoor Game Table for Kids, Family Game Room, Playroom","sports-transport","1","5","4","blocked_pending","Not requested after Best Buy edge denied further access."
"bbca-10492583","Hathaway 54-inch Foosball Table - Woodtone/Black","sports-transport","1","5","4","blocked_pending","Not requested after Best Buy edge denied further access."
"bbca-20064156","Costway 4ft x 2ft Folding Foosball Table with 2 Balls & Slide Scorers, 22 Players, Indoor Black, Natural","sports-transport","1","5","4","blocked_pending","Not requested after Best Buy edge denied further access."
"bbca-17864156","48'' Competition Sized Foosball Table - Arcade Table Soccer for Home & Game Room with 2 Balls","sports-transport","1","5","4","blocked_pending","Not requested after Best Buy edge denied further access."
"bbca-M2235837","Child's Play (Limited Edition) (SteelBook) (4K Ultra HD) (Blu-ray Combo) (1988)","movies-music","1","5","4","blocked_pending","Not requested after Best Buy edge denied further access."
"bbca-M2235863","Supergirl (English) (Limited Edition) (4K Ultra HD) (Blu-ray Combo) (SteelBook)","movies-music","1","5","4","blocked_pending","Not requested after Best Buy edge denied further access."
"bbca-M2235859","Evil Dead Burn (English) (Limited Edition) (Steelbook) (4K Ultra HD) (Blu-ray Combo)","movies-music","1","5","4","blocked_pending","Not requested after Best Buy edge denied further access."
"bbca-18928578","Out Of The Blue - Blu-ray","movies-music","1","5","4","blocked_pending","Not requested after Best Buy edge denied further access."
"bbca-19994784","The Mauritanian (Blu-ray)","movies-music","1","5","4","blocked_pending","Not requested after Best Buy edge denied further access."
"bbca-M2235864","Interview with the Vampire (English) (Steelbook) (4K Ultra HD) (Blu-ray Combo) (1994)","movies-music","1","5","4","blocked_pending","Not requested after Best Buy edge denied further access."
"bbca-19999009","Apollo 11 (Blu-ray)","movies-music","1","5","4","blocked_pending","Not requested after Best Buy edge denied further access."
"bbca-M2235850","Disclosure Day (Limited Edition) (SteelBook) (English) (4K Ultra HD) (Blu-ray Combo) (2026)","movies-music","1","5","4","blocked_pending","Not requested after Best Buy edge denied further access."
"bbca-M2235867","An American Werewolf in London (SteelBook) (English) (4K Ultra HD) (Blu-ray Combo) (1981)","movies-music","1","5","4","blocked_pending","Not requested after Best Buy edge denied further access."
"bbca-M2235860","Boy And The Beast (English) (Limited Edition) (SteelBook) (4K Ultra HD) (Blu-ray Combo) (2015)","movies-music","1","5","4","blocked_pending","Not requested after Best Buy edge denied further access."
"bbca-19994766","Incarnate (Blu-ray)","movies-music","1","5","4","blocked_pending","Not requested after Best Buy edge denied further access."
"bbca-19999007","Midway (Blu-ray) (2019)","movies-music","1","5","4","blocked_pending","Not requested after Best Buy edge denied further access."
"bbca-M2235862","City On Fire (English) (Limited Edition) (SteelBook) (4K Ultra HD) (Blu-ray Combo) (1987)","movies-music","1","5","4","blocked_pending","Not requested after Best Buy edge denied further access."
"bbca-19611565","DEATH OF A UNICORN [Blu-ray]","movies-music","1","5","4","blocked_pending","Not requested after Best Buy edge denied further access."
"bbca-15589380","Meet the Parents/Meet the Fockers/Little Fockers - 3 - Movie Laugh Pack - [DVD]","movies-music","1","5","4","blocked_pending","Not requested after Best Buy edge denied further access."
"bbca-19208567","THE DEVIL'S OFFERING - [DVD]","movies-music","1","5","4","blocked_pending","Not requested after Best Buy edge denied further access."
"bbca-18928451","Deerskin - DVD","movies-music","1","5","4","blocked_pending","Not requested after Best Buy edge denied further access."
"bbca-18390919","Clint Eastwood: The Universal Pictures 7-Movie Collection [DVD]","movies-music","1","5","4","blocked_pending","Not requested after Best Buy edge denied further access."
"bbca-18602897","THE DIVE - [DVD]","movies-music","1","5","4","blocked_pending","Not requested after Best Buy edge denied further access."
"bbca-19221517","Gran Torino - [DVD]","movies-music","1","5","4","blocked_pending","Not requested after Best Buy edge denied further access."
"bbca-20148331","Minions 3-Movie Collection [DVD]","movies-music","1","5","4","blocked_pending","Not requested after Best Buy edge denied further access."
"bbca-18209843","Glass (4K Ultra HD + Blu-ray) [UHD]","movies-music","1","5","4","blocked_pending","Not requested after Best Buy edge denied further access."
"bbca-18197951","Doom (4K Ultra HD + Blu-ray) [UHD]","movies-music","1","5","4","blocked_pending","Not requested after Best Buy edge denied further access."
"bbca-19276023","Planet Earth II/Blue Planet II (4K Ultra HD + Blu-ray) [UHD]","movies-music","1","5","4","blocked_pending","Not requested after Best Buy edge denied further access."
"bbca-17856944","Oppenheimer [SteelBook] [4k Ultra HD Blu-ray/Blu-ray]","movies-music","1","5","4","blocked_pending","Not requested after Best Buy edge denied further access."
"bbca-18209450","M3GAN (4K Ultra HD + Blu-ray) [UHD]","movies-music","1","5","4","blocked_pending","Not requested after Best Buy edge denied further access."
"bbca-18481313","Oblivion (4K Ultra HD + Blu-ray) [UHD]","movies-music","1","5","4","blocked_pending","Not requested after Best Buy edge denied further access."
"bbca-16447124","Spider-Man: No Way Home [SteelBook] [4K Ultra HD Blu-ray/Blu-ray]","movies-music","1","5","4","blocked_pending","Not requested after Best Buy edge denied further access."
"bbca-18196317","Gilmore Girls: The Complete Series (Box Set) [DVD]","movies-music","1","5","4","blocked_pending","Not requested after Best Buy edge denied further access."
"bbca-19886058","Gotham:The Complete Series [DVD]","movies-music","1","5","4","blocked_pending","Not requested after Best Buy edge denied further access."
"bbca-18471883","Columbo: The Complete Series [DVD]","movies-music","1","5","4","blocked_pending","Not requested after Best Buy edge denied further access."
"bbca-19886069","Covert Affairs: The Complete Series [DVD]","movies-music","1","5","4","blocked_pending","Not requested after Best Buy edge denied further access."
"bbca-18210691","The Vampire Diaries: The Complete Series (Box Set) [DVD]","movies-music","1","5","4","blocked_pending","Not requested after Best Buy edge denied further access."
"bbca-18471550","Letterkenny: The Complete Series [DVD]","movies-music","1","5","4","blocked_pending","Not requested after Best Buy edge denied further access."
"bbca-19886060","C.H.I.P.S.: The Complete Series [DVD]","movies-music","1","5","4","blocked_pending","Not requested after Best Buy edge denied further access."
"bbca-20148327","The Sopranos: The Complete Series [DVD]","movies-music","1","5","4","blocked_pending","Not requested after Best Buy edge denied further access."
"bbca-20148320","The O.C.: The Complete Series - Repackaged [DVD]","movies-music","1","5","4","blocked_pending","Not requested after Best Buy edge denied further access."
"bbca-18208488","Scooby-Doo, Where Are You!: The Complete Series (Box Set) [DVD]","movies-music","1","5","4","blocked_pending","Not requested after Best Buy edge denied further access."
"bbca-18469380","Warehouse 13: The Complete Series [DVD]","movies-music","1","5","4","blocked_pending","Not requested after Best Buy edge denied further access."
"bbca-19801054","Resident Alien: Complete Series [DVD]","movies-music","1","5","4","blocked_pending","Not requested after Best Buy edge denied further access."
"bbca-19767436","And Just Like That...: The Complete Series [DVD]","movies-music","1","5","4","blocked_pending","Not requested after Best Buy edge denied further access."
"bbca-20115976","Perfect Strangers: The Complete Series Collection [DVD]","movies-music","1","5","4","blocked_pending","Not requested after Best Buy edge denied further access."
"bbca-M2235866","Van Helsing (English) (Limited Edition) (SteelBook) (4K Ultra HD) (2004)","movies-music","1","5","4","blocked_pending","Not requested after Best Buy edge denied further access."
"bbca-19840498","Back to the Future Trilogy Gift Set [Steelbook] [4K UHD + Blu-ray]","movies-music","1","5","4","blocked_pending","Not requested after Best Buy edge denied further access."
"bbca-M2235843","Steven Spielberg: The Spotlight Collection (Limited Edition) (Steelbook) (4K Ultra HD) (Blu-ray Combo)","movies-music","1","5","4","blocked_pending","Not requested after Best Buy edge denied further access."
"bbca-19936336","Le Sserafim - 2nd Studio Album 'PUREFLOW' pt.1 [Electric Yellow Glitter ver.] - (Colored , Yellow, Photo / Photo Card, Poster, Glitter) - [Vinyl]","movies-music","1","5","4","blocked_pending","Not requested after Best Buy edge denied further access."
"bbca-19417766","Blue Oyster Cult - Spectres - 180-Gram Black Vinyl [VINYL LP]","movies-music","1","5","4","blocked_pending","Not requested after Best Buy edge denied further access."
"bbca-19650573","Label:Groove Merchant – GM 4402, Groove Merchant – GM-4402Series:Groove GiantsFormat:2 x Vinyl, LP, Album, Compilation","movies-music","1","5","4","blocked_pending","Not requested after Best Buy edge denied further access."
"bbca-19603459","Nick Cave - Mars (Original Soundtrack) [VINYL LP]","movies-music","1","5","4","blocked_pending","Not requested after Best Buy edge denied further access."
"bbca-19649689","Men I Trust – Untourable Album - VINYL - Unidisc Music","movies-music","1","5","4","blocked_pending","Not requested after Best Buy edge denied further access."
"bbca-19210244","The Beatles - 1964 Us Albums (In Mono) - (Oversize Item Split) - [Vinyl]","movies-music","1","5","4","blocked_pending","Not requested after Best Buy edge denied further access."
"bbca-19303236","The Cure - Seventeen Seconds [Import] - (180 Gram Vinyl) - [Vinyl]","movies-music","1","5","4","blocked_pending","Not requested after Best Buy edge denied further access."
"bbca-19646974","BUDDY RICH - The Last Blues Album Vol. 1 (Florescent Clear Pink Vinyl 160g) - VINYL - Unidisc Music","movies-music","1","5","4","blocked_pending","Not requested after Best Buy edge denied further access."
"bbca-19636933","A SPECIAL PRELUDE ALBUM - Various Prelude Artists (Crystal Clear Rose Vinyl 160g) VINYL - Unidisc Music","movies-music","1","5","4","blocked_pending","Not requested after Best Buy edge denied further access."
"bbca-20172619","Boz Scaggs - Slow Dancer - Limited 180-Gram Yellow Colored - [Vinyl]","movies-music","1","5","4","blocked_pending","Not requested after Best Buy edge denied further access."
"bbca-19653982","Mudvayne - Lost & Found - Gatefold 180-Gram Black Vinyl [VINYL LP]","movies-music","1","5","4","blocked_pending","Not requested after Best Buy edge denied further access."
"bbca-19171235","Spacehog - The Chinese Album - (Colored Vinyl, Pink) - [Vinyl]","movies-music","1","5","4","blocked_pending","Not requested after Best Buy edge denied further access."
"bbca-20142685","Various Artists - AVICII: The Iconic Joia Records Remixes (Various Artists) - (Colored , 180 Gram , Limited Edition) - [Vinyl]","movies-music","1","5","4","blocked_pending","Not requested after Best Buy edge denied further access."
"bbca-20180472","Bluegrass Album - The Bluegrass Album (HighTone Records Series) - [Vinyl]","movies-music","1","5","4","blocked_pending","Not requested after Best Buy edge denied further access."
"bbca-20180447","Jason Aldean - Jason Aldean - [Vinyl]","movies-music","1","5","4","blocked_pending","Not requested after Best Buy edge denied further access."
"bbca-19853611","Hooverphonic - The Night Before - (180 Gram ) - [Vinyl]","movies-music","1","5","4","blocked_pending","Not requested after Best Buy edge denied further access."
"bbca-18603748","The Beatles - The Beatles 1967 – 1970 (Blue Album / Blue 3LP) - [Vinyl]","movies-music","1","5","4","blocked_pending","Not requested after Best Buy edge denied further access."
"bbca-17474061","Muddy Waters - The Muddy Waters Woodstock Album - [Vinyl]","movies-music","1","5","4","blocked_pending","Not requested after Best Buy edge denied further access."
"bbca-19912949","Armin Van Buuren - Piano - (Armin Van Buuren) - [Vinyl]","movies-music","1","5","4","blocked_pending","Not requested after Best Buy edge denied further access."
"bbca-19482493","Rufus Wainwright - Want One - 180-Gram Black Vinyl [Import] - (180 Gram Vinyl, Black, Holland - Import) - [Vinyl]","movies-music","1","5","4","blocked_pending","Not requested after Best Buy edge denied further access."
"bbca-20142377","Nina Simone - Sings The Blues - 140-Gram Black - [Vinyl]","movies-music","1","5","4","blocked_pending","Not requested after Best Buy edge denied further access."
"bbca-17470640","Abba - THE ALBUMS - [Vinyl]","movies-music","1","5","4","blocked_pending","Not requested after Best Buy edge denied further access."
"bbca-20142741","The Highwaymen - Highwayman - 140-Gram Black - [Vinyl]","movies-music","1","5","4","blocked_pending","Not requested after Best Buy edge denied further access."
"bbca-17468489","Monty Python - Album Of The Soundtrack - Limited Picture Disc [Import] - (Limited Edition, Picture Disc Vinyl, Canada - Import) - [Vinyl]","movies-music","1","5","4","blocked_pending","Not requested after Best Buy edge denied further access."
"bbca-19942912","Dead or Alive - Youthquake - 180-Gram Black - [Vinyl]","movies-music","1","5","4","blocked_pending","Not requested after Best Buy edge denied further access."
"bbca-19890590","Bernard Herrmann - Psycho (Original Soundtrack) - Ltd 180gm Ultra Clear - [Vinyl]","movies-music","1","5","4","blocked_pending","Not requested after Best Buy edge denied further access."
"bbca-19812089","Nick Cave - Lawless (Original Soundtrack) - (Colored , 180 Gram , Limited Edition) - [Vinyl]","movies-music","1","5","4","blocked_pending","Not requested after Best Buy edge denied further access."
"bbca-20119728","Soda Stereo - Sueno Stereo - Limited Gatefold 180-Gram Crystal Clear - [Vinyl]","movies-music","1","5","4","blocked_pending","Not requested after Best Buy edge denied further access."
"bbca-20180438","Maelle - Lili - [Vinyl]","movies-music","1","5","4","blocked_pending","Not requested after Best Buy edge denied further access."
"bbca-20151699","Dave Brubeck - Original Album Classics - [CD]","movies-music","1","5","4","blocked_pending","Not requested after Best Buy edge denied further access."
"bbca-19467647","Jackson Browne - STONY BROOK - [CD]","movies-music","1","5","4","blocked_pending","Not requested after Best Buy edge denied further access."
"bbca-19302433","Taylor Swift - Lover (Deluxe Album Version 3) - [CD]","movies-music","1","5","4","blocked_pending","Not requested after Best Buy edge denied further access."
"bbca-15094137","Wrong [Audio CD] We Are Wolves","movies-music","1","5","4","blocked_pending","Not requested after Best Buy edge denied further access."
"bbca-19498479","Little Feat - The Last Record Album - (Deluxe Edition) - [CD]","movies-music","1","5","4","blocked_pending","Not requested after Best Buy edge denied further access."
"bbca-19455508","Taylor Swift - Red - [CD]","movies-music","1","5","4","blocked_pending","Not requested after Best Buy edge denied further access."
"bbca-19329200","Molly Hatchet - Original Album Classic - [CD]","movies-music","1","5","4","blocked_pending","Not requested after Best Buy edge denied further access."
"bbca-19460137","Simpson, Jessica - Re - Joyce - The Christmas Album - [CD]","movies-music","1","5","4","blocked_pending","Not requested after Best Buy edge denied further access."
"bbca-20063897","Madonna - Confessions II - (Poster, Digipack Packaging) - [CD]","movies-music","1","5","4","blocked_pending","Not requested after Best Buy edge denied further access."
"bbca-19494195","Fleetwood Mac - Fleetwood Mac - (Remastered) - [CD]","movies-music","1","5","4","blocked_pending","Not requested after Best Buy edge denied further access."
"bbca-20063259","Midnight Star - Beginning - [CD]","movies-music","1","5","4","blocked_pending","Not requested after Best Buy edge denied further access."
"bbca-20064536","Aaron Watson - Cover Girl - [CD]","movies-music","1","5","4","blocked_pending","Not requested after Best Buy edge denied further access."
"bbca-20063887","Joseph Habedank - The Worship Album - [CD]","movies-music","1","5","4","blocked_pending","Not requested after Best Buy edge denied further access."
"bbca-19606239","Various Artists - Kiss Of The Spider Woman (Original Soundtrack) - [CD]","movies-music","1","5","4","blocked_pending","Not requested after Best Buy edge denied further access."
"bbca-16455454","Donner DEP-20 Portable 88 Key Weighted Digital Piano with Furniture Stand & 3 Pedal","musical-instruments","1","5","4","blocked_pending","Not requested after Best Buy edge denied further access."
"bbca-19990298","Costway 88-Key Digital Piano Semi-Weighted Keyboard with 3 Pedal Unit & 80 Demos Natural","musical-instruments","1","5","4","blocked_pending","Not requested after Best Buy edge denied further access."
"bbca-18618196","Donner DEP-16 Portable 88 Key Weighted Digital Piano","musical-instruments","1","5","4","blocked_pending","Not requested after Best Buy edge denied further access."
"bbca-19384494","Donner DEP-1S 88 Key Velocity-Sensitive Digital Piano With Stand Wooden Style Keyboard","musical-instruments","1","5","4","blocked_pending","Not requested after Best Buy edge denied further access."
"bbca-17167331","Donner DDP-60 88-Key Semi-Weighted Wooden Upright Digital Piano with 3-Pedal for Beginner","musical-instruments","1","5","4","blocked_pending","Not requested after Best Buy edge denied further access."
"bbca-20135426","Roland FP-40 88-Key Digital Piano with Piano Sphere - Black","musical-instruments","1","5","4","blocked_pending","Not requested after Best Buy edge denied further access."
"bbca-19610231","Donner OURA™ S100 Home Digital Piano White","musical-instruments","1","5","4","blocked_pending","Not requested after Best Buy edge denied further access."
"bbca-16981384","Casio CDP-S160CS 88-Key Digital Piano with Stand","musical-instruments","1","5","4","blocked_pending","Not requested after Best Buy edge denied further access."
"bbca-19491240","Donner DEP-08 Velocity-Sensitive Digital Piano","musical-instruments","1","5","4","blocked_pending","Not requested after Best Buy edge denied further access."
"bbca-18618323","Donner DEP-16 Weighted Digital Piano Black","musical-instruments","1","5","4","blocked_pending","Not requested after Best Buy edge denied further access."
"bbca-20118876","Donner DEP-1S 88 Key Beginner Digital Piano Kit Antique Brown","musical-instruments","1","5","4","blocked_pending","Not requested after Best Buy edge denied further access."
"bbca-17552134","Behringer 2600 GRAY MEANIE Special Edition Semi-Modular Analog Synthesizer","musical-instruments","1","5","4","blocked_pending","Not requested after Best Buy edge denied further access."
"bbca-19206882","Behringer Wave Legendary 8-Voice Multi-Timbral Hybrid Synthesizer","musical-instruments","1","5","4","blocked_pending","Not requested after Best Buy edge denied further access."
"bbca-19206869","Behringer TD-3-MO-BK ''Modded Out'' Analog Bass Line Synthesizer","musical-instruments","1","5","4","blocked_pending","Not requested after Best Buy edge denied further access."
"bbca-13952327","Sequential Prophet Rev2 16-Voice Polyphonic Analog Synthesizer","musical-instruments","1","5","4","blocked_pending","Not requested after Best Buy edge denied further access."
"bbca-19722991","Korg phase8 8-Voice Acoustic Synthesizer","musical-instruments","1","5","4","blocked_pending","Not requested after Best Buy edge denied further access."
"bbca-19350745","Sequential Trigon-6 Six-Voice Analog Poly Synthesizer","musical-instruments","1","5","4","blocked_pending","Not requested after Best Buy edge denied further access."
"bbca-19806334","Sequential Prophet Rev2 Desktop 8-Voice Polyphonic Analog Synthesizer Module","musical-instruments","1","5","4","blocked_pending","Not requested after Best Buy edge denied further access."
"bbca-13952334","Sequential Prophet Rev2-08 8-Voice Analogue Polyphonic Analog Synthesizer","musical-instruments","1","5","4","blocked_pending","Not requested after Best Buy edge denied further access."
"bbca-20013185","Otamatone Electronic Musical Instrument Portable Music Synthesizer Award Winning Fun Gift for Children Teens Adults","musical-instruments","1","5","4","blocked_pending","Not requested after Best Buy edge denied further access."
"bbca-19875765","Behringer Classic 4-Channel Analog Drum Synthesizer","musical-instruments","1","5","4","blocked_pending","Not requested after Best Buy edge denied further access."
"bbca-19934492","Behringer MS-1 MK II Analog Synthesizer with 32 Full-Size Keys - Grey","musical-instruments","1","5","4","blocked_pending","Not requested after Best Buy edge denied further access."
"bbca-19796189","Sequential Take 5 Compact Five-Voice Analog Poly Synthesizer","musical-instruments","1","5","4","blocked_pending","Not requested after Best Buy edge denied further access."
"bbca-10449542","Yamaha FG800 Acoustic Guitar - Matte Natural","musical-instruments","1","5","4","blocked_pending","Not requested after Best Buy edge denied further access."
"bbca-10263283","Epiphone Les Paul Special II Electric Guitar (ENJRVSCH1) - Vintage Sunburst - Only at Best Buy","musical-instruments","1","5","4","blocked_pending","Not requested after Best Buy edge denied further access."
"bbca-18170092","Yamaha Electric Guitar Pack (ERG121GPII) - Black","musical-instruments","1","5","4","blocked_pending","Not requested after Best Buy edge denied further access."
"bbca-19840603","Costway 39"" Electric Guitar Beginner Kit with Amplifier, Classic SSS Pickup, Gig Bag, Capo Blue, Black","musical-instruments","1","5","4","blocked_pending","Not requested after Best Buy edge denied further access."
"bbca-19765207","VEVOR 36 Inch Classical Guitar, Wood Classical Guitar Starter Kit for Beginners, with Nylon Strings, Gig Bag, Strap, Tuner, Extra Strings, Picks, Capo, Sapele & Rosewood, Natural","musical-instruments","1","5","4","blocked_pending","Not requested after Best Buy edge denied further access."
"bbca-19330056","Donner DST-80 Electric Guitar Beginner Kit with Amp Black","musical-instruments","1","5","4","blocked_pending","Not requested after Best Buy edge denied further access."
"bbca-19841929","Yamaha FS800J Concert Style Acoustic Guitar - Natural","musical-instruments","1","5","4","blocked_pending","Not requested after Best Buy edge denied further access."
"bbca-10429497","Yamaha FS830 Concert-Style Acoustic Guitar - Natural","musical-instruments","1","5","4","blocked_pending","Not requested after Best Buy edge denied further access."
"bbca-18394035","Yamaha FG800J Spruce Top Acoustic Guitar - Black","musical-instruments","1","5","4","blocked_pending","Not requested after Best Buy edge denied further access."
"bbca-18658490","Vox amPlug 2 Bass Guitar Headphone Amplifier","musical-instruments","1","5","4","blocked_pending","Not requested after Best Buy edge denied further access."
"bbca-14881299","Joyo 10W Portable Electric Guitar Combo Amp (MA-10E)","musical-instruments","1","5","4","blocked_pending","Not requested after Best Buy edge denied further access."
"bbca-15914900","LyxPro 40 Watt Electric Guitar Amplifier | Combo Solid State Studio & Stage Amp with 8” 4-Ohm Speaker, Custom EQ Controls, Drive, Delay, ¼” Passive/Active/Microphone Inputs, Aux In & Headphone Jack","musical-instruments","1","5","4","blocked_pending","Not requested after Best Buy edge denied further access."
"bbca-16658476","LyxPro 60 Watt Electric Guitar Amplifier with Built-in Speaker - Mahogany","musical-instruments","1","5","4","blocked_pending","Not requested after Best Buy edge denied further access."
"bbca-19804744","Marshall MG30GFX 30-watt, 4-channel 1x10"" Guitar Combo Amplifier with 3-band EQ, Digital Effects/Reverb, Line In","musical-instruments","1","5","4","blocked_pending","Not requested after Best Buy edge denied further access."
"bbca-19804746","Marshall MG15GFX 15-watt, 4-channel 1x8"" Guitar Combo Amplifier with 3-band EQ, Digital Effects/Reverb, Line In","musical-instruments","1","5","4","blocked_pending","Not requested after Best Buy edge denied further access."
"bbca-15914897","LyxPro 60 Watt Electric Guitar Amplifier | Combo Solid State Studio & Stage Amp with 10” 4-Ohm Speaker, Custom EQ Controls, Drive, Delay, ¼” Passive/Active/Mic Inputs, Aux in & Headphone Jack - Blue","musical-instruments","1","5","4","blocked_pending","Not requested after Best Buy edge denied further access."
"bbca-15914905","LyxPro 60 Watt Electric Guitar Amplifier | Combo Solid State Studio & Stage Amp with 10” 4-Ohm Speaker, Custom EQ Controls, Drive, Delay, ¼” Passive/Active/Microphone Inputs, Aux In & Headphone Jack","musical-instruments","1","5","4","blocked_pending","Not requested after Best Buy edge denied further access."
"bbca-19501320","Gymax Electric Drum Set Foldable Drum Kit w/ 7'' Mesh Drum Pads 9.5'' Cymbals 10 Demos Black","musical-instruments","1","5","4","blocked_pending","Not requested after Best Buy edge denied further access."
"bbca-16695122","Roland V-Drum Electronic Drum Kit (TD-02KV)","musical-instruments","1","5","4","blocked_pending","Not requested after Best Buy edge denied further access."
"bbca-19496679","Roland TD316 V-Drums Electronic Drum Kit with Rack","musical-instruments","1","5","4","blocked_pending","Not requested after Best Buy edge denied further access."
"bbca-17809980","Alesis Nitro Max 8-Piece Electronic Drum Kit with Mesh Heads and Bluetooth","musical-instruments","1","5","4","blocked_pending","Not requested after Best Buy edge denied further access."
"bbca-17049573","Donner DED-80 Electronic Drum Kit For Beginners with Headphones/Drum Throne","musical-instruments","1","5","4","blocked_pending","Not requested after Best Buy edge denied further access."
"bbca-13028100","Yamaha DTX452K Digital Drum Kit - Black","musical-instruments","1","5","4","blocked_pending","Not requested after Best Buy edge denied further access."
"bbca-19497744","Roland TD516 V-Drums Electronic Drum Kit with Rack","musical-instruments","1","5","4","blocked_pending","Not requested after Best Buy edge denied further access."
"bbca-19491291","Donner DED-70 Electronic Drum Kit for Beginner","musical-instruments","1","5","4","blocked_pending","Not requested after Best Buy edge denied further access."
"bbca-19496680","Roland VAD316 V-Drums Acoustic Design Electronic Drum Kit","musical-instruments","1","5","4","blocked_pending","Not requested after Best Buy edge denied further access."
"bbca-19363455","VEVOR 5-Piece Adult Drum Set, 22 inches Complete Full Size Drum Kit with Bass Toms Snare Floor Drum Adjustable Throne Stands Cymbal Hi-Hat Pedal and Drumsticks, Black","musical-instruments","1","5","4","blocked_pending","Not requested after Best Buy edge denied further access."
"bbca-19303793","VEVOR 5-Piece Adult Drum Set, 22 inches Full Size Drum Kit with Bass Toms Snare Floor Drum Adjustable Throne Stands Cymbal Hi-Hat Pedal and Drumsticks, Beginner Drum Kit, Silver","musical-instruments","1","5","4","blocked_pending","Not requested after Best Buy edge denied further access."
"bbca-18469583","7-Piece Electric Drum Set, Compact Drum Kit with 20 Preset Kits, 20 Demo Songs for Beginners","musical-instruments","1","5","4","blocked_pending","Not requested after Best Buy edge denied further access."
"bbca-19493365","HOMCOM 4/4 Full Size Violin Kit, Wood Acoustic Violin Set for Beginners, Adults, Students, Musical Instrument Fiddle Kit with Hard Case, Bow, Rosin, Bridge and Shoulder Rest, Black","musical-instruments","4","5","1","verified_multiple","4 suitable source photographs have been verified; five distinct exact-product images are required."
"bbca-19418288","VEVOR 1/2 Size Violin for Adults, Violin Fiddle Set for Beginners Student with Hard Case, Rosin, Bow, Shoulder Rest,Bridge,Tuner and Extra Strings,Solidwood Instruments (Brown)","musical-instruments","1","5","4","blocked_pending","Not requested after Best Buy edge denied further access."
"bbca-19418287","VEVOR 4/4 Full Size Violin for Adults, Violin Fiddle Set for Beginners Student with Hard Case,Rosin, Bow,Shoulder Rest,Bridge,Extra Strings,Solidwood Instrument (Glossy Brown)","musical-instruments","1","5","4","blocked_pending","Not requested after Best Buy edge denied further access."
"bbca-19418285","VEVOR 4/4 Full Size Violin for Adults, Violin Fiddle Set for Beginners with Hard Case, Rosin, Bow, Shoulder Rest, Bridge, Tuner and Extra Strings, Instruments for Student (Brown)","musical-instruments","1","5","4","blocked_pending","Not requested after Best Buy edge denied further access."
"bbca-20112514","HOMCOM 4/4 Full Size Violin Kit, Wood Acoustic Violin Set for Beginners, Adults, Students, Musical Instrument Fiddle Outfit with Bow, Hard Case, Bridge and Shoulder Rest, Brown","musical-instruments","4","5","1","verified_multiple","4 suitable source photographs have been verified; five distinct exact-product images are required."
"bbca-17862440","Solid Wood Violin Stringed Instrument - Student Grade Violin with Accessory Kit Included","musical-instruments","1","5","4","blocked_pending","Not requested after Best Buy edge denied further access."
"bbca-19418291","VEVOR 3/4 Size Violin for Adults, Violin Fiddle Set for Beginners Student with Hard Case, Rosin, Bow, Shoulder Rest,Bridge,Tuner and Extra Strings,Solidwood Instruments (Brown)","musical-instruments","1","5","4","blocked_pending","Not requested after Best Buy edge denied further access."
"bbca-15652739","Stentor Student Standard Violin Outfit 4/4 solid tonewoods, w/ebonized fittings","musical-instruments","1","5","4","blocked_pending","Not requested after Best Buy edge denied further access."
"bbca-19418284","VEVOR 1/4 Size Violin for Adults, Violin Fiddle Set for Beginners Student with Hard Case, Rosin, Bow, Shoulder Rest,Bridge,Tuner and Extra Strings,Solidwood Instruments (Brown)","musical-instruments","1","5","4","blocked_pending","Not requested after Best Buy edge denied further access."
"bbca-19418292","VEVOR 4/4 Full Size Violin for Adults, Violin Fiddle Set for Beginners with Hard Case, Rosin, Bow, Shoulder Rest, Bridge, Tuner and Extra Strings, Solidwood Instruments (Black)","musical-instruments","1","5","4","blocked_pending","Not requested after Best Buy edge denied further access."
"bbca-19418311","VEVOR 4/4 Full Size Violin Case, Built-in Hygrometer, Lightweight Portable Travel Carrying Bag, with Plush Lining, Shoulder Straps, Anti-Scratch, Professional Oblong Shape, Black","musical-instruments","1","5","4","blocked_pending","Not requested after Best Buy edge denied further access."
"bbca-19429788","Blue Ember XLR condenser Microphone for Studio, Recording, Podcast, Streaming Mic (988-000379)","musical-instruments","1","5","4","blocked_pending","Not requested after Best Buy edge denied further access."
"bbca-16981108","RODE NT1 5th Generation Studio Condenser Microphone - Black","musical-instruments","1","5","4","blocked_pending","Not requested after Best Buy edge denied further access."
"bbca-16981588","Lewitt LCT 440 Pure Puristic 1'' Studio Condenser Microphone","musical-instruments","1","5","4","blocked_pending","Not requested after Best Buy edge denied further access."
"bbca-17533991","RODE NT1 Signature Series Studio Condenser Microphone - Black","musical-instruments","1","5","4","blocked_pending","Not requested after Best Buy edge denied further access."
"bbca-19787551","FIFINE CS1 Microphone Boom Arm Stand for Studio Vocal Recording, Podcasting","musical-instruments","1","5","4","blocked_pending","Not requested after Best Buy edge denied further access."
"bbca-17760239","Audio-Technica AT2041SP Studio Microphone Pack","musical-instruments","1","5","4","blocked_pending","Not requested after Best Buy edge denied further access."
"bbca-13985711","On-Stage Shock Mount for Studio Mics (55 mm-60 mm)","musical-instruments","1","5","4","blocked_pending","Not requested after Best Buy edge denied further access."
"bbca-19323085","Professional recording studio audio set external microphone sound card with tuning equipment Black Silver","musical-instruments","1","5","4","blocked_pending","Not requested after Best Buy edge denied further access."
"bbca-19653913","FIFINE BM88 Low Profile Adjustable Stick Microphone Boom Arm Stand for Podcast Streaming Gaming Studio","musical-instruments","1","5","4","blocked_pending","Not requested after Best Buy edge denied further access."
"bbca-15175584","LyxPro SMT-1 Professional Microphone Stand Heavy Duty 93 Studio Overhead Boom Stand 76 Extra Long Telescoping Arm Mount, Foldable Tripod Legs & Adjustable Counterweight","musical-instruments","1","5","4","blocked_pending","Not requested after Best Buy edge denied further access."
"bbca-19914445","Blue Microphones Kiwi Condenser Microphone (988-000162)","musical-instruments","1","5","4","blocked_pending","Not requested after Best Buy edge denied further access."
"bbca-13961559","Antelope Audio Edge Duo Condenser Modeling Microphone","musical-instruments","1","5","4","blocked_pending","Not requested after Best Buy edge denied further access."
"bbca-10462930","Behringer U-Phoria UM2 USB Audio Interface","musical-instruments","1","5","4","blocked_pending","Not requested after Best Buy edge denied further access."
"bbca-17552117","Universal Audio Volt 1 USB Audio Interface","musical-instruments","1","5","4","blocked_pending","Not requested after Best Buy edge denied further access."
"bbca-16486388","Universal Audio Volt 4 USB Interface","musical-instruments","1","5","4","blocked_pending","Not requested after Best Buy edge denied further access."
"bbca-19433550","Maono PS22 Lite USB Audio Interface For PC","musical-instruments","1","5","4","blocked_pending","Not requested after Best Buy edge denied further access."
"bbca-15739260","iRig Stream Solo Streaming Audio Interface","musical-instruments","1","5","4","blocked_pending","Not requested after Best Buy edge denied further access."
"bbca-14547932","RME Babyface Pro FS 24-Channel USB Audio Interface","musical-instruments","1","5","4","blocked_pending","Not requested after Best Buy edge denied further access."
"bbca-19650446","LEGO Editions: Lionel Messi - Soccer Highlights - 500 Pieces (43011)","toys-education","1","5","4","blocked_pending","Not requested after Best Buy edge denied further access."
"bbca-19979609","LEGO Icons: Road Bike - 1015 Pieces (11380)","toys-education","1","5","4","blocked_pending","Not requested after Best Buy edge denied further access."
"bbca-20094997","LEGO Minifigures Shrek Series - 7 Pieces (71053)","toys-education","1","5","4","blocked_pending","Not requested after Best Buy edge denied further access."
"bbca-19757729","LEGO Editions: Olivia Rodrigo’s Vinyl - 360 Pieces (43028)","toys-education","1","5","4","blocked_pending","Not requested after Best Buy edge denied further access."
"bbca-19650449","LEGO Editions: Scuderia Ferrari HP Lewis Hamilton Helmet - 884 Pieces (43022)","toys-education","1","5","4","blocked_pending","Not requested after Best Buy edge denied further access."
"bbca-19446859","LEGO Iconic: Lucky Cat - 280 Pieces (40813)","toys-education","1","5","4","blocked_pending","Not requested after Best Buy edge denied further access."
"bbca-19448362","LEGO Friends: Heartlake City Convenience Store - 176 Pieces (42680)","toys-education","1","5","4","blocked_pending","Not requested after Best Buy edge denied further access."
"bbca-19336289","LEGO Technic: Ferrari FXX K - 897 Pieces (42212)","toys-education","1","5","4","blocked_pending","Not requested after Best Buy edge denied further access."
"bbca-19336277","LEGO Star Wars: Republic Juggernaut - 813 Pieces (75413)","toys-education","1","5","4","blocked_pending","Not requested after Best Buy edge denied further access."
"bbca-19447430","LEGO City Great Vehicles: The LEGO Van - 276 Pieces (60500)","toys-education","1","5","4","blocked_pending","Not requested after Best Buy edge denied further access."
"bbca-19757759","LEGO Editions: Olivia Rodrigo’s Dual Guitar - 1228 Pieces (43031)","toys-education","1","5","4","blocked_pending","Not requested after Best Buy edge denied further access."
"bbca-19650436","LEGO Pokemon: Pikachu and Poké Ball - 2050 Pieces (72152)","toys-education","1","5","4","blocked_pending","Not requested after Best Buy edge denied further access."
"bbca-19650435","LEGO Editions: Cristiano Ronaldo Soccer Legend - 854 Pieces (43016)","toys-education","1","5","4","blocked_pending","Not requested after Best Buy edge denied further access."
"bbca-19852667","DEERC DE49 RC Cars Remote Control Car, 2.4Ghz 1:18 Scale All-Terrain SUV Monster Trucks with LED Head Lights&Back Tire, 80 Min Play Auto DEMO Mode Matte Off-Road Crawler Toy Gifts","toys-education","1","5","4","blocked_pending","Not requested after Best Buy edge denied further access."
"bbca-14627970","MotionGrey 1:18 Remote Control RC Car High-Speed 35km/h 4WD RC 2.4 Ghz Toy Off Road Monster Truck Buggy All Terrain Red for Adult","toys-education","1","5","4","blocked_pending","Not requested after Best Buy edge denied further access."
"bbca-19595445","DEERC 9006E 1:12 RC Car – 45KM/H 4WD Off-Road Short Course Monster Truck, Waterproof, All-Terrain, 2.4GHz Remote, LED Lights, 2 Rechargeable Batteries & Spare Tire","toys-education","1","5","4","blocked_pending","Not requested after Best Buy edge denied further access."
"bbca-19505109","DEERC 8618 1/16 Fast Brushless RC Cars for Adults, Max 56mph, 2 3S Lipo Batteries Electric Off-Road Waterproof RC Truck,4X4 High Speed Remote Control Car, All Terrain RC Truggy","toys-education","1","5","4","blocked_pending","Not requested after Best Buy edge denied further access."
"bbca-19841504","DEERC Amphibious RC Monster Truck, IPX7 Waterproof Remote Control Car, 2.4GHz 4WD RC Stunt Car W/Gesture Sensing Control, 360° Rotation,Flowing Light, 80mins Play RC Truck Toys","toys-education","1","5","4","blocked_pending","Not requested after Best Buy edge denied further access."
"bbca-17854169","Carrera Yoshi 1:16 Scale RC Racing Kart (050227104531) - Green/White/Blue/Yellow","toys-education","1","5","4","blocked_pending","Not requested after Best Buy edge denied further access."
"bbca-19852668","DEERC RC Drift Car, 4WD 2.4GHz Remote Control Car for Kids W/LED Lights, Car Shell, 2 Rechargeable Batteries, 40mins Playtime, Racing & Drift Wheels, 8 Traffic Cones","toys-education","1","5","4","blocked_pending","Not requested after Best Buy edge denied further access."
"bbca-19736912","RC Drift Car 1/16 2.4G 4WD High-Speed Racing Car with Remote Control","toys-education","1","5","4","blocked_pending","Not requested after Best Buy edge denied further access."
"bbca-17729334","LiteHawk Big Tom 4WD 1/10 Scale RC Car (40034) - Yellow","toys-education","1","5","4","blocked_pending","Not requested after Best Buy edge denied further access."
"bbca-19840425","DEERC 9311E 1/18 All Terrain Fast RC Cars for Adults 40KPH,4WD Electric Off-Road Remote Control Monster Truck,2.4Ghz High Speed Car,Waterproof Monster Truck with 2 Batteries","toys-education","1","5","4","blocked_pending","Not requested after Best Buy edge denied further access."
"bbca-13841570","Costway 12V Kids Ride on Truck Jeep Car RC Remote Control w/ LED Lights Music MP3","toys-education","1","5","4","blocked_pending","Not requested after Best Buy edge denied further access."
"bbca-17399409","Rastar 1:24 Scale RC Car - Mclaren Senna Orange, Remote Control Toy Car, Car Collection for Kids and Adults","toys-education","1","5","4","blocked_pending","Not requested after Best Buy edge denied further access."
"bbca-19490218","Wall Climbing Remote Control Car YX920-5 RED","toys-education","1","5","4","blocked_pending","Not requested after Best Buy edge denied further access."
"bbca-12420201","Azul Board Game","toys-education","1","5","4","blocked_pending","Not requested after Best Buy edge denied further access."
"bbca-19188690","Monopoly Classic Board Game","toys-education","1","5","4","blocked_pending","Not requested after Best Buy edge denied further access."
"bbca-16161448","Board Game Manufacturing, LLC. American Catur 2-4 players, ages 5+, 30-140 minutes","toys-education","1","5","4","blocked_pending","Not requested after Best Buy edge denied further access."
"bbca-10931391","Carcassonne Board Game","toys-education","1","5","4","blocked_pending","Not requested after Best Buy edge denied further access."
"bbca-16500732","FORT Board Game","toys-education","1","5","4","blocked_pending","Not requested after Best Buy edge denied further access."
"bbca-19471273","Days of Wonder Ticket To Ride Board Game - English","toys-education","1","5","4","blocked_pending","Not requested after Best Buy edge denied further access."
"bbca-15372446","Hasbro The Game of Life Board Game","toys-education","1","5","4","blocked_pending","Not requested after Best Buy edge denied further access."
"bbca-18612163","Monopoly: Family Guy Board Game","toys-education","1","5","4","blocked_pending","Not requested after Best Buy edge denied further access."
"bbca-14698935","On Pointe Board Game - English","toys-education","1","5","4","blocked_pending","Not requested after Best Buy edge denied further access."
"bbca-18195059","Hasbro Scrabble Board Game","toys-education","1","5","4","blocked_pending","Not requested after Best Buy edge denied further access."
"bbca-19679685","Stephens by Rola e Costa [Board Game, 1 - 4 Players]","toys-education","1","5","4","blocked_pending","Not requested after Best Buy edge denied further access."
"bbca-20067420","Pokemon Trading Card Games First Partner Illustration Collection—Series 3","toys-education","1","5","4","blocked_pending","Not requested after Best Buy edge denied further access."
"bbca-16589963","Pokemon USA Pokemon Trading Card Game: Sword & Shield (SWSH12) Silver Tempest Booster Pack 10 cards per pack","toys-education","1","5","4","blocked_pending","Not requested after Best Buy edge denied further access."
"bbca-19619758","Pokémon – Trading Card Game: Scarlet & Violet—Prismatic Evolutions Super-Premium Collection","toys-education","1","5","4","blocked_pending","Not requested after Best Buy edge denied further access."
"bbca-19637229","Pokémon Trading Card Game – Random Lot of 50 Mixed Energy Cards for Battle Decks","toys-education","1","5","4","blocked_pending","Not requested after Best Buy edge denied further access."
"bbca-18741212","Pokemon USA Pokemon Trading Card Game: Scarlet & Violet (SV08) Surging Sparks Elite Trainer Box","toys-education","1","5","4","blocked_pending","Not requested after Best Buy edge denied further access."
"bbca-17476155","Pokemon USA Pokemon Trading Card Game: Scarlet & Violet (SV3.5) 151 Ultra Premium Collection (1 Per Customer)","toys-education","1","5","4","blocked_pending","Not requested after Best Buy edge denied further access."
"bbca-16476165","Pokemon Trading Card Game: V Battle Deck - Corviknight V","toys-education","1","5","4","blocked_pending","Not requested after Best Buy edge denied further access."
"bbca-15936813","Pokemon USA Pokemon Trading Card Game: Sword & Shield (SWSH7) Evolving Skies Booster Pack 10 Cards per Pack x1","toys-education","1","5","4","blocked_pending","Not requested after Best Buy edge denied further access."
"bbca-19743285","Pokémon Trading Card Game: Black Bolt White Flare Booster Pack Set (One pack of each)","toys-education","1","5","4","blocked_pending","Not requested after Best Buy edge denied further access."
"bbca-16097328","Pokemon Trading Card Game: Sword & Shield (SWSH8) Fusion Strike Booster Box 36 packs, 10 cards per pack","toys-education","1","5","4","blocked_pending","Not requested after Best Buy edge denied further access."
"bbca-18474053","Pokemon USA Pokemon Trading Card Game: Scarlet & Violet (SV7) Stellar Crown Booster Pack 10 cards per pack","toys-education","1","5","4","blocked_pending","Not requested after Best Buy edge denied further access."
"bbca-19637223","Pokemon Card Lot | 200 Cards | 4 Guaranteed (GX, EX, GX, V, VMAX or Ultra Rare)","toys-education","1","5","4","blocked_pending","Not requested after Best Buy edge denied further access."
"bbca-15718676","Pokemon TCG XY Evolutions Booster Packs (10card per pack)","toys-education","1","5","4","blocked_pending","Not requested after Best Buy edge denied further access."
"bbca-16097321","Pokemon USA Pokemon Trading Card Game: Sword & Shield (SWSH8) Fusion Strike Booster Pack 10 cards per pack","toys-education","1","5","4","blocked_pending","Not requested after Best Buy edge denied further access."
"bbca-19451350","STEM Robotics Science Kits for Kids Age 8-12 8-10, Boy Crafts Robot Building Kit 8-10, STEM Toys for Boys Gifts Age 8 9 10 12 13 14 Year Old","toys-education","1","5","4","blocked_pending","Not requested after Best Buy edge denied further access."
"bbca-19890263","Primo Toys Cubetto+ Robot Playset with 4 Adventure Maps & Logic Pack, STEM Educational Coding Robotics Kit for Children 3+ Years","toys-education","1","5","4","blocked_pending","Not requested after Best Buy edge denied further access."
"bbca-15374531","JitteryGit Robotryx Grindburst| Stem Toys Robot Toys Boys Toys ages 5 6 7 8 9 10 to 11 Building Toys Kids Gifts | Juguetes Para Niños","toys-education","1","5","4","blocked_pending","Not requested after Best Buy edge denied further access."
"bbca-19597758","Sillbird Robot Building Kit with Remote Control for Boys Ages 8-14, STEM Coding Robotics Technic Toy Birthday Creative Gifts for Kids, Buildable 5in1 Models with 488 Pieces","toys-education","1","5","4","blocked_pending","Not requested after Best Buy edge denied further access."
"bbca-19295953","Blue-Bot Coding Robot Toy Classroom Pack with Docking Station & FREE Joyusing V500S 8MP Document Camera, Kids Educational Programming Classroom & Online Teaching Learning Robotics","toys-education","1","5","4","blocked_pending","Not requested after Best Buy edge denied further access."
"bbca-19324795","Modular Robotics Cubelets - STEM Robot Power Block - 30% More Energy, Rechargeable via Micro USB, Personality Swap, Blockly & C Coding | Battery Cubelet","toys-education","1","5","4","blocked_pending","Not requested after Best Buy edge denied further access."
"bbca-13785817","CIC Frilled Lizard Robot","toys-education","1","5","4","blocked_pending","Not requested after Best Buy edge denied further access."
"bbca-19203729","TTS Bee-Bot Coding Toy Robot See & Say Version with 3 Floor Activity Mats Bundle Set, Educational STEM learning Programming Robotics for Kids 3 years and up","toys-education","1","5","4","blocked_pending","Not requested after Best Buy edge denied further access."
"bbca-19203728","Bee-Bot Coding Toy Robot See & Say with Transparent Activity Mat 4x6, Wooden Tunnels Bindle Set, Educational STEM learning programming Robotics for Kids Age 3 years and up","toys-education","1","5","4","blocked_pending","Not requested after Best Buy edge denied further access."
"bbca-19203720","TTS Bee-Bot Coding Toy Robot See & say Version with Human Body Mat, & Wildlife Garden Mat, Educational STEM learning Programming Robotics for Children Age 3+","toys-education","1","5","4","blocked_pending","Not requested after Best Buy edge denied further access."
"bbca-19292046","Voice Control Robot Toy ,STEM Educational Robotics , Dance , Sing , Speak ,Touch Sense,Christmas Gift Toys for 3 4 5 6 7 Year Old kids","toys-education","1","5","4","blocked_pending","Not requested after Best Buy edge denied further access."
"bbca-19203717","TTS Bee-Bot Coding Toy Robot See & Say Version Bundle Kit with Human Body Activity Mat, Educational STEM Teaching Leading Coding Robotics for Children Age 3+","toys-education","1","5","4","blocked_pending","Not requested after Best Buy edge denied further access."
"bbca-19324796","Modular Robotics Blocker Cubelet Robot Blocks - STEM Robot Cube for Home and Classroom Robotics - Ages 4+ Years","toys-education","1","5","4","blocked_pending","Not requested after Best Buy edge denied further access."
"bbca-19856596","Costway Play Kitchen for Kids, Wooden Kitchen Playset with Realistic Lights & Sounds White/Black","toys-education","1","5","4","blocked_pending","Not requested after Best Buy edge denied further access."
"bbca-19596951","Costway Kid's Pretend Play Kitchen Toddler Kitchen Playset with Blackboard","toys-education","1","5","4","blocked_pending","Not requested after Best Buy edge denied further access."
"bbca-17119865","Kitchen Play Set","toys-education","1","5","4","blocked_pending","Not requested after Best Buy edge denied further access."
"bbca-20036319","Qaba Play Kitchen, Kids Kitchen Playset Toy Kitchen with Lights, Sounds, 33 Accessories, Storage, Interactive Playset for Toddler 3-6 Years, Pink","toys-education","1","5","4","blocked_pending","Not requested after Best Buy edge denied further access."
"bbca-19999572","Qaba Play Kitchen for Toddlers, Kids Kitchen Playset with Stove, Sink, Coffee Maker, Ice Maker, Storage, Pretend Play Gift for 3-8 Y, Pink","toys-education","1","5","4","blocked_pending","Not requested after Best Buy edge denied further access."
"bbca-14282899","Toy Chef Pretend Toy Kitchen Bundle - BH18741/40","toys-education","1","5","4","blocked_pending","Not requested after Best Buy edge denied further access."
"bbca-19839935","Stainless Steel Pretend Play Kitchen Set with Play Food for Kids","toys-education","1","5","4","blocked_pending","Not requested after Best Buy edge denied further access."
"bbca-18483031","Qaba Play Kitchen for Kids, Kids Kitchen Playset, Pretend Play Kitchen Set with Chalkboard, Ice Maker, Play Phone, Sink, Microwave, 5 Accessories, for Toddlers Ages 3-8 Years","toys-education","1","5","4","blocked_pending","Not requested after Best Buy edge denied further access."
"bbca-19839932","Toddler Pretend Play Kitchen Set for 3 4 5 6 Year Old Girls Boys Educational Cooking Toys with Play Food，Pink","toys-education","1","5","4","blocked_pending","Not requested after Best Buy edge denied further access."
"bbca-19481760","Qaba Kids Kitchen Playset, Play Kitchen, Toddler Pretend Cooking Toy Set with 15 Accessories, Microwave Oven, Cabinets, for Boys and Girls Ages 3+, Green","toys-education","1","5","4","blocked_pending","Not requested after Best Buy edge denied further access."
"bbca-20014579","Gymax Wooden Play Kitchen for Kids Toddlers w/ Realistic Lights Sounds Storage Sink Natural & White","toys-education","1","5","4","blocked_pending","Not requested after Best Buy edge denied further access."
"bbca-19858780","KidKraft Celeste Mansion Wooden Dollhouse with Lights, Sounds & 24 Accessories for 12"" Dolls","toys-education","1","5","4","blocked_pending","Not requested after Best Buy edge denied further access."
"bbca-17166819","Barbie Dreamhouse 2023, Pool Party Doll House with 75+ Pieces and 3-Story Slide, Barbie House Playset, Pet Elevator and Puppy Play Areas​","toys-education","1","5","4","blocked_pending","Not requested after Best Buy edge denied further access."
"bbca-19999443","Wicked: Fiyero Fashion Doll","toys-education","1","5","4","blocked_pending","Not requested after Best Buy edge denied further access."
"bbca-19879879","Universal Pictures’ Wicked: For Good: Glinda Exclusive Fashion Doll [The Best Witch of All]","toys-education","1","5","4","blocked_pending","Not requested after Best Buy edge denied further access."
"bbca-19512323","Costway Kids Wooden Dollhouse 4-Story Modern Doll House with 33Pcs Furniture Accessories","toys-education","1","5","4","blocked_pending","Not requested after Best Buy edge denied further access."
"bbca-19383748","Monster High x Wednesday: Wednesday Addams Collectible Doll","toys-education","1","5","4","blocked_pending","Not requested after Best Buy edge denied further access."
"bbca-15222164","DALIA - Divas Dolls Collection - 18 inches","toys-education","1","5","4","blocked_pending","Not requested after Best Buy edge denied further access."
"bbca-19997828","Wicked: Singing Elphaba Fashion Doll","toys-education","1","5","4","blocked_pending","Not requested after Best Buy edge denied further access."
"bbca-17201814","Tikiri Bonikka Collection Soft Body Plush Doll - Aurora (13 inch)","toys-education","1","5","4","blocked_pending","Not requested after Best Buy edge denied further access."
"bbca-15222167","KEYLA - Divas Dolls Collection - 18 inches","toys-education","1","5","4","blocked_pending","Not requested after Best Buy edge denied further access."
"bbca-16650793","TOOKYLAND Wooden Dollhouse Play Set - 31pcs - 6 Dolls and Furniture Included, Ages 3+","toys-education","1","5","4","blocked_pending","Not requested after Best Buy edge denied further access."
"bbca-15222163","KETTY - Divas Dolls Collection - 18 inches","toys-education","1","5","4","blocked_pending","Not requested after Best Buy edge denied further access."
"bbca-20179642","Kaloo Tenddresse My First Doll - Daphne (Large)","toys-education","1","5","4","blocked_pending","Not requested after Best Buy edge denied further access."
"bbca-15222166","DESTINY - Divas Dolls Collection - 18 inches","toys-education","1","5","4","blocked_pending","Not requested after Best Buy edge denied further access."
"bbca-19488728","10"" Kids Tablet , Android 15 Tablets for kids, Parental Control, Pre-Installed Kiddos Software & Kids Space, Includes Case and Stylus Pen, 12GB+64GB, 2TB Expand(Pink)","toys-education","1","5","4","blocked_pending","Not requested after Best Buy edge denied further access."
"bbca-16237359","Amazon Fire 7 Kids Edition (2022) 7"" 16GB FireOS Tablet with MTK/MT8168 4-Core Processor - Blue","toys-education","1","5","4","blocked_pending","Not requested after Best Buy edge denied further access."
"bbca-15799808","10"" Android Kids Tablet 32GB with Stylus, Parental Controls, Learning Apps & Protective Case","toys-education","1","5","4","blocked_pending","Not requested after Best Buy edge denied further access."
"bbca-17327685","Amazon Fire HD 10 Kids Edition (2023) 10.1"" 32GB FireOS Tablet with Kid-Proof Case - Pink","toys-education","1","5","4","blocked_pending","Not requested after Best Buy edge denied further access."
"bbca-17327688","Amazon Fire HD 10 Kids Pro (2023) 10.1"" 32GB FireOS Tablet with Kid-Proof Case - Nebula","toys-education","1","5","4","blocked_pending","Not requested after Best Buy edge denied further access."
"bbca-17862071","Doogee U10 Kid Tablet Pc - Candy Pink","toys-education","1","5","4","blocked_pending","Not requested after Best Buy edge denied further access."
"bbca-17862073","Doogee U9 kid Tablet Pc - Purple","toys-education","1","5","4","blocked_pending","Not requested after Best Buy edge denied further access."
"bbca-15264590","Contixo Kids Tablet, 7"" HD Display, 32GB Storage, Wi-Fi, Parental Controls, Shockproof Case, Dark Blue","toys-education","1","5","4","blocked_pending","Not requested after Best Buy edge denied further access."
"bbca-20072884","10 Inch HD IPS Android 15 Tablet PC, RK3562 Processor, 12GB RAM 64GB ROM Up to 1TB Expand, 6000mAh Battery WiFi 6 Widevine L1, Kids Study Home Entertainment Tablet with Optional","toys-education","1","5","4","blocked_pending","Not requested after Best Buy edge denied further access."
"bbca-19930442","DREAME Mini High-Speed Hair Dryer, 270g Lightweight, Fast Drying, Customizable Modes, 100,000RPM Motor, NTC Temperature Control, Negative Ion Cares, 5 Cutomizable Modes, Kid's Mode","personal-care","1","5","4","blocked_pending","Not requested after Best Buy edge denied further access."
"bbca-20099673","Hair Dryer 1200-1500W, 2 Nozzles Home Hair Styling","personal-care","1","5","4","blocked_pending","Not requested after Best Buy edge denied further access."
"bbca-20091458","High-speed 8-in-1 hair dryer with multi-function head changer, high-power brushless hair dryer, straightening and curling iron, hot air comb - black gold","personal-care","1","5","4","blocked_pending","Not requested after Best Buy edge denied further access."
"bbca-19692976","Conair InfinitiPro by Conair Frizz Free Flex Hair Dryer","personal-care","1","5","4","blocked_pending","Not requested after Best Buy edge denied further access."
"bbca-19513452","Nicebay Ionic Professional Hair Dryer with Diffuser for Curly Hair,1600W&110000RPM High Speed Blow Dryer for Women,Fast Drying,Lock Function,Low Noise,Lightweight for Travel Salon","personal-care","1","5","4","blocked_pending","Not requested after Best Buy edge denied further access."
"bbca-19850088","Hair Dryer, High Power Fast Dry Blow Dryer for Home Salon","personal-care","1","5","4","blocked_pending","Not requested after Best Buy edge denied further access."
"bbca-19776400","Laifen Special SE Hair Dryer Special (3 Nozzles)","personal-care","1","5","4","blocked_pending","Not requested after Best Buy edge denied further access."
"bbca-19187063","Dyson Supersonic Nural Ionic Quiet Hair Dryer 1600W with Diffuser & Concentrator 4 Heat Settings - Ceramic Pink/Rose Gold","personal-care","1","5","4","blocked_pending","Not requested after Best Buy edge denied further access."
"bbca-17168012","Hair Forensic Compact Velocity Ionic Professional Hair Dryer 1200W DC Motor with Diffuser & Concentrator - Black","personal-care","1","5","4","blocked_pending","Not requested after Best Buy edge denied further access."
"bbca-19187062","Dyson Supersonic Nural Ionic Quiet Hair Dryer 1600W with Diffuser & Concentrator 4 Heat Settings - Jasper Plum","personal-care","1","5","4","blocked_pending","Not requested after Best Buy edge denied further access."
"bbca-19761116","Dyson Supersonic Travel 1220W Hair Dryer - Ceramic Pink/Rose Gold","personal-care","1","5","4","blocked_pending","Not requested after Best Buy edge denied further access."
"bbca-20078094","Brand New - ELECTRIC FOIL SHAVERS FOR MEN - Portable electric razor for Beard/Face - 2 Floating Blade LED Display USB-C","personal-care","1","5","4","blocked_pending","Not requested after Best Buy edge denied further access."
"bbca-19504138","Electric Shaver 5-in-1 Grooming Kit for Men – Rechargeable Rotary Razor with Beard Trimmer, Nose Hair Trimmer, Facial Brush, 2-Speed Power, IPX7 Waterproof Wet & Dry Shaving(Blue)","personal-care","1","5","4","blocked_pending","Not requested after Best Buy edge denied further access."
"bbca-19299129","Philips i9000 Prestige Ultra Wet & Dry Electric Shaver (XP9402/31)","personal-care","1","5","4","blocked_pending","Not requested after Best Buy edge denied further access."
"bbca-20086078","Portable Electric Shaver Black","personal-care","1","5","4","blocked_pending","Not requested after Best Buy edge denied further access."
"bbca-20082870","Philips , All-in-One 9000 Series 23-Piece Trimmer - Electric Shaver and Clipper for Face, Beard, Head & Body, , Stainless Steel","personal-care","1","5","4","blocked_pending","Not requested after Best Buy edge denied further access."
"bbca-19839309","Philips Lady Series 6000 Wet & Dry Electric Shaver (BRL137/00) - Lychee Pink","personal-care","1","5","4","blocked_pending","Not requested after Best Buy edge denied further access."
"bbca-19327959","Portable Electric Shaver Men's Electric Shaver Black","personal-care","1","5","4","blocked_pending","Not requested after Best Buy edge denied further access."
"bbca-20086136","Wet Dry Electric Shaver Silver","personal-care","1","5","4","blocked_pending","Not requested after Best Buy edge denied further access."
"bbca-19327290","Philips Shaver Series 6000 Wet & Dry Electric Shaver","personal-care","1","5","4","blocked_pending","Not requested after Best Buy edge denied further access."
"bbca-14450497","Philips Series 7000 Hair Clipper (HC7650/14)","personal-care","1","5","4","blocked_pending","Not requested after Best Buy edge denied further access."
"bbca-14206676","Philips Norelco Multi Groomer MG5750/49-18 piece, beard, body, face, nose, and ear hair trimmer and clipper","personal-care","1","5","4","blocked_pending","Not requested after Best Buy edge denied further access."
"bbca-19518015","[Cordless Grooming Kit] 3-Piece Professional Hair & Beard Trimmer Set with LED Display | Precision Clippers, USB Rechargeable, Ideal Home & Holiday Gift","personal-care","1","5","4","blocked_pending","Not requested after Best Buy edge denied further access."
"bbca-19766376","VGR 640S3 3-in-1 Hair Clippers & Trimmer for Men, Black","personal-care","1","5","4","blocked_pending","Not requested after Best Buy edge denied further access."
"bbca-20064575","4-in-1 Mens Grooming Kit, Wireless USB Rechargeable Hair Clipper Set, Electric Hair Trimmer, Nose Hair Trimmer & Shaver with Lithium Battery","personal-care","1","5","4","blocked_pending","Not requested after Best Buy edge denied further access."
"bbca-14346295","Philips Multi Groomer MG5750/28, beard, body, face, nose, and ear hair trimmer and clipper","personal-care","1","5","4","blocked_pending","Not requested after Best Buy edge denied further access."
"bbca-19976248","6-in-1 Electric Razor & Shaver for Men, Beard Trimmer Cordless Hair Clippers Trimmers Set, Wet/Dry Mens Grooming Kit for Shaving Face, Mustache, Body, Ear, Nose Hair Trimmer","personal-care","1","5","4","blocked_pending","Not requested after Best Buy edge denied further access."
"bbca-15310599","WAHL Professional Trimmer HERO & Hair Clipper LEGEND 5 Star Barber Combo 8180","personal-care","1","5","4","blocked_pending","Not requested after Best Buy edge denied further access."
"bbca-19976247","6-in-1 Electric Razor & Shaver for Men, Beard Trimmer Cordless Hair Clippers Trimmers, Wet/Dry Mens Grooming Kit for Shaving Face, Mustache, Body, Ear, Nose Hair Trimmer","personal-care","1","5","4","blocked_pending","Not requested after Best Buy edge denied further access."
"bbca-19976245","Vacuum Baby Hair Clippers,Silent Clippers for Kids,Cordless Baby Hair Trimmer,Waterproof Infant Toddler Hair Cutting Kit for Fine/Curly Hair, Auto Suck Snipped Hair, Green","personal-care","1","5","4","blocked_pending","Not requested after Best Buy edge denied further access."
"bbca-19952291","6-in-1 Electric Hair Clippers, Cordless Waterproof Beard Trimmer Body/Face/Nose Trimmer, Wet/Dry Shaver All in One Grooming Kit with LED Display, Black","personal-care","1","5","4","blocked_pending","Not requested after Best Buy edge denied further access."
"bbca-18193759","Oral-B iO Series 2 Rechargeable Electric Toothbrush Twinpack - Black/White","personal-care","1","5","4","blocked_pending","Not requested after Best Buy edge denied further access."
"bbca-19309673","Philips Sonicare ProtectiveClean 5300 Rechargeable Electric Power Toothbrush, Black, HX6423/34","personal-care","1","5","4","blocked_pending","Not requested after Best Buy edge denied further access."
"bbca-17957061","Oral B iO Series 3 Electric Toothbrush with (1) Brush Head, Rechargeable, White","personal-care","1","5","4","blocked_pending","Not requested after Best Buy edge denied further access."
"bbca-15858789","Oral-B iO Series 7 Smart Electric Toothbrush - Black Onyx","personal-care","1","5","4","blocked_pending","Not requested after Best Buy edge denied further access."
"bbca-17373408","Oral-B iO Series 10 Rechargeable Electric Toothbrush - Black","personal-care","1","5","4","blocked_pending","Not requested after Best Buy edge denied further access."
"bbca-17373409","Oral-B iO Series 5 Rechargeable Electric Toothbrush - Black","personal-care","1","5","4","blocked_pending","Not requested after Best Buy edge denied further access."
"bbca-19180061","EZ-X Pro LED Mask - 4 color LED Light Therapy Face Mask for Anti Aging, Skin Tone & Acne- Infrared, Blue, Yellow & Red Light Therapy for Face- 240 LEDs","personal-care","1","5","4","blocked_pending","Not requested after Best Buy edge denied further access."
"bbca-17954855","EZ-X Pro Red Light Mask - Near Infrared & Red Light Therapy for Face - Extra Power - 240 LEDs - Wireless LED Face Mask for Anti Aging","personal-care","1","5","4","blocked_pending","Not requested after Best Buy edge denied further access."
"bbca-19912445","Red Light Therapy for Face and Neck Mask, Rechargeable 7 Colors LED with 850nm & 660nm NIR, Hands-Free Silicone Facial Mask, Portable Infrared Skincare Mask - Black","personal-care","1","5","4","blocked_pending","Not requested after Best Buy edge denied further access."
"bbca-19283205","EZ-X Pro Red Light Mask Full Set - Near Infrared & Red Light Therapy for Face, Neck & Chest - Extra Power - 240 LEDs - Wireless LED Face Mask for Anti Aging","personal-care","1","5","4","blocked_pending","Not requested after Best Buy edge denied further access."
"bbca-19780306","Arivea LED Red Light Therapy Face Mask – Wireless Rechargeable NIR Skin Care Device, 272 LEDs, 4 Wavelengths, Anti-Aging, Smoothing, Acne & Brightening, White","personal-care","1","5","4","blocked_pending","Not requested after Best Buy edge denied further access."
"bbca-19333778","LED Light Facial Mask,7 Colors Light Therapy Mask,Photon LED Face Mask Light,Red Light Therapy Mask for Facial Skin Care","personal-care","1","5","4","blocked_pending","Not requested after Best Buy edge denied further access."
"bbca-20014724","Red Light Therapy for Face and Neck, 7 Colors LED Mask, Cordless Facial Skincare Mask with Infrared, Full Face Coverage, USB-C Rechargeable, Portable for Home and Travel","personal-care","1","5","4","blocked_pending","Not requested after Best Buy edge denied further access."
"bbca-17299882","Kala Red Light Therapy Face Mask – LED Anti-Aging Mask for Skin Rejuvenation","personal-care","1","5","4","blocked_pending","Not requested after Best Buy edge denied further access."
"bbca-19274259","LED Light Therapy Mask,Red Blue Light Therapy for Face,7 Color Light Led Facial Mask for Home Use","personal-care","1","5","4","blocked_pending","Not requested after Best Buy edge denied further access."
"bbca-19858089","MotionGrey LED Therapy Mask for Face & Neck, 7 Color Light Therapy, 10 Energy Levels, Timer & Display, Silicone Skin Care Mask, Plug-in Use, CE Certified","personal-care","1","5","4","blocked_pending","Not requested after Best Buy edge denied further access."
"bbca-20014725","Red Light Therapy for Face, 7 Colors LED Face Mask, Full Face Coverage Skincare Mask with Near-Infrared Red Light, Cordless USB-C Rechargeable, Home & Travel, Gift","personal-care","1","5","4","blocked_pending","Not requested after Best Buy edge denied further access."
"bbca-20145645","2-in-1 Nano Face & Eye Mister Portable Eye & Face Moisturizer for Travel, Fine Nano Mist for Relieve dry eyes & eye fatigue, deep‑cleansing, Skin Hydration, 15ml Capacity","personal-care","1","5","4","blocked_pending","Not requested after Best Buy edge denied further access."
"bbca-20145644","Nano Face & Eye Mister, Portable Handheld Eye & Face Moisturizer USB Rechargeable, Mist Sprayer for Eye Care Cleaner Skin Hydration, 15ml Capacity, Blue","personal-care","1","5","4","blocked_pending","Not requested after Best Buy edge denied further access."
"bbca-20145646","2pcs Portable Nano Mist Sprayer with Skin Analyzer Moisture Tester, Facial Atomization, Eyelash Extensions Steamer Face Moisturizing & Hydration","personal-care","1","5","4","blocked_pending","Not requested after Best Buy edge denied further access."
"bbca-20145648","Portable Nano Mist Sprayer with Skin Analyzer Moisture Tester, Facial Atomization, Eyelash Extensions Steamer Face Moisturizing & Hydration","personal-care","1","5","4","blocked_pending","Not requested after Best Buy edge denied further access."
"bbca-20145647","Mini Facial Steamer with Skin Moisture Analyzer, USB Rechargeable Nano Atomization, Hydrating Mist for Face Care, Face Moisturizing & Hydration Refreshing","personal-care","1","5","4","blocked_pending","Not requested after Best Buy edge denied further access."
"bbca-19874038","mini Eye Moisturizer - Daily Care Atomizer for Dry Eyes - Transparent Cup with Storage Box","personal-care","1","5","4","blocked_pending","Not requested after Best Buy edge denied further access."
"bbca-19600957","Portable Nano Facial Mister, 30ml Mini Mist Sprayer Moisturizer Rechargeable Facial Steamer (Blue and Pink)","personal-care","1","5","4","blocked_pending","Not requested after Best Buy edge denied further access."
"bbca-19874035","Eye Care Atomizer - mini Eye Moisturizer Spray Cup Set","personal-care","1","5","4","blocked_pending","Not requested after Best Buy edge denied further access."
"bbca-19831499","Electric Eye Moisturizer Nano Mist Sprayer, Warm Compress Eye Massager for Dry Eyes, Hydrating & Beauty Care Device","personal-care","1","5","4","blocked_pending","Not requested after Best Buy edge denied further access."
"bbca-19726123","Briogeo Superfoods Avocado + Kiwi Mega Moisture 3-in-1 Leave-In Spray – Hair Moisturizer & Detangler, Vegan & Cruelty-Free","personal-care","1","5","4","blocked_pending","Not requested after Best Buy edge denied further access."
"bbca-19600966","Nano Ionic Facial Steamer, Warm Mist Face Sauna Humidifier for Deep Cleansing, Moisturizing, and Skin Spa","personal-care","1","5","4","blocked_pending","Not requested after Best Buy edge denied further access."
"bbca-17948912","Biome Comforting Infused Toner - 200ml /6.76oz","personal-care","1","5","4","blocked_pending","Not requested after Best Buy edge denied further access."
"bbca-16471649","Costway SL Track Full Body Massage Chair (JL10022WL) Zero Gravity Recliner Thai Stretch Heat Roller","personal-care","1","5","4","blocked_pending","Not requested after Best Buy edge denied further access."
"bbca-19788934","AECOJOY 360° Swivel Recliner Chair with Massage and Heat, Manual Reclining Leather Recliner Chair","personal-care","1","5","4","blocked_pending","Not requested after Best Buy edge denied further access."
"bbca-19305908","MassaMax - MT398 4D Massage Chair Full Body Stretch,Zero Gravity with Heat Therapy,Extended Footrest,Foot Rollers - Black","personal-care","1","5","4","blocked_pending","Not requested after Best Buy edge denied further access."
"bbca-19377177","KoziSense 2026 Massage Chair Full Body, Zero Gravity SL-Track Shiatsu Massage Recliner Chair with Heat, AI Control, Body Scan and Calfrest Extension (Black)","personal-care","1","5","4","blocked_pending","Not requested after Best Buy edge denied further access."
"bbca-19614063","RealRelax MM350 Full Body Zero Gravity with Shiatsu Massage Chair - Black","personal-care","1","5","4","blocked_pending","Not requested after Best Buy edge denied further access."
"bbca-15728968","Costway Relaxation09 Full Body Massage Chair, SL Track Massage Recliner Zero Gravity W/Negative Ion Generator, Auto Shoulder Detector, Airbags, Heater, Shiatsu Sofa","personal-care","1","5","4","blocked_pending","Not requested after Best Buy edge denied further access."
"bbca-19199384","MassaMAX MD906 Full Body Massage Chair with AI Body Scan, SL Track, Zero Gravity, Heat & Foot Roller Massage","personal-care","1","5","4","blocked_pending","Not requested after Best Buy edge denied further access."
"bbca-19896665","GARVEE Extra Wide Swivel Rocker Recliner, Vibration Massage & Heat Reclining Chair With Storage For Living Room & Home Theater","personal-care","1","5","4","blocked_pending","Not requested after Best Buy edge denied further access."
"bbca-19485951","Checkme BP2A Bluetooth Blood Pressure Monitor, Accurate Digital Readings in 30 Seconds, Unlimited Data Stored in App for iOS & Android","personal-care","1","5","4","blocked_pending","Not requested after Best Buy edge denied further access."
"bbca-19892224","Blood Pressure Monitor - White - English Voice - Digital Upper Arm Monitor - 1 Pc","personal-care","1","5","4","blocked_pending","Not requested after Best Buy edge denied further access."
"bbca-19203907","BIOS Diagnostics Blood Pressure Monitor - with Atrial Fibrillation Screening, Home Use, Upper Arm Reading, AFIB","personal-care","1","5","4","blocked_pending","Not requested after Best Buy edge denied further access."
"bbca-19988546","Digital Blood Pressure Monitor with Small Screen English Voice Function Upper Blood Pressure Measuring Device for Home Use","personal-care","1","5","4","blocked_pending","Not requested after Best Buy edge denied further access."
"bbca-18911270","Omron 10 Series Arm Blood Pressure Monitor (BP7450CAN)","personal-care","1","5","4","blocked_pending","Not requested after Best Buy edge denied further access."
"bbca-17292199","Omron Gold Wireless Wrist Blood Pressure Monitor - Stores Up To 200 Readings for Two Users (100 each)","personal-care","1","5","4","blocked_pending","Not requested after Best Buy edge denied further access."
"bbca-17912499","Beurer Premium Wrist Blood Pressure Monitor with Smartphone App (BC54W)","personal-care","1","5","4","blocked_pending","Not requested after Best Buy edge denied further access."
"bbca-15946616","Omron BP7455CAN Blood Pressure Monitor with Bluetooth & Upper Arm Easy-Wrap Comfit Cuff","personal-care","1","5","4","blocked_pending","Not requested after Best Buy edge denied further access."
"bbca-19648554","Omron BP-7365 Blood Pressure Monitor with Afib Screening technology","personal-care","1","5","4","blocked_pending","Not requested after Best Buy edge denied further access."
"bbca-19892323","Blood Pressure Monitor - Digital Voice Meter - Small Screen - English - 1 Pc","personal-care","1","5","4","blocked_pending","Not requested after Best Buy edge denied further access."
"bbca-19907080","Digital Wrist Blood Pressure Monitor Automatic Electronic BP Machine Large Display Voice Function White 1 Piece","personal-care","1","5","4","blocked_pending","Not requested after Best Buy edge denied further access."
"bbca-17724268","iHealth Track Smart Upper Arm Blood Pressure Monitor – Bluetooth Compatible, Wide Range Cuff, Accurate Readings, Smartphone App Integration, Portable & Battery-Powered, Medium Size","personal-care","1","5","4","blocked_pending","Not requested after Best Buy edge denied further access."
"bbca-19883339","IMGadgets Go Luggage Set (3 pc) | FREE 3 Smart GPS Trackers, Hard Side Lightweight & Durable ABS Polycarbonate | 360° Spinner Wheel | TSA-Approved Lock | Retractable Handle (Black)","travel-bags","1","5","4","blocked_pending","Not requested after Best Buy edge denied further access."
"bbca-19498083","Premier Hardside 2 Pieces Luggage Set for Women & Men: 26 Inch Large Checked Suitcase & 18 Inch Carry On Approved Luggage with Spinner Wheels, Suitcase Set for Travel","travel-bags","1","5","4","blocked_pending","Not requested after Best Buy edge denied further access."
"bbca-19338606","Bugatti Barcelona 3-Piece Hard Side Expandable Luggage Set - Fig - Only at Best Buy","travel-bags","1","5","4","blocked_pending","Not requested after Best Buy edge denied further access."
"bbca-16494369","Swiss Mobility - SFO 3 pieces set hardside luggage","travel-bags","1","5","4","blocked_pending","Not requested after Best Buy edge denied further access."
"bbca-19396708","Bugatti - Brussels 3 Piece Hardside Luggage Set with Expansion - Pink","travel-bags","1","5","4","blocked_pending","Not requested after Best Buy edge denied further access."
"bbca-16494362","Swiss Mobility - SAN 3 pieces set hardside luggage","travel-bags","1","5","4","blocked_pending","Not requested after Best Buy edge denied further access."
"bbca-19338604","Bugatti New York 2-Piece Hard Side Expandable Luggage Set & Backpack - Forged Iron - Only at Best Buy","travel-bags","1","5","4","blocked_pending","Not requested after Best Buy edge denied further access."
"bbca-19220050","WINGOMART 3-Piece Luggage Set Lightweight Durable PC+ABS Hardshell, Double Spinner Wheels, TSA Lock - 22in/26IN/30in - GREY","travel-bags","1","5","4","blocked_pending","Not requested after Best Buy edge denied further access."
"bbca-18585532","Bugatti - Berlin Medium Hardside Luggage with Expansion - Charcoal","travel-bags","1","5","4","blocked_pending","Not requested after Best Buy edge denied further access."
"bbca-18588239","Swiss Mobility - CPH 2-Piece Hardside Luggage Set - Coral","travel-bags","1","5","4","blocked_pending","Not requested after Best Buy edge denied further access."
"bbca-19816331","TUCCI Italy BARATRO 3-Piece Hardside Luggage Set (20"", 24"", 28"") - Silver","travel-bags","1","5","4","blocked_pending","Not requested after Best Buy edge denied further access."
"bbca-19816338","TUCCI Italy LUSTRIA 3-Piece Hardside Luggage Set (20"", 24"", 28"") - Silver","travel-bags","1","5","4","blocked_pending","Not requested after Best Buy edge denied further access."
"bbca-19338507","Bugatti New York 21.5"" Hard Side Expandable Carry-On Luggage & Backpack - Forged Iron - Only at Best Buy","travel-bags","1","5","4","blocked_pending","Not requested after Best Buy edge denied further access."
"bbca-19897682","Tucci Primo Italy Resistenza 3-Piece Expandable ABS Hardside Luggage Set with Spinner Wheels & Built-In Lock (20"", 26"", 30"") - Silver","travel-bags","1","5","4","blocked_pending","Not requested after Best Buy edge denied further access."
"bbca-19850383","Large Laptop Backpack for Men, 17 Inch Computer Compartment Business Traveling Bookbag with USB Charging Port, Waterproof, TSA Friendly College High School 40L","travel-bags","1","5","4","blocked_pending","Not requested after Best Buy edge denied further access."
"bbca-17373138","Lenovo 16"" Laptop Backpack B215 (Black)","travel-bags","1","5","4","blocked_pending","Not requested after Best Buy edge denied further access."
"bbca-19215197","Targus Legend IQ 16"" Laptop Commuter Backpack - Black","travel-bags","1","5","4","blocked_pending","Not requested after Best Buy edge denied further access."
"bbca-16310551","Wenger 17.3"" Laptop Commuter Backpack - Grey/Black","travel-bags","1","5","4","blocked_pending","Not requested after Best Buy edge denied further access."
"bbca-19362170","Bugatti New York 15.6"" Laptop Bag - Black - Only at Best Buy","travel-bags","1","5","4","blocked_pending","Not requested after Best Buy edge denied further access."
"bbca-12388652","Targus Voyager 17.3"" Laptop Day Backpack - Black","travel-bags","1","5","4","blocked_pending","Not requested after Best Buy edge denied further access."
"bbca-19182398","Bugatti Cooper 15.6"" Laptop Commuter Backpack - Navy","travel-bags","1","5","4","blocked_pending","Not requested after Best Buy edge denied further access."
"bbca-17943956","Lenovo 16"" Laptop ECO Backpack B210 (Black)","travel-bags","1","5","4","blocked_pending","Not requested after Best Buy edge denied further access."
"bbca-17976696","Herschel Supply Co. Heritage Youth 13"" 26L Laptop Backpack - Black/Saddle Brown","travel-bags","1","5","4","blocked_pending","Not requested after Best Buy edge denied further access."
"bbca-17906801","Lenovo 16"" Laptop Backpack B515 (Black)","travel-bags","1","5","4","blocked_pending","Not requested after Best Buy edge denied further access."
"bbca-14587018","Samsonite Classic Leather 14.1"" Laptop Commuter Backpack - Cognac","travel-bags","1","5","4","blocked_pending","Not requested after Best Buy edge denied further access."
"bbca-17105217","Herschel Pop Quiz 16"" 25L Laptop Commuter Backpack - Black","travel-bags","1","5","4","blocked_pending","Not requested after Best Buy edge denied further access."
"bbca-19755369","Herschel Supply Co. Heritage Youth 14"" 26L Laptop Backpack - Hawaiian Surf/Saddle Brown","travel-bags","1","5","4","blocked_pending","Not requested after Best Buy edge denied further access."
"bbca-19363416","ASUS AP1602 Backpack (Lightweight / Water Repellent / Durable / Supports Up To 16"" Laptops / Grey and Black)","travel-bags","1","5","4","blocked_pending","Not requested after Best Buy edge denied further access."
"bbca-19850395","Travel Business Laptops Backpack, Carry-On Luggage Backpacks for Men, Casual Daypack Gym Sports Bags College School Backpack","travel-bags","1","5","4","blocked_pending","Not requested after Best Buy edge denied further access."
"bbca-16544520","Men Gym Sports Duffle Bag with Large Capacity & Multi Compartment & Lightweight","travel-bags","1","5","4","blocked_pending","Not requested after Best Buy edge denied further access."
"bbca-19880910","Yoga Gym Bag - Wet Dry Pocket - Oxford Fabric - 49x25x21cm","travel-bags","1","5","4","blocked_pending","Not requested after Best Buy edge denied further access."
"bbca-19963254","Large 67 cm Black Convertible Duffel Backpack Bag with Multiple Pockets, Top Handles & Side Zipper for Gym, Weekend Trips, Camping and Overnight Travel","travel-bags","1","5","4","blocked_pending","Not requested after Best Buy edge denied further access."
"bbca-19945630","Large Black Duffle Bag, Lightweight Shoulder Travel Bag with Adjustable Strap, Carry Handles, Side Pockets, 56cm Weekender Gym Bag","travel-bags","1","5","4","blocked_pending","Not requested after Best Buy edge denied further access."
"bbca-19912177","Yoga Bag Sports Duffel Bag Wet Dry Compartment Travel Gym Bag with Detachable Shoulder Strap 49x25x21 cm 1 Piece","travel-bags","1","5","4","blocked_pending","Not requested after Best Buy edge denied further access."
"bbca-20166126","Travel Duffel Bag, Carry on Luggage Bag, Lightweight Travel Luggage Bag for Sports, Gym, Vacation Storage Tote (Blue)","travel-bags","1","5","4","blocked_pending","Not requested after Best Buy edge denied further access."
"bbca-16552125","Sports Gym Bag with Wet Pocket & Shoes Compartment for Men and Women Lightweight","travel-bags","1","5","4","blocked_pending","Not requested after Best Buy edge denied further access."
"bbca-20104722","Tennis Gym Bag, For Women, Tennis Backpack Holds Rackets Gym Backpacks for Court, Off","travel-bags","1","5","4","blocked_pending","Not requested after Best Buy edge denied further access."
"bbca-19912174","Sports Travel Bag Women's Gym Bag Quilted Duffel with Waterproof Compartment 1 Piece","travel-bags","1","5","4","blocked_pending","Not requested after Best Buy edge denied further access."
"bbca-15166035","Lenovo 14"" Laptop Urban Sleeve Case","travel-bags","1","5","4","blocked_pending","Not requested after Best Buy edge denied further access."
"bbca-19883379","Tucano Milano Italy Colore 2 14"" Laptop & MacBook Sleeve - Blue","travel-bags","1","5","4","blocked_pending","Not requested after Best Buy edge denied further access."
"bbca-19879111","13-14 Inch Laptop Sleeve Compatible for 13 Inch New MacBook Air MacBook Pro/ 14 Inch MacBook Pro, 13.3 Inch","travel-bags","1","5","4","blocked_pending","Not requested after Best Buy edge denied further access."
"bbca-19306997","Laptop Sleeve Bag 14.6 Inch Cover For MacBook Air Pro Lenovo Xiaomi ASUS HP Dell Acer Computer Waterproof Notebook Case - Green","travel-bags","1","5","4","blocked_pending","Not requested after Best Buy edge denied further access."
"bbca-19196363","Herschel Supply Co. Anchor 16"" Laptop Sleeve Bag - Raven Crosshatch","travel-bags","1","5","4","blocked_pending","Not requested after Best Buy edge denied further access."
"bbca-19306756","Laptop Sleeve Bag 13.3 14 15.6 Inch Cover For MacBook Air Pro Lenovo Xiaomi ASUS HP Dell Acer Computer Waterproof Notebook Case - 13.3""","travel-bags","1","5","4","blocked_pending","Not requested after Best Buy edge denied further access."
"bbca-10295793","Insignia 15"" Laptop Sleeve - Black - Only at Best Buy","travel-bags","1","5","4","blocked_pending","Not requested after Best Buy edge denied further access."
"bbca-11530800","Targus Strata II 15.6"" Laptop Sleeve - Grey/Brown","travel-bags","1","5","4","blocked_pending","Not requested after Best Buy edge denied further access."
"bbca-17261495","Madison Laptop Sleeve","travel-bags","1","5","4","blocked_pending","Not requested after Best Buy edge denied further access."
"bbca-19883386","Tucano Milano Italy Colore 2 16"" Laptop & MacBook Pro Sleeve - Black","travel-bags","1","5","4","blocked_pending","Not requested after Best Buy edge denied further access."
"bbca-10295736","Insignia 13"" Laptop Sleeve - Black/Grey - Only at Best Buy","travel-bags","1","5","4","blocked_pending","Not requested after Best Buy edge denied further access."
"bbca-19754321","Herschel Supply Co. Peanuts Anchor 14"" Laptop Sleeve - Snoopy / Woodstock Black","travel-bags","1","5","4","blocked_pending","Not requested after Best Buy edge denied further access."
"bbca-19356538","Herschel Supply Co. Anchor 14"" Laptop & MacBook Sleeve - London Fog","travel-bags","1","5","4","blocked_pending","Not requested after Best Buy edge denied further access."
"bbca-16651337","Insignia 15"" Leather Laptop Messenger Bag - Black - Only at Best Buy","travel-bags","1","5","4","blocked_pending","Not requested after Best Buy edge denied further access."
"bbca-19659296","Laptop Briefcase Bag Case 17.3 Inch Messenger Bag with Shoulder Strap Briefcase Carry Case for Men Women to Work School","travel-bags","1","5","4","blocked_pending","Not requested after Best Buy edge denied further access."
"bbca-19880913","Canvas Crossbody Bag - Multi Pocket Messenger - Brown","travel-bags","1","5","4","blocked_pending","Not requested after Best Buy edge denied further access."
"bbca-19803238","PKG Spadina 16"" Laptop Messenger Bag - Dark Grey","travel-bags","1","5","4","blocked_pending","Not requested after Best Buy edge denied further access."
"bbca-17476545","Bugatti - Contrast Messenger Bag","travel-bags","1","5","4","blocked_pending","Not requested after Best Buy edge denied further access."
"bbca-15634436","Lenovo ThinkPad Essential 16"" Laptop Messenger Bag - Black - (4X41C12469)","travel-bags","1","5","4","blocked_pending","Not requested after Best Buy edge denied further access."
"bbca-19784271","PKG Trenton 17"" Laptop Messenger Backpack - District Black","travel-bags","1","5","4","blocked_pending","Not requested after Best Buy edge denied further access."
"bbca-14588609","Samsonite Classic Leather Flap-Over 15.6"" Laptop Messenger Bag - Cognac","travel-bags","1","5","4","blocked_pending","Not requested after Best Buy edge denied further access."
"bbca-14588608","Samsonite Classic Leather Flap-Over 15.6"" Laptop Messenger Bag - Black","travel-bags","1","5","4","blocked_pending","Not requested after Best Buy edge denied further access."
"bbca-14588607","Samsonite Classic Leather Top Load 15.6"" Laptop Messenger Bag - Cognac","travel-bags","1","5","4","blocked_pending","Not requested after Best Buy edge denied further access."
"bbca-19659294","Laptop Bag Case 15 to 16 Inch Messenger Bag with Shoulder Strap Briefcase Carry Case for Men Women to Work School","travel-bags","1","5","4","blocked_pending","Not requested after Best Buy edge denied further access."
"bbca-16581790","K 16 Inch Leather briefcases Laptop Messenger Bags for Men and Women Best Office School College Satchel Bag","travel-bags","1","5","4","blocked_pending","Not requested after Best Buy edge denied further access."
"bbca-19831692","Elizabeth Crossbody Handbag, White","travel-bags","1","5","4","blocked_pending","Not requested after Best Buy edge denied further access."
"bbca-19772917","Mancini Leather Mila Hobo Style Handbag - Camel","travel-bags","1","5","4","blocked_pending","Not requested after Best Buy edge denied further access."
"bbca-19831680","Isabella Crossbody Handbag, White","travel-bags","1","5","4","blocked_pending","Not requested after Best Buy edge denied further access."
"bbca-19831658","Alison Crossbody Handbag, Red","travel-bags","1","5","4","blocked_pending","Not requested after Best Buy edge denied further access."
"bbca-19894938","Checkered Crossbody Tote Bag for Women, Large Capacity Plaid Shoulder Handbag with Adjustable Strap, Zipper Pockets, Top Handles, Black/Brown Daily Travel Purse","travel-bags","1","5","4","blocked_pending","Not requested after Best Buy edge denied further access."
"bbca-19388101","Steampunk heavy PU leather waist bag - retro mechanical style mobile phone and coin chest bag, decorative bag","travel-bags","1","5","4","blocked_pending","Not requested after Best Buy edge denied further access."
"bbca-19987586","Garment Bags Clear Hanging Clothes Dust Cover Suit Storage Bags Washable 60 x 120 cm 6 Pack","travel-bags","1","5","4","blocked_pending","Not requested after Best Buy edge denied further access."
"bbca-20176044","2pcs Hanging Clothes Covers 180 x 60cm Folding Garment Bags Anti Dust Moisture Covers for Wedding Dresses Coats and Evening Dresses","travel-bags","1","5","4","blocked_pending","Not requested after Best Buy edge denied further access."
"bbca-19987648","Garment Bags Clear Hanging Clothes Dust Cover Suit Storage Bags Washable 60 x 80 cm 6 Pack","travel-bags","1","5","4","blocked_pending","Not requested after Best Buy edge denied further access."
"bbca-19955638","Garment Storage Bag 60x140cm Long Clothing Dustproof Travel Storage Bag Set Of 6 White","travel-bags","1","5","4","blocked_pending","Not requested after Best Buy edge denied further access."
"bbca-19955646","Garment Storage Bags 60x140cm Set Of 6 Long Clothing Dustproof Closet Travel Organizer White","travel-bags","1","5","4","blocked_pending","Not requested after Best Buy edge denied further access."
"bbca-19955641","Kids Garment Bag Breathable Foldable Hanging Clothes Cover With 5 Pockets Travel Dance Performance Pink","travel-bags","1","5","4","blocked_pending","Not requested after Best Buy edge denied further access."
"bbca-19882047","Garment Bags - Dustproof Clothes Covers - Clear - 30PCS","travel-bags","1","5","4","blocked_pending","Not requested after Best Buy edge denied further access."
"bbca-19988058","Clothes Dust Cover 50x80x120cm Transparent Garment Bag with Zipper Protection for Suits Coats Shirts and Closet Storage","travel-bags","1","5","4","blocked_pending","Not requested after Best Buy edge denied further access."
"bbca-19270327","Insignia 20W All-in-1 Travel Adapter - Only at Best Buy","travel-bags","1","5","4","blocked_pending","Not requested after Best Buy edge denied further access."
"bbca-19270328","Insignia 70W All-in-1 Travel Adapter - Only at Best Buy","travel-bags","1","5","4","blocked_pending","Not requested after Best Buy edge denied further access."
"bbca-10394540","Insignia All-in-One Travel Adapter/Converter (NS-MTA1875-C) - Only at Best Buy","travel-bags","1","5","4","blocked_pending","Not requested after Best Buy edge denied further access."
"bbca-19883371","LOGiiX World Traveler Jet Setter Travel Adapter Kit (LGX-12019) - Black","travel-bags","1","5","4","blocked_pending","Not requested after Best Buy edge denied further access."
"bbca-19270329","Insignia 45W All-in-1 Travel Adapter - Only at Best Buy","travel-bags","1","5","4","blocked_pending","Not requested after Best Buy edge denied further access."
"bbca-17747805","Universal All in One 2 USB-A Ports Travel AC Plug Converter Wall Charger Power Adapter Interchange AU UK EU Plug","travel-bags","1","5","4","blocked_pending","Not requested after Best Buy edge denied further access."
"bbca-19361238","Insignia Travel Converter and Plug Adapters - Black - Only at Best Buy","travel-bags","1","5","4","blocked_pending","Not requested after Best Buy edge denied further access."
"bbca-14643149","Insignia Grounded Travel Adapter - Black - Only at Best Buy","travel-bags","1","5","4","blocked_pending","Not requested after Best Buy edge denied further access."
"bbca-16205065","European Travel Plug Adapter US to EU, 6-in-1 International Power Adapter with 2 American Outlets, 2 USB-C & 2 USB-A Ports, Type C Charger for France Germany Italy Spain Greece","travel-bags","1","5","4","blocked_pending","Not requested after Best Buy edge denied further access."
"bbca-19422111","Anker Nano European Travel Plug Adapter, 5-Port Fordable Travel Adapter with 1AC 2USB-A 2USB-C Ports,Temperature Control, Essentials for Over 200 Countries (1-Pack) (White)","travel-bags","1","5","4","blocked_pending","Not requested after Best Buy edge denied further access."
"bbca-20161065","Bestbuy Insignia 20W All-in-1 Travel Adapter 2x USB C+1USB","travel-bags","1","5","4","blocked_pending","Not requested after Best Buy edge denied further access."
"bbca-15995592","6 Pack of European to US/CA Plug Adapter Travel Power Plug Universal Power Jack Wall Plug Converter Input Europe/Asia to USA/Canada-White","travel-bags","1","5","4","blocked_pending","Not requested after Best Buy edge denied further access."
"bbca-19833527","Casio Vintage Digital Smartphone Link Stainless Steel Quartz ABL-100WE-1A Unisex Watch","fashion-watches","1","5","4","blocked_pending","Not requested after Best Buy edge denied further access."
"bbca-19950439","Casio F-91W-1 Classic Digital Watch, Water Resistant Lightweight Resin Watch with LED Light, Stopwatch, Daily Alarm and 7-Year Battery","fashion-watches","1","5","4","blocked_pending","Not requested after Best Buy edge denied further access."
"bbca-19833531","Casio Standard Digital World Time Leather Strap Quartz AE-1200WHL-5AV 100M Men's Watch","fashion-watches","1","5","4","blocked_pending","Not requested after Best Buy edge denied further access."
"bbca-19874837","Casio Analog Chronograph Stainless Steel Blue Dial Quartz MTP-E510D-2A2V Mens Watch","fashion-watches","1","5","4","blocked_pending","Not requested after Best Buy edge denied further access."
"bbca-19997119","Casio Digital Resin Strap Quartz W-221H-1AV Unisex Watch","fashion-watches","1","5","4","blocked_pending","Not requested after Best Buy edge denied further access."
"bbca-19978374","Casio Edifice Slim Line Black Dial Quartz EFR-S108D-1A 100M Mens Watch","fashion-watches","1","5","4","blocked_pending","Not requested after Best Buy edge denied further access."
"bbca-19978517","Casio Edifice Analog Standard Chronograph Stainless Steel Blue Dial Quartz EFR-526D-2A 100M Mens Watch","fashion-watches","1","5","4","blocked_pending","Not requested after Best Buy edge denied further access."
"bbca-19877630","Casio Illuminator Alarm Chronograph Digital Resin Strap Quartz W-218HC-8AV Unisex Watch","fashion-watches","1","5","4","blocked_pending","Not requested after Best Buy edge denied further access."
"bbca-19840432","Casio Vintage Digital Smartphone Link Gold Tone Stainless Steel Quartz ABL-100WEG-9A Unisex Watch","fashion-watches","1","5","4","blocked_pending","Not requested after Best Buy edge denied further access."
"bbca-19836369","Casio Vintage Analog Digital Gold Ion Plated Stainless Steel Beige Dial Quartz AQ-800EG-9A Unisex Watch","fashion-watches","1","5","4","blocked_pending","Not requested after Best Buy edge denied further access."
"bbca-19874667","Casio Standard Digital Bio-Based Resin Strap Quartz W-220H-1A3V Unisex Watch","fashion-watches","1","5","4","blocked_pending","Not requested after Best Buy edge denied further access."
"bbca-19874906","Casio G-SHOCK G-SQUAD BLUETOOTH Smartphone Link Digital GBD-200SM-1A6 Mens Watch","fashion-watches","1","5","4","blocked_pending","Not requested after Best Buy edge denied further access."
"bbca-19842766","Casio G-Shock Neon Accent Analog Digital Quartz GA-2100-1A2 GA2100-1A2 200M Men's Watch","fashion-watches","1","5","4","blocked_pending","Not requested after Best Buy edge denied further access."
"bbca-19829132","Casio Standard Analog Stainless Steel Turquoise Blue Dial Quartz MTP-VD01D-3E2V Mens Watch","fashion-watches","1","5","4","blocked_pending","Not requested after Best Buy edge denied further access."
"bbca-19952511","Casio Digital Resin Strap Quartz W-221H-8AV Unisex Watch","fashion-watches","1","5","4","blocked_pending","Not requested after Best Buy edge denied further access."
"bbca-19874336","Casio Black Resin Strap Black Dial Luminous Hands Quartz MTP-VD01-1E Mens Watch","fashion-watches","1","5","4","blocked_pending","Not requested after Best Buy edge denied further access."
"bbca-19806333","Casio G-SHOCK GA-2100-1A1 Quartz Mens Watch World Time Stopwatch Alarm Backlight","fashion-watches","1","5","4","blocked_pending","Not requested after Best Buy edge denied further access."
"bbca-19997117","Casio Analog Stainless Steel Turquoise Dial Quartz UTP-1302PD-2A2V Unisex Watch","fashion-watches","1","5","4","blocked_pending","Not requested after Best Buy edge denied further access."
"bbca-19852466","Casio Standard Analog Moon Phase Stainless Steel Black Dial Quartz MTP-M305D-1A2V Men's Watch","fashion-watches","1","5","4","blocked_pending","Not requested after Best Buy edge denied further access."
"bbca-19874228","Casio Analog Stainless Steel Blue Dial Japan Mov't Quartz MTPB140D2A Mens Watch","fashion-watches","1","5","4","blocked_pending","Not requested after Best Buy edge denied further access."
"bbca-19978455","Casio Digital Extra Long Resin Strap Quartz AE-1600HX-3AV 100M Unisex Watch","fashion-watches","1","5","4","blocked_pending","Not requested after Best Buy edge denied further access."
"bbca-19874085","Casio G-SHOCK Metal Covered Alarm Stopwatch Quartz GM-2100-1A 200M Mens Watch","fashion-watches","1","5","4","blocked_pending","Not requested after Best Buy edge denied further access."
"bbca-20149459","Casio Digital Stainless Steel Quartz A159WEVJ-2 Unisex Watch","fashion-watches","1","5","4","blocked_pending","Not requested after Best Buy edge denied further access."
"bbca-19874915","Casio G-Shock G-Lide Digital Smartphone Link Resin Strap Quartz GBX-100NS-1 200M Mens Watch","fashion-watches","1","5","4","blocked_pending","Not requested after Best Buy edge denied further access."
"bbca-19874166","Casio G-SHOCK G-SQUAD BLUETOOTH Mobile Link Digital GBD-200-2 200M Mens Watch","fashion-watches","1","5","4","blocked_pending","Not requested after Best Buy edge denied further access."
"bbca-19978632","Casio Standard Digital Step Tracker Resin Strap Quartz LWS-2200H-4 Unisex Watch","fashion-watches","1","5","4","blocked_pending","Not requested after Best Buy edge denied further access."
"bbca-19874806","Casio Standard Digital Bio-Based Resin Strap Quartz W-220H-1A2V Unisex Watch","fashion-watches","1","5","4","blocked_pending","Not requested after Best Buy edge denied further access."
"bbca-19978550","Casio Analog Digital Combination Stainless Steel Light Blue Dial Quartz AMW-870DA-2A2V Mens Watch","fashion-watches","1","5","4","blocked_pending","Not requested after Best Buy edge denied further access."
"bbca-19978350","Casio Analog Leather Strap Black Dial Quartz MTP-B195L-1AV Mens Watch","fashion-watches","1","5","4","blocked_pending","Not requested after Best Buy edge denied further access."
"bbca-19833528","Casio Vintage Analog Digital Gold Tone Stainless Steel Brown Dial Quartz AQ-230GA-5A Unisex Watch","fashion-watches","1","5","4","blocked_pending","Not requested after Best Buy edge denied further access."
"bbca-19978581","Casio Digital Black Dual Time Resin Strap Quartz W-800H-1BV 100M Mens Watch","fashion-watches","1","5","4","blocked_pending","Not requested after Best Buy edge denied further access."
"bbca-19978457","Casio Analog Stainless Steel Black Dial Quartz MTP-B195D-1AV Mens Watch","fashion-watches","1","5","4","blocked_pending","Not requested after Best Buy edge denied further access."
"bbca-19292661","VEVOR Watch Winder, for 4 Men's and Women's Automatic Watches, with 4 Super Quiet Japanese Mabuchi Motors, Blue LED Light and Adapter, High-Density Board Shell and Black PU","fashion-watches","1","5","4","blocked_pending","Not requested after Best Buy edge denied further access."
"bbca-19988850","Watch Winder Box Luxury Wooden Watch Storage Case Silent Motor Adjustable Cushion","fashion-watches","1","5","4","blocked_pending","Not requested after Best Buy edge denied further access."
"bbca-19309225","VEVOR Watch Winder, Dual Watch Winder for Automatic Watch, with 2 Super Quiet Japanese Mabuchi Motors, Blue LED Light and Adapter, High-Density Board Shell and Black PU","fashion-watches","1","5","4","blocked_pending","Not requested after Best Buy edge denied further access."
"bbca-19292662","VEVOR Watch Winder, for 4 Men's and Women's Automatic Watches, with 2 Super Quiet Japanese Mabuchi Motors, Blue LED Light and Adapter, High-Density Board Shell and Black PU","fashion-watches","1","5","4","blocked_pending","Not requested after Best Buy edge denied further access."
"bbca-17164016","Mele and Co Langdon Watch Winder","fashion-watches","1","5","4","blocked_pending","Not requested after Best Buy edge denied further access."
"bbca-17164014","Mele and Co Madison Burke Gustavo Watch Winder","fashion-watches","1","5","4","blocked_pending","Not requested after Best Buy edge denied further access."
"bbca-17391044","Gold Cubic Zirconia Infinity Necklace","fashion-watches","1","5","4","blocked_pending","Not requested after Best Buy edge denied further access."
"bbca-17401924","14K Yellow Gold Necklace with Dangling Hearts","fashion-watches","1","5","4","blocked_pending","Not requested after Best Buy edge denied further access."
"bbca-19900003","Men Cross Pendant Necklace Titanium Steel 18K Gold Plated Chain Jewelry","fashion-watches","1","5","4","blocked_pending","Not requested after Best Buy edge denied further access."
"bbca-17401651","14k Rose Gold Polished Mini Heart Necklace","fashion-watches","1","5","4","blocked_pending","Not requested after Best Buy edge denied further access."
"bbca-19907034","Gold Compass Necklace Jewelry Pendant Inspirational Gift Card Chain Necklace for Women Girls Adventure Travel Good Luck 1 Piece","fashion-watches","1","5","4","blocked_pending","Not requested after Best Buy edge denied further access."
"bbca-19899997","18K Gold Cuban Chain Necklace for Men Stainless Steel Fashion Jewelry","fashion-watches","1","5","4","blocked_pending","Not requested after Best Buy edge denied further access."
"bbca-19901932","15PCS Necklace Extenders Gold Rose Gold Silver 5-15cm Adjustable","fashion-watches","1","5","4","blocked_pending","Not requested after Best Buy edge denied further access."
"bbca-17237099","Delicate Rose Gold Plated loved Necklace","fashion-watches","1","5","4","blocked_pending","Not requested after Best Buy edge denied further access."
"bbca-17401946","14k Yellow Gold Chain Necklace with a Shiny Flat Bar","fashion-watches","1","5","4","blocked_pending","Not requested after Best Buy edge denied further access."
"bbca-17402069","14k Yellow Gold Chain Necklace with Cross Stations","fashion-watches","1","5","4","blocked_pending","Not requested after Best Buy edge denied further access."
"bbca-17401381","14k Yellow Gold Chain Necklace with Horizontal Arrow Pendant","fashion-watches","1","5","4","blocked_pending","Not requested after Best Buy edge denied further access."
"bbca-17241958","Rose Gold Plated Double Chain FAITH Necklace","fashion-watches","1","5","4","blocked_pending","Not requested after Best Buy edge denied further access."
"bbca-17402190","14K Yellow Gold Necklace with Dangling Stars","fashion-watches","1","5","4","blocked_pending","Not requested after Best Buy edge denied further access."
"bbca-19636864","Orafina 10K Yellow Gold Open Heart Pendant Necklace for Women with Cubic Zirconia Accent – 18"" Chain","fashion-watches","1","5","4","blocked_pending","Not requested after Best Buy edge denied further access."
"bbca-17402081","14k Yellow Gold Plain Cross Motif Necklace","fashion-watches","1","5","4","blocked_pending","Not requested after Best Buy edge denied further access."
"bbca-19636863","Orafina 10K Yellow Gold Freshwater Pearl Pendant Necklace for Women – 18"" Chain","fashion-watches","1","5","4","blocked_pending","Not requested after Best Buy edge denied further access."
"bbca-17401559","14k Yellow Gold Padlock Necklace","fashion-watches","1","5","4","blocked_pending","Not requested after Best Buy edge denied further access."
"bbca-19636862","Orafina Women’s 10K Yellow Gold Open Heart Pendant Necklace with Freshwater Pearl & CZ - 18"" Chain","fashion-watches","1","5","4","blocked_pending","Not requested after Best Buy edge denied further access."
"bbca-17401715","14k Yellow Gold Flower Necklace with Pearl","fashion-watches","1","5","4","blocked_pending","Not requested after Best Buy edge denied further access."
"bbca-17402182","14k White Gold Necklace with Polished Circles","fashion-watches","1","5","4","blocked_pending","Not requested after Best Buy edge denied further access."
"bbca-17401964","14K Yellow Gold Tree of Life Necklace","fashion-watches","1","5","4","blocked_pending","Not requested after Best Buy edge denied further access."
"bbca-16343312","Shades X - Polarized Sunglasses | Model 29005 | Clear","fashion-watches","1","5","4","blocked_pending","Not requested after Best Buy edge denied further access."
"bbca-16345038","Shades X - Polarized Sunglasses | Model 8020 | Black Frame - Amber Yellow Lens","fashion-watches","1","5","4","blocked_pending","Not requested after Best Buy edge denied further access."
"bbca-16342829","Shades X - Polarized Sunglasses | Model 31071 |Clear","fashion-watches","1","5","4","blocked_pending","Not requested after Best Buy edge denied further access."
"bbca-16343289","Shades X Sunglasses - Polarized Lens | Model 29002 | Purple Demi","fashion-watches","1","5","4","blocked_pending","Not requested after Best Buy edge denied further access."
"bbca-16366410","Kiddos Polarized Sunglasses | Model S8113 | Purple","fashion-watches","1","5","4","blocked_pending","Not requested after Best Buy edge denied further access."
"bbca-16343313","Shades X - Polarized Sunglasses | Model 29002 | Brown","fashion-watches","1","5","4","blocked_pending","Not requested after Best Buy edge denied further access."
"bbca-16366451","Kiddos Polarized Sunglasses | Model S8290 | Black","fashion-watches","1","5","4","blocked_pending","Not requested after Best Buy edge denied further access."
"bbca-16342861","Shades X - Polarized Sunglasses | Model 1919 | Brown-Brown","fashion-watches","1","5","4","blocked_pending","Not requested after Best Buy edge denied further access."
"bbca-19914477","Sundog Eyewear Whip Polarized Sunglasses","fashion-watches","1","5","4","blocked_pending","Not requested after Best Buy edge denied further access."
"bbca-19914485","Sundog Eyewear Money Polarized Sunglasses","fashion-watches","1","5","4","blocked_pending","Not requested after Best Buy edge denied further access."
"bbca-19934039","Men's Wraparound Polarized Sunglasses with UV400 Protection, Lightweight Plastic Frame Sports Shades for Driving Fishing Golf Outdoor Activities","fashion-watches","1","5","4","blocked_pending","Not requested after Best Buy edge denied further access."
"bbca-16342700","Shades X - Polarized Sunglasses | Model 31065 | Clear","fashion-watches","1","5","4","blocked_pending","Not requested after Best Buy edge denied further access."
"bbca-19826356","The North Face Women’s Nuptse Jacket – Insulated Down Jacket, Quilted Design","fashion-watches","1","5","4","blocked_pending","Not requested after Best Buy edge denied further access."
"bbca-19660157","VEVOR Heated Jacket for Women with 7.4V Battery, Soft Shell Electric Heating Coat, Windproof Lightweight Outerwear with 4 Heating Zones & 3 Heat Settings, for Outdoor Work, Black","fashion-watches","1","5","4","blocked_pending","Not requested after Best Buy edge denied further access."
"bbca-19904783","THE NORTH FACE Women's Hydrenalite™ Down Short Jacket","fashion-watches","1","5","4","blocked_pending","Not requested after Best Buy edge denied further access."
"bbca-19661120","VEVOR Heated Jacket for Women with 7.4V Battery, Soft Shell Electric Heating Coat,Windproof Waterproof Lightweight Outerwear with 5 Heating Zones & 3 Heat Settings,Machine Washable","fashion-watches","1","5","4","blocked_pending","Not requested after Best Buy edge denied further access."
"bbca-19793896","THE NORTH FACE Women's Hydrenalite Down Short Jacket – TNF Black, Medium","fashion-watches","1","5","4","blocked_pending","Not requested after Best Buy edge denied further access."
"bbca-19748435","The North Face Women’s Hydrenalite City Down Hooded Parka – Summit Navy, X-Large","fashion-watches","1","5","4","blocked_pending","Not requested after Best Buy edge denied further access."
"bbca-19869242","The North Face Women's Hydrenalite City Long Down Hooded Parka, TNF Black, Medium","fashion-watches","1","5","4","blocked_pending","Not requested after Best Buy edge denied further access."
"bbca-19865839","6 x Gildan Men’s Platinum Crew T-Shirts, Cotton Crew Neck Short Sleeve Undershirts for Men","fashion-watches","1","5","4","blocked_pending","Not requested after Best Buy edge denied further access."
"bbca-19697629","Basecamp Men's Heated Base Layer Shirt Onyx - Medium","fashion-watches","1","5","4","blocked_pending","Not requested after Best Buy edge denied further access."
"bbca-19686824","VEVOR Men's Button Up Shirt, Mens Long Sleeve Wrinkle-free Button Down Dress Shirts, Slim Fit Soft Stretch Fabric for Business Casual or Formal, Work, Wedding, Dinner, Black","fashion-watches","1","5","4","blocked_pending","Not requested after Best Buy edge denied further access."
"bbca-19646718","VEVOR 2XL FR Shirts, Flame Resistant Long Sleeve Clothing Lightweight 7 oz Breathable Cotton,Men's Fire Retardant Work Shirt with Pre-shrink Treatment&Pocket,for Welders,Navy Blue","fashion-watches","1","5","4","blocked_pending","Not requested after Best Buy edge denied further access."
"bbca-19656768","Basecamp Men's Heated Base Layer Shirt Onyx - XL","fashion-watches","1","5","4","blocked_pending","Not requested after Best Buy edge denied further access."
"bbca-18896272","Peter Parker Superhero Boys Short Sleeve T-Shirt for Toddler, Little Kids, Fashionable Tops, Tees & Shirts","fashion-watches","1","5","4","blocked_pending","Not requested after Best Buy edge denied further access."
"bbca-19656769","Basecamp Men's Heated Base Layer Shirt Onyx - Large","fashion-watches","1","5","4","blocked_pending","Not requested after Best Buy edge denied further access."
"bbca-19958664","Kool-Aid Logo Adult Red T-Shirt","fashion-watches","1","5","4","blocked_pending","Not requested after Best Buy edge denied further access."
"bbca-19656767","Basecamp Men's Heated Base Layer Shirt Onyx - 2XL","fashion-watches","1","5","4","blocked_pending","Not requested after Best Buy edge denied further access."
"bbca-18896261","Minions Boys Gru Graphic T-Shirt Take Your Friends with You Short Sleeve Kids Royal Blue (CA/US, Age, 5 Years, 6 Years, Royal Blue)","fashion-watches","1","5","4","blocked_pending","Not requested after Best Buy edge denied further access."
"bbca-19516153","VEVOR XL FR Shirts, Flame Resistant Long Sleeve Clothing Lightweight 7 oz Breathable Cotton, Men's Fire Retardant Work Shirt with Pre-shrink Treatment & Pocket, for Welders,Gray","fashion-watches","1","5","4","blocked_pending","Not requested after Best Buy edge denied further access."
"bbca-18896260","Minions Boys Gru Graphic T-Shirt Take Your Friends with You Short Sleeve Kids Royal Blue (CA/US, Age, 7 Years, 8 Years, Royal Blue)","fashion-watches","1","5","4","blocked_pending","Not requested after Best Buy edge denied further access."
"bbca-19384294","2016 25-Cent Lenticular Coin: Batman vs. Superman Dawn of Justice [Memorabilia]","fashion-watches","1","5","4","blocked_pending","Not requested after Best Buy edge denied further access."
"bbca-17555813","TP-Link Tapo Smart Pan/Tilt Indoor Security Camera, 360° Motion Tracking, 1080p Full HD WiFi Camera for Pet/Baby","pets","1","5","4","blocked_pending","Not requested after Best Buy edge denied further access."
"bbca-19599020","2K Indoor Pan-Tilt Pet & Baby Camera - 360° View, IR Night Vision 30ft, Motion & Sound Detection, Two-Way Audio","pets","1","5","4","blocked_pending","Not requested after Best Buy edge denied further access."
"bbca-17902454","2K Indoor Pan/Tilt Wi-Fi Pet & Baby Security Camera - 2-Pack, 360° View, Motion Tracking, 8x Zoom, Night Vision","pets","1","5","4","blocked_pending","Not requested after Best Buy edge denied further access."
"bbca-19591060","eufy Indoor Cam E220 2K Pan-Tilt Camera - 360° View, AI Human/Pet Tracking, Plug-In (2-Pack) - White","pets","1","5","4","blocked_pending","Not requested after Best Buy edge denied further access."
"bbca-19863438","eufy Security Indoor Cam S350, 4K UHD Resolution Dual Security Camera with 8× Zoom and 360° PTZ, Human/Pet AI, Dual-Band Wi-Fi 6, Plug in, White","pets","1","5","4","blocked_pending","Not requested after Best Buy edge denied further access."
"bbca-19877278","TP-Link Tapo C210P2 2K Pan/Tilt Indoor Wi-Fi Camera - 360° Motion Tracking, Two-Way Audio, Night Vision, Baby/Pet Monitor (2-Pack)","pets","1","5","4","blocked_pending","Not requested after Best Buy edge denied further access."
"bbca-17856927","LAXIHUB P2T 2K Indoor Pan/Tilt Wi-Fi Pet & Baby Camera - 360° View, Motion Tracking, 8x Zoom, Night Vision","pets","1","5","4","blocked_pending","Not requested after Best Buy edge denied further access."
"bbca-19464388","eufy Security Indoor Cam E220, 2K, Pan & Tilt, Indoor Security Camera, Wi-Fi Plug-in Camera, Human & Pet AI, Voice Assis","pets","1","5","4","blocked_pending","Not requested after Best Buy edge denied further access."
"bbca-17902455","2K Indoor Pan/Tilt Wi-Fi Pet & Baby Security Camera - 360° View, Motion Tracking, 8x Zoom, Night Vision, Two-Way Audio","pets","1","5","4","blocked_pending","Not requested after Best Buy edge denied further access."
"bbca-16271167","ICON BEST Automatic Pet Feeder with Camera for Dogs and Cats, 9 L Dry Food Dispenser with Programmable Timer, Portion Control (DU9L-V)","pets","1","5","4","blocked_pending","Not requested after Best Buy edge denied further access."
"bbca-17906297","2K Indoor Pan/Tilt Wi-Fi Pet & Baby Security Camera - 360° View, Auto Tracking, Motion & Sound Detection, Night Vision","pets","1","5","4","blocked_pending","Not requested after Best Buy edge denied further access."
"bbca-17864193","Wyze Cam v4 2.5K QHD Indoor/Outdoor Wi-Fi Security Camera - IP65, Colour Night Vision, Spotlight, Siren, Pet/Baby Monitor","pets","1","5","4","blocked_pending","Not requested after Best Buy edge denied further access."
"bbca-19327768","Oneisall Automatic Cat Feeder - 5L/20 Cups Timed Dry Food Dispenser for 2 Cats | Indoor Pet Feeder,Black","pets","1","5","4","blocked_pending","Not requested after Best Buy edge denied further access."
"bbca-19436066","Oneisall Automatic Cat Feeder with WiFi App Control, 3.5L Auto Dry Food Dispenser for Indoor Cats and Small Pets, Smart Portion Control Pet Feeder","pets","1","5","4","blocked_pending","Not requested after Best Buy edge denied further access."
"bbca-18890989","PETLIBRO Automatic Cat Food Dispenser, 5G WiFi Pet Feeder with APP Control for Pet Dry Food, 5L Automatic Cat Feeder","pets","1","5","4","blocked_pending","Not requested after Best Buy edge denied further access."
"bbca-17957907","Homerunpet Smart Pet Porcelain Bowl Feeders","pets","1","5","4","blocked_pending","Not requested after Best Buy edge denied further access."
"bbca-19913182","4.5L Push-Button WiFi Automatic Cat Feeder with Two Stainless Steel Bowls Smart Pet Food Dispenser for Cats and Dogs","pets","1","5","4","blocked_pending","Not requested after Best Buy edge denied further access."
"bbca-18934339","Automatic Cat Feeder, 3L Capacity Remote Control Timed Cat Feeder, Pet Food Dispenser Dog Feeding Station Dry Food Dispenser Smart Pet Feeder for Pet","pets","1","5","4","blocked_pending","Not requested after Best Buy edge denied further access."
"bbca-19979887","PawHut Automatic Cat Feeder with Camera, 2.4G WiFi, APP Control 8L Extra Large Pet Feeder 1-10 Meals with 2-Way Audio, Night Vision, Anti-Clogging, 10s Meal Call Back, Dual Power","pets","4","5","1","verified_multiple","4 suitable source photographs have been verified; five distinct exact-product images are required."
"bbca-19979958","Molly&Cody 14L Extra Large Automatic Dog Feeder with Anti-Jam Dispensing, 304 Stainless Steel Elevated Bowl & Dual Power Backup, Heavy Duty Auto Pet Feeder","pets","1","5","4","blocked_pending","Not requested after Best Buy edge denied further access."
"bbca-19965689","PawHut Automatic Cat Feeder, 2.4G WiFi, APP Control 8L Extra Large Pet Feeder 1-10 Meals with 10s Meal Call Back, Anti-Clogging, Dual Power, Detachable Clean","pets","4","5","1","verified_multiple","4 suitable source photographs have been verified; five distinct exact-product images are required."
"bbca-20172640","Geeni PetConnect Smart Pet Feeder, 4-Liter Automatic Food Dispenser, White","pets","1","5","4","blocked_pending","Not requested after Best Buy edge denied further access."
"bbca-19865918","Automatic Cat Feeder for 2 Cats, 5L Automatic Cat Food Dispenser for Small Pets Indoor, Timed Cat Feeder for Dry Food","pets","1","5","4","blocked_pending","Not requested after Best Buy edge denied further access."
"bbca-20170471","2Pcs Pet Supplies Silicone Licking Mat Cat Slow Feeder With Suction Cup Slow Feeding Pad Dog Licking Pad","pets","1","5","4","blocked_pending","Not requested after Best Buy edge denied further access."
"bbca-20170447","Stainless Steel Birds Parrot Feeder Round Aviary Pet Food Water Feeding Bowl S","pets","1","5","4","blocked_pending","Not requested after Best Buy edge denied further access."
"bbca-18171140","Petsite 3-In-1 Pet Stroller with Removable Car Seat Carrier 4-Level Adjustable Canopy","pets","1","5","4","blocked_pending","Not requested after Best Buy edge denied further access."
"bbca-19995292","Pet Carrier Bag Breathable Shoulder Bag for Cats Small Dogs Spacious Portable","pets","1","5","4","blocked_pending","Not requested after Best Buy edge denied further access."
"bbca-19409394","VEVOR 35lbs Capacity Pet Stroller, Foldable Stroller Cart, 3-Wheel Stroller with Mesh Windows and Cup Holders, Portable Pet Carrier Stroller with Brake, for Small/Medium Pets","pets","1","5","4","blocked_pending","Not requested after Best Buy edge denied further access."
"bbca-19924168","Dog Carrier Harness Pet Sling Carrier Breathable Oxford Cloth Travel Bag Size S 1 Piece","pets","1","5","4","blocked_pending","Not requested after Best Buy edge denied further access."
"bbca-19301278","VEVOR 25 lbs Cat Carrier with Wheels, Airline Approved Rolling Pet Carrier with Telescopic Handle and Shoulder Strap, Dog Carrier with Wheels for Pets, with 1 Folding Bowl, Grey","pets","1","5","4","blocked_pending","Not requested after Best Buy edge denied further access."
"bbca-20145524","PawHut Pet Carrier Bag, Soft-Sided Dog Carrier for Extra Large Dogs, Portable Pet Travel Bag with Security Buckle Strap, Mesh Windows, Washable Cushion and Bowl, Light Grey","pets","4","5","1","verified_multiple","4 suitable source photographs have been verified; five distinct exact-product images are required."
"bbca-19924336","Pet Bicycle Basket Dog Carrier Backpack for Dogs Cats up to 10 kg Grey 1 Piece","pets","1","5","4","blocked_pending","Not requested after Best Buy edge denied further access."
"bbca-20171990","Portable Hamster Carrier Cage Small Animal Travel Cage With Water Bottle Outdoor Pet Carrying Box Yellow","pets","1","5","4","blocked_pending","Not requested after Best Buy edge denied further access."
"bbca-19995310","Cat Carrier Bag Portable Pet Carrier Oxford Fabric Breathable Shoulder Bag","pets","1","5","4","blocked_pending","Not requested after Best Buy edge denied further access."
"bbca-20129234","PawHut Pet Carrier Bag, Soft-Sided Dog Carrier with Bottom Board and Mesh Windows, Foldable Pet Travel Bag for Mini Dogs Under 22 lbs and Cats, Grey","pets","4","5","1","verified_multiple","4 suitable source photographs have been verified; five distinct exact-product images are required."
"bbca-17399126","axGear Pet Crate Airline Transport Cage Travel Carrier Dog Cat Traveling Camping","pets","1","5","4","blocked_pending","Not requested after Best Buy edge denied further access."
"bbca-20143947","PawHut Pet Carrier Bag, Soft-Sided Dog Carrier for Small to Large Dogs, Portable Pet Travel Bag with Security Buckle Strap, Mesh Windows, Washable Cushion and Bowl, Light Grey","pets","4","5","1","verified_multiple","4 suitable source photographs have been verified; five distinct exact-product images are required."
"bbca-19860427","SATELLAI Wireless Fence System & GPS Tracker Dog Collar, Candy Apple Red","pets","1","5","4","blocked_pending","Not requested after Best Buy edge denied further access."
"bbca-19901159","Light up Dog Collars, USB Rechargeable LED Dog Collar, Adjustable LED Cat Collar, Durable Flashing Collar for Cats, Puppy, Small, Medium, Large Dogs (Green, XS)","pets","1","5","4","blocked_pending","Not requested after Best Buy edge denied further access."
"bbca-19860493","SATELLAI Wireless Fence System & GPS Tracker Dog Collar, Shocking Pink","pets","1","5","4","blocked_pending","Not requested after Best Buy edge denied further access."
"bbca-19901208","12 Pcs Cat Collars, Soft Adjustable Small Dog Collar with Safety Buckle for Cats and Puppies Neck, Durable Reusable Washable Puppy Collars with Detachable Cute Pendant","pets","1","5","4","blocked_pending","Not requested after Best Buy edge denied further access."
"bbca-20105668","SATELLAI Collar Go Smart GPS Dog Tracker Live Tracking AI Health Monitoring IP68 Waterproof Medium","pets","1","5","4","blocked_pending","Not requested after Best Buy edge denied further access."
"bbca-19901382","2 Pack Cat Collar with Bell, Adjustable Cute Kitten Collars Nylon Unbreakaway Pet Collars 7.5-12.5 Heart Printed Dog Collar with Safety Buckle for Kitty Puppy Small Dogs Boy Girl","pets","1","5","4","blocked_pending","Not requested after Best Buy edge denied further access."
"bbca-19988752","GPS Collar for Cats and Dogs Pet Tracker Tag Holder IP67 Waterproof Live Location Sharing Black","pets","1","5","4","blocked_pending","Not requested after Best Buy edge denied further access."
"bbca-19926522","for Samsung Galaxy SmartTag2 Dog Collar Holders, 2pcs Waterproof Anti-Loss Protective Cover Sleeve for Pet Dog Cat","pets","1","5","4","blocked_pending","Not requested after Best Buy edge denied further access."
"bbca-19821387","Tiniest Small Dog Collar, Lightest Dog Training Collar with 2000ft Remote, Tailored for Small Dogs 5-15lbs & Medium Large Dogs, Beep, Vibrate Lighting, Waterproof","pets","1","5","4","blocked_pending","Not requested after Best Buy edge denied further access."
"bbca-15886932","Arf Pets Dog Cooling Collar, 100% Non-Toxic Material, Relieves Heat Stress - Stays Cool for Hours","pets","1","5","4","blocked_pending","Not requested after Best Buy edge denied further access."
"bbca-19399020","PATPET Dog Training Collar withRemote - Electric Dog Shock Collar forSmall Medium Large Dogs -3Adjustable Safe Modes, Rechargeable Waterproof E Collar for Dogs (8-120 lbs)","pets","1","5","4","blocked_pending","Not requested after Best Buy edge denied further access."
"bbca-20174887","Wireless Pet Containment System, Smart Dog Fence with Waterproof Collar","pets","1","5","4","blocked_pending","Not requested after Best Buy edge denied further access."
"bbca-19901077","AirTag Cat Collars, Stretchy Collar with Apple AirTag Holder and Bell, Breakaway Ultra Design Elastic GPS Tracking Collars for Cats and Puppies, (7.5-12.5 Inch), Green","pets","1","5","4","blocked_pending","Not requested after Best Buy edge denied further access."
"bbca-20170390","20Pc Snap Hooks For Dog Leash Collar Linking, Heavy Duty Swivel","pets","1","5","4","blocked_pending","Not requested after Best Buy edge denied further access."
"bbca-19827247","Professional Dog Clippers for Thick Coats with Stainless Steel Blades Waterproof Pet Grooming Trimmer","pets","1","5","4","blocked_pending","Not requested after Best Buy edge denied further access."
"bbca-19432257","Quiet Dog Grooming Clippers - 4 in 1 Professional Dog Hair Clippers for Small Cats Dogs Pets, Rechargeable Cordless Pet Trimmer for Grooming","pets","1","5","4","blocked_pending","Not requested after Best Buy edge denied further access."
"bbca-19327760","Oneisall Pet Grooming Kit - Waterproof Cordless Pet Clippers for Thick Coats | Low Noise Stainless Steel Blade & Paw Trimmer","pets","1","5","4","blocked_pending","Not requested after Best Buy edge denied further access."
"bbca-19327761","Oneisall Pet Grooming Kit - Grooming Vacuum with Clipper & Nail Grinder 7 Tools 1.5L Dust Cup for Shedding Pet Hair","pets","1","5","4","blocked_pending","Not requested after Best Buy edge denied further access."
"bbca-19380750","Dog Clippers for Grooming/Rechargeable Pet Shaver with Stainless Steel Blade/Dog Shaver for Dogs Pets and Animals","pets","1","5","4","blocked_pending","Not requested after Best Buy edge denied further access."
"bbca-20172012","Dog Brush Set 9 Pieces Multifunctional Self Cleaning Pet Grooming Kit with Nail Clippers and Nail File for Dogs and Cats","pets","1","5","4","blocked_pending","Not requested after Best Buy edge denied further access."
"bbca-19330004","4-in-1 Dog Grooming Clippers Kit,Low Noise Pet Trimmer Set with Paw Trimmer,Rechargeable Cordless Nail Grinder,Pet Shaver for Cats & Dogs","pets","1","5","4","blocked_pending","Not requested after Best Buy edge denied further access."
"bbca-19893907","Pet Grooming Kit & Dog Hair Vacuum 99% Pet Hair Suction Clippers, 2.5L Pet Vacuum Groomer with 6 Pet Grooming Tools, 4 Nozzles, Quiet Brush Vacuum for Dogs Cats","pets","1","5","4","blocked_pending","Not requested after Best Buy edge denied further access."
"bbca-20170452","Professional Manual Hair Clipper Pet Grooming Scissors Clippers Mute Barber Tool For Home, Pet Grooming 1Pcs","pets","1","5","4","blocked_pending","Not requested after Best Buy edge denied further access."
"bbca-19995294","Pet Hair Clipper Dog Grooming Trimmer Electric Cat Shaver Teddy Bear Hair Cutter","pets","1","5","4","blocked_pending","Not requested after Best Buy edge denied further access."
"bbca-20170330","Pet Nail Clippers With Adjustable Hole Cat Nail Clipper Cutter Pet Claw Trimmer Puppy Kitten Care Grooming Tool Pink","pets","1","5","4","blocked_pending","Not requested after Best Buy edge denied further access."
"bbca-19934097","Pet Trimmer Electric Grooming Clipper with Steel Blades for Sensitive Areas 1 Piece","pets","1","5","4","blocked_pending","Not requested after Best Buy edge denied further access."
"bbca-19995282","Rechargeable Pet Clipper Cat Dog Paw Trimmer Digital Display Grooming Tool","pets","1","5","4","blocked_pending","Not requested after Best Buy edge denied further access."
"bbca-19327759","Oneisall 3-in-1 Pet Grooming Kit - Cordless Pet Clippers for Matted Hair & Paw Trimmer | 2-Speed for Cats/Small Dogs","pets","1","5","4","blocked_pending","Not requested after Best Buy edge denied further access."
"bbca-19672029","PawHut Automatic Dog Ball Launcher with 5 2.3"" ETPU Balls, Dog Ball Thrower with 3 Distance Settings (20/33/46 ft), Indoor Outdoor Interactive Toy for Small Medium Breeds, Green","pets","4","5","1","verified_multiple","4 suitable source photographs have been verified; five distinct exact-product images are required."
"bbca-20169685","Dog Rope Toys 2 Nearly Indestructible Dog Toys, Dog Toy For Medium to Large Breed, Dental Cleaning Chew Toys","pets","1","5","4","blocked_pending","Not requested after Best Buy edge denied further access."
"bbca-20170468","Pet Dog Toy Interesting Tennis Football Tooth Cleaning Toy For Dogs C","pets","1","5","4","blocked_pending","Not requested after Best Buy edge denied further access."
"bbca-20170495","Stuffed Dog Toys Crinkle Squeakers Squeaky Plush Dog Toy For Small Medium Large Breed Puppy Chewing Teeth Cleaningkeep A","pets","1","5","4","blocked_pending","Not requested after Best Buy edge denied further access."
"bbca-20169740","Pet Dog Toy Interesting Tennis Football Tooth Cleaning Toy For Dogs F","pets","1","5","4","blocked_pending","Not requested after Best Buy edge denied further access."
"bbca-20169812","Pet Dog Toy Interesting Tennis Football Tooth Cleaning Toy For Dogs E","pets","1","5","4","blocked_pending","Not requested after Best Buy edge denied further access."
"bbca-20170391","Indestructible Plush Dog Toy For Aggressive Chewers, Squeaky, Soft, Ideal For All Dog Sizes","pets","1","5","4","blocked_pending","Not requested after Best Buy edge denied further access."
"bbca-20170449","Dog Toys Sound Portable Long Lasting Chew Squeaker Small Dog Toys For Puppy Pet Outdoor Play Relaxing Home Livingroom B","pets","1","5","4","blocked_pending","Not requested after Best Buy edge denied further access."
"bbca-20169980","Pet Dog Toy Interesting Tennis Football Tooth Cleaning Toy For Dogs D","pets","1","5","4","blocked_pending","Not requested after Best Buy edge denied further access."
"bbca-20170043","Dog Toy Chicken Sounding Toy Puppy Interactive Squeaking Dog Toy Teething Plush Toy","pets","1","5","4","blocked_pending","Not requested after Best Buy edge denied further access."
"bbca-20170459","Elastic Toy Ball For Pets Chewable Sound-Making Nteractive And Dog Training Dog Interaction to Relieve Boredom A","pets","1","5","4","blocked_pending","Not requested after Best Buy edge denied further access."
"bbca-20170044","Funny Dog Toys For Medium, Small-Stuffed Cute Gifts For Dog Birthday","pets","1","5","4","blocked_pending","Not requested after Best Buy edge denied further access."
"bbca-19580520","PawHut Self Cleaning Litter Box, Open-Top Automatic Cat Litter Box with Integrated Safety Protection, Odor-Free Waste Disposal, Trash Bag, Large Waste Bin, for Multiple Cats","pets","4","5","1","verified_multiple","4 suitable source photographs have been verified; five distinct exact-product images are required."
"bbca-20132198","GARVEE Open-Top Self-Cleaning Cat Litter Box, Automatic Litter Tray with App Control - Safety Sensors","pets","1","5","4","blocked_pending","Not requested after Best Buy edge denied further access."
"bbca-19754719","PawHut Self Cleaning Litter Box, Automatic Cat Litter Box for Multi Cats, Extra Large 72L, App Control, Safety Sensor, Odor Isolation, Deodorant Gel, 1 Trash Bag and Litter Mat","pets","4","5","1","verified_multiple","4 suitable source photographs have been verified; five distinct exact-product images are required."
"bbca-19265575","Litter-Robot 4 by Whisker, Black - Automatic, Self-Cleaning Litter Box, Includes 1 Year of WhiskerCare","pets","1","5","4","blocked_pending","Not requested after Best Buy edge denied further access."
"bbca-20132194","GARVEE Automatic Self-Cleaning Cat Litter Box – 68L Large Capacity Robot – Multi-Cat Odor Control","pets","1","5","4","blocked_pending","Not requested after Best Buy edge denied further access."
"bbca-20145525","PawHut Stainless Steel Cat Litter Box with Lid, High Sided Enclosed Litter Box with Removable Lid, Tray, Scoop, Easy to Clean, Odor Control, Anti-Leakage, Grey","pets","4","5","1","verified_multiple","4 suitable source photographs have been verified; five distinct exact-product images are required."
"bbca-19775844","Gymax Self-Cleaning Open-Top Cat Litter Box for Multi-Cat & Senior Cats Home","pets","1","5","4","blocked_pending","Not requested after Best Buy edge denied further access."
"bbca-19634126","PETKIT PuraMax 2 Automatic Self-Cleaning Cat Litter Box, App Control Automatic Litter Box with Safety Sensors, Odor Free & Anti-Leakage Premium Bundle ,2.4G WiFi","pets","1","5","4","blocked_pending","Not requested after Best Buy edge denied further access."
"bbca-19932091","PawHut Stainless Steel Litter Box with Lid, Enclosed Cat Litter Box with Scoop, Deodorizer Bag, Handle, Odour Control, Non-Sticky and Easy to Clean, Dark Grey","pets","4","5","1","verified_multiple","4 suitable source photographs have been verified; five distinct exact-product images are required."
"bbca-19391391","Smart Cat Odor Purifier For Cat Litter Box Deodorizer Pet Toilet Air Purifier Dog Cat Litter Deodorant, Dust-Free, No Consumables","pets","1","5","4","blocked_pending","Not requested after Best Buy edge denied further access."
"bbca-19882106","PawHut XL Stainless Steel Cat Litter Box, Sifting Cat Litter Box with Sifting Pan, High Sides for Medium and Large Cats, Non-Sticky, Odour Control, Easy Cleaning, Silver","pets","4","5","1","verified_multiple","4 suitable source photographs have been verified; five distinct exact-product images are required."
"bbca-20132192","GARVEE 50×35×22Cm Stainless Steel Cat Litter Box with High Removable Sides,Leakproof & Non-Stick Metal Litter Tray","pets","1","5","4","blocked_pending","Not requested after Best Buy edge denied further access."
"bbca-17667025","PawHut 13' x 7.5' x 6' Extra Large Outdoor Dog Kennel, Walk-in Dog Run House, Chain-Link Mesh Sidewalls, Puppy Kennel Backyard Playpen for Training","pets","4","5","1","verified_multiple","4 suitable source photographs have been verified; five distinct exact-product images are required."
"bbca-17186682","Garmin Pro 70 Dog Training System","pets","1","5","4","blocked_pending","Not requested after Best Buy edge denied further access."
"bbca-19911994","Smart Dog Training Collar Orange Rechargeable Pet Anti Bark Warning Device","pets","1","5","4","blocked_pending","Not requested after Best Buy edge denied further access."
"bbca-20170522","Indoor Dog Potty Tray Mesh Dog Training Toilet Potty Tray Puppy Toilet Anti-Slide Dog Toilets Anti Mesh Training C","pets","1","5","4","blocked_pending","Not requested after Best Buy edge denied further access."
"bbca-19924344","Dog Training Pads Washable Quick Dry Potty Pads Non Slip 2 Pieces","pets","1","5","4","blocked_pending","Not requested after Best Buy edge denied further access."
"bbca-17072281","ISTAR 3 Layers Large Dog Pet Potty Training Pee Pad Mat Puppy Tray With Grass Indoor","pets","1","5","4","blocked_pending","Not requested after Best Buy edge denied further access."
"bbca-15735396","Grass Bathroom for Dog Puppy Portable Potty Pad tray Trainer Indoor Alternative","pets","1","5","4","blocked_pending","Not requested after Best Buy edge denied further access."
"bbca-19354363","PawHut Pee Pad Holder, Dog Potty Tray for Indoor Outdoor, 18"" x 13"" Easy to Clean Dog Training Toilet Pee Pad Tray, Grey","pets","4","5","1","verified_multiple","4 suitable source photographs have been verified; five distinct exact-product images are required."
"bbca-20170524","1 Set Dog Scent Work Tins Training Kit Nose Work Magnetic Dots Scent Work Containers For Dogs Training Box Smell Cans","pets","1","5","4","blocked_pending","Not requested after Best Buy edge denied further access."
"bbca-15719499","Premium Pet House braking Pee Training Pads Underpads Piddle Dog Puppy Pet Large","pets","1","5","4","blocked_pending","Not requested after Best Buy edge denied further access."
"bbca-20170511","Pet Training Whip For Dogs And Horses, Sound-Producing Training Stick For Behavior Management","pets","1","5","4","blocked_pending","Not requested after Best Buy edge denied further access."
"bbca-16699431","Apple Gift Card $200 - Digital Download","gift-cards","1","5","4","blocked_pending","Not requested after Best Buy edge denied further access."
"bbca-17104072","Uber & Uber Eats Gift Card - $200 - Digital Download","gift-cards","1","5","4","blocked_pending","Not requested after Best Buy edge denied further access."
"bbca-17373472","Esso Mobil Gift Card - $100 - Digital Download","gift-cards","1","5","4","blocked_pending","Not requested after Best Buy edge denied further access."
"bbca-19590000","Best Buy Evergreen Brand Gift Card - $500","gift-cards","1","5","4","blocked_pending","Not requested after Best Buy edge denied further access."
"bbca-18585184","AnyCard Multi-Brand $100 eGift Card - Digital Download","gift-cards","1","5","4","blocked_pending","Not requested after Best Buy edge denied further access."
"bbca-18486925","Winners Gift Card - $50 - Digital Download","gift-cards","1","5","4","blocked_pending","Not requested after Best Buy edge denied further access."
"bbca-12551156","PlayStation Store $100 Gift Card - Digital Download","gift-cards","1","5","4","blocked_pending","Not requested after Best Buy edge denied further access."
"bbca-18910344","Valorant $50 Gift Card - Digital Download","gift-cards","1","5","4","blocked_pending","Not requested after Best Buy edge denied further access."
"bbca-19284555","Blizzard Battle.net Gift Card - $30 - Digital Download","gift-cards","1","5","4","blocked_pending","Not requested after Best Buy edge denied further access."
"bbca-10629926","XBOX Live $100 Gift Card - Digital Download","gift-cards","1","5","4","blocked_pending","Not requested after Best Buy edge denied further access."
"bbca-16647010","EA Play Gift Card - $40 - Digital Download","gift-cards","1","5","4","blocked_pending","Not requested after Best Buy edge denied further access."
"bbca-19653544","Fortnite Gift Card - $150 - Digital Download","gift-cards","1","5","4","blocked_pending","Not requested after Best Buy edge denied further access."
"bbca-17212140","XBOX Game Pass Essential 12-Month Membership - Digital Download","gift-cards","1","5","4","blocked_pending","Not requested after Best Buy edge denied further access."
"bbca-20099762","Madden NFL 27 (Switch 2) - Digital Download","gift-cards","1","5","4","blocked_pending","Not requested after Best Buy edge denied further access."
"bbca-19657796","XBOX Game Pass Ultimate 3-Month Membership - Digital Download","gift-cards","1","5","4","blocked_pending","Not requested after Best Buy edge denied further access."
"bbca-17257609","Red Dead Redemption (Switch) - Digital Download","gift-cards","1","5","4","blocked_pending","Not requested after Best Buy edge denied further access."
"bbca-20099766","NBA 2K27 (XBOX Series X|S) - Digital Download","gift-cards","1","5","4","blocked_pending","Not requested after Best Buy edge denied further access."
"bbca-20099754","NBA 2K27 Deluxe Edition (XBOX Series X|S) - Digital Download","gift-cards","1","5","4","blocked_pending","Not requested after Best Buy edge denied further access."
"bbca-19657793","XBOX Game Pass Ultimate 1-Month Membership - Digital Download","gift-cards","1","5","4","blocked_pending","Not requested after Best Buy edge denied further access."
"bbca-19128367","Stray (Switch) - Digital Download","gift-cards","1","5","4","blocked_pending","Not requested after Best Buy edge denied further access."
"bbca-17212138","XBOX Game Pass Essential 6-Month Membership - Digital Download","gift-cards","1","5","4","blocked_pending","Not requested after Best Buy edge denied further access."
"bbca-19779108","WWE 2K26 (XBOX Series X|S) - Digital Download","gift-cards","1","5","4","blocked_pending","Not requested after Best Buy edge denied further access."
"bbca-17212139","XBOX Game Pass Essential 3-Month Membership - Digital Download","gift-cards","1","5","4","blocked_pending","Not requested after Best Buy edge denied further access."
"bbca-19804467","Mcafee Antivirus - 10-devices (MAV00ZTSXRAA)","gift-cards","1","5","4","blocked_pending","Not requested after Best Buy edge denied further access."
"bbca-16696527","McAfee Antivirus Software (1 PC 1 Year English) - Digital Download","gift-cards","1","5","4","blocked_pending","Not requested after Best Buy edge denied further access."
"bbca-19467037","Bitdefender Antivirus Plus Bonus Edition (PC/Mac/iOS/Android) - 3 Device - 1 User - 2 Year - Digital Download - Only at Best Buy","gift-cards","1","5","4","blocked_pending","Not requested after Best Buy edge denied further access."
"bbca-16496799","McAfee Total Protection (Windows/Mac/Android/iOS) - 5 Devices - 1 Year - Digital Download","gift-cards","1","5","4","blocked_pending","Not requested after Best Buy edge denied further access."
"bbca-19467036","Bitdefender Antivirus Plus (PC/Mac/iOS/Android) - 1 Device - 1 User - 1 Year - Digital Download","gift-cards","1","5","4","blocked_pending","Not requested after Best Buy edge denied further access."
"bbca-17919700","Malwarebytes Standard, Premium Software (Windows, Mac, OS, Android, Apple iOS, Chome) - 5 Devices - 1 Year - Digital Download","gift-cards","1","5","4","blocked_pending","Not requested after Best Buy edge denied further access."
"bbca-17630644","McAfee Total Protection (PC/Mac/Android/iOS) - 5 Devices - 1 Year - Digital Download","gift-cards","1","5","4","blocked_pending","Not requested after Best Buy edge denied further access."
"bbca-19430909","Bitdefender Antivirus Plus Bonus Edition (PC/Mac/iOS/Android) - 3 Device - 1 User - 2 Year - Only at Best Buy","gift-cards","1","5","4","blocked_pending","Not requested after Best Buy edge denied further access."
"bbca-17919698","Malwarebytes Standard, Premium Software (Windows, Mac, OS, Android, Apple iOS, Chome) - 10 Devices - 1 Year - Digital Download","gift-cards","1","5","4","blocked_pending","Not requested after Best Buy edge denied further access."
"bbca-16496800","McAfee Total Protection (Windows/Mac/Android/iOS) - 3 Devices - 1 Year - Digital Download","gift-cards","1","5","4","blocked_pending","Not requested after Best Buy edge denied further access."
"bbca-16496802","McAfee AntiVirus (Windows PC) - 1 Device - 1 Year - Digital Download","gift-cards","1","5","4","blocked_pending","Not requested after Best Buy edge denied further access."
"bbca-17403647","McAfee Total Protection (Win/Mac/Android/iOS/ChromeOS) -5 Devices -2 Year -Digital Download -Only at Best Buy","gift-cards","1","5","4","blocked_pending","Not requested after Best Buy edge denied further access."
"bbca-14364412","Norton AntiVirus Plus (PC/Mac) - 1 Device - 2GB Cloud Backup - 1-Year Subscription - Digital Download","gift-cards","1","5","4","blocked_pending","Not requested after Best Buy edge denied further access."
"bbca-19430912","Bitdefender Antivirus Plus (PC/Mac/iOS/Android) - 1 Device - 1 User - 1 Year","gift-cards","1","5","4","blocked_pending","Not requested after Best Buy edge denied further access."
"gh-telefonika-apple-iphone-17-51572241334548","Apple iPhone 17 (1SIM) — 256GB / Mist Blue","phones","2","5","3","verified_multiple","Official Apple UK model/colour images for the physical-SIM region: full front/back and head-on camera detail. AV3 repeats the hero crop and is excluded; fewer than five distinct views available."
"gh-telefonika-apple-iphone-17-51572241367316","Apple iPhone 17 (1SIM) — 256GB / Lavender","phones","2","5","3","verified_multiple","Official Apple UK model/colour images for the physical-SIM region: full front/back and head-on camera detail. AV3 repeats the hero crop and is excluded; fewer than five distinct views available."
"gh-telefonika-apple-iphone-17-pro-1sim-51420813328660","Apple iPhone 17 Pro (1SIM) — 256GB / Orange","phones","0","5","5","configuration_mismatch","Telefonika reuses image URLs across iPhone 17 Pro and Pro Max. The exact size cannot be independently verified from these shared retailer photographs. Exact-model photos are withheld pending a suitable source."
"gh-telefonika-apple-iphone-17-pro-1sim-51581946888468","Apple iPhone 17 Pro (1SIM) — 256GB / Silver","phones","0","5","5","configuration_mismatch","Telefonika reuses image URLs across iPhone 17 Pro and Pro Max. The exact size cannot be independently verified from these shared retailer photographs. Exact-model photos are withheld pending a suitable source."
"gh-telefonika-apple-iphone-17-pro-1sim-51561209495828","Apple iPhone 17 Pro (1SIM) — 512GB / Deep Blue","phones","0","5","5","configuration_mismatch","Telefonika reuses image URLs across iPhone 17 Pro and Pro Max. The exact size cannot be independently verified from these shared retailer photographs. Exact-model photos are withheld pending a suitable source."
"gh-telefonika-apple-iphone-17-pro-1sim-51561209528596","Apple iPhone 17 Pro (1SIM) — 512GB / Orange","phones","0","5","5","configuration_mismatch","Telefonika reuses image URLs across iPhone 17 Pro and Pro Max. The exact size cannot be independently verified from these shared retailer photographs. Exact-model photos are withheld pending a suitable source."
"gh-telefonika-apple-iphone-17-pro-1sim-51581946921236","Apple iPhone 17 Pro (1SIM) — 512GB / Silver","phones","0","5","5","configuration_mismatch","Telefonika reuses image URLs across iPhone 17 Pro and Pro Max. The exact size cannot be independently verified from these shared retailer photographs. Exact-model photos are withheld pending a suitable source."
"gh-telefonika-apple-iphone-17-pro-1sim-52267792040212","Apple iPhone 17 Pro (1SIM) — 1TB / Deep Blue","phones","0","5","5","configuration_mismatch","Telefonika reuses image URLs across iPhone 17 Pro and Pro Max. The exact size cannot be independently verified from these shared retailer photographs. Exact-model photos are withheld pending a suitable source."
"gh-telefonika-apple-iphone-17-pro-1sim-52267792072980","Apple iPhone 17 Pro (1SIM) — 1TB / Orange","phones","0","5","5","configuration_mismatch","Telefonika reuses image URLs across iPhone 17 Pro and Pro Max. The exact size cannot be independently verified from these shared retailer photographs. Exact-model photos are withheld pending a suitable source."
"gh-telefonika-apple-iphone-17-pro-1sim-52267792105748","Apple iPhone 17 Pro (1SIM) — 1TB / Silver","phones","0","5","5","configuration_mismatch","Telefonika reuses image URLs across iPhone 17 Pro and Pro Max. The exact size cannot be independently verified from these shared retailer photographs. Exact-model photos are withheld pending a suitable source."
"gh-telefonika-apple-iphone-17-pro-max-1sim-51391076892948","Apple iPhone 17 Pro Max (1SIM) — 256GB / Cosmic Orange","phones","0","5","5","configuration_mismatch","Telefonika reuses image URLs across iPhone 17 Pro and Pro Max. The exact size cannot be independently verified from these shared retailer photographs. Exact-model photos are withheld pending a suitable source."
"gh-telefonika-apple-iphone-17-pro-max-1sim-51420688515348","Apple iPhone 17 Pro Max (1SIM) — 256GB / Silver","phones","0","5","5","configuration_mismatch","Telefonika reuses image URLs across iPhone 17 Pro and Pro Max. The exact size cannot be independently verified from these shared retailer photographs. Exact-model photos are withheld pending a suitable source."
"gh-telefonika-apple-iphone-17-pro-max-1sim-51301360730388","Apple iPhone 17 Pro Max (1SIM) — 512GB / Deep Blue","phones","0","5","5","configuration_mismatch","Telefonika reuses image URLs across iPhone 17 Pro and Pro Max. The exact size cannot be independently verified from these shared retailer photographs. Exact-model photos are withheld pending a suitable source."
"gh-telefonika-apple-iphone-17-pro-max-1sim-51391076925716","Apple iPhone 17 Pro Max (1SIM) — 512GB / Cosmic Orange","phones","0","5","5","configuration_mismatch","Telefonika reuses image URLs across iPhone 17 Pro and Pro Max. The exact size cannot be independently verified from these shared retailer photographs. Exact-model photos are withheld pending a suitable source."
"gh-telefonika-apple-iphone-17-pro-max-1sim-51420688548116","Apple iPhone 17 Pro Max (1SIM) — 512GB / Silver","phones","0","5","5","configuration_mismatch","Telefonika reuses image URLs across iPhone 17 Pro and Pro Max. The exact size cannot be independently verified from these shared retailer photographs. Exact-model photos are withheld pending a suitable source."
"gh-telefonika-apple-iphone-17-pro-max-1sim-51420688580884","Apple iPhone 17 Pro Max (1SIM) — 1TB / Deep Blue","phones","0","5","5","configuration_mismatch","Telefonika reuses image URLs across iPhone 17 Pro and Pro Max. The exact size cannot be independently verified from these shared retailer photographs. Exact-model photos are withheld pending a suitable source."
"gh-telefonika-apple-iphone-17-pro-max-1sim-51420688613652","Apple iPhone 17 Pro Max (1SIM) — 1TB / Cosmic Orange","phones","0","5","5","configuration_mismatch","Telefonika reuses image URLs across iPhone 17 Pro and Pro Max. The exact size cannot be independently verified from these shared retailer photographs. Exact-model photos are withheld pending a suitable source."
"gh-telefonika-apple-iphone-17-pro-max-1sim-51420688646420","Apple iPhone 17 Pro Max (1SIM) — 1TB / Silver","phones","0","5","5","configuration_mismatch","Telefonika reuses image URLs across iPhone 17 Pro and Pro Max. The exact size cannot be independently verified from these shared retailer photographs. Exact-model photos are withheld pending a suitable source."
"gh-telefonika-apple-iphone-17-pro-max-1sim-51420688679188","Apple iPhone 17 Pro Max (1SIM) — 2TB / Deep Blue","phones","0","5","5","configuration_mismatch","Telefonika reuses image URLs across iPhone 17 Pro and Pro Max. The exact size cannot be independently verified from these shared retailer photographs. Exact-model photos are withheld pending a suitable source."
"gh-telefonika-apple-iphone-17-pro-max-1sim-51420688711956","Apple iPhone 17 Pro Max (1SIM) — 2TB / Cosmic Orange","phones","0","5","5","configuration_mismatch","Telefonika reuses image URLs across iPhone 17 Pro and Pro Max. The exact size cannot be independently verified from these shared retailer photographs. Exact-model photos are withheld pending a suitable source."
"gh-telefonika-apple-iphone-17-pro-max-1sim-51420688744724","Apple iPhone 17 Pro Max (1SIM) — 2TB / Silver","phones","0","5","5","configuration_mismatch","Telefonika reuses image URLs across iPhone 17 Pro and Pro Max. The exact size cannot be independently verified from these shared retailer photographs. Exact-model photos are withheld pending a suitable source."
